Locality,City,Project Name,Price (INR),Area (SqFt),Price/SqFt,BHK,Bathrooms,Property Type,Furnishing,Source,Scraped At
Abids,Hyderabad,"4 BHK Flat for Sale in Abids, Hyderabad",43099999.99999999,3385.0,12732.64401772526,3,4,Apartment,,,
Abids,Hyderabad,3 BHK 2025 Sq. Ft. Apartment,24100000.0,2025.0,11901.23456790123,3,3,Apartment,,,
Abids,Hyderabad,3 BHK 1868 Sq. Ft. Apartment,21000000.0,1868.0,11241.97002141328,3,3,Apartment,,,
Abids,Hyderabad,4 BHK 2530 Sq. Ft. Apartment,28500000.0,2530.0,11264.82213438735,4,3,Apartment,,,
Abids,Hyderabad,4 BHK 2635 Sq. Ft. Apartment,31500000.0,2635.0,11954.45920303605,4,4,Apartment,,,
"Abids, Hyderabad",Hyderabad,"3 BHK Flat for Sale in Abids, Hyderabad",6300000.0,1038.0,6069.364161849711,2,2,Apartment,,,
"Abids, Hyderabad",Hyderabad,"Showroom for Sale in Abids, Hyderabad",48700000.0,2865.0,16998.25479930192,6,4,Apartment,,,
Abids,Hyderabad,3 BHK 2125 Sq. Ft. Apartment,25360000.0,2125.0,11934.11764705882,3,3,Apartment,,,
Abids,Hyderabad,4 BHK 3500 Sq. Ft. Apartment,63180000.0,3500.0,18051.42857142857,4,5,Apartment,,,
Abids,Hyderabad,,28393436.88031823,2082.34965034965,13635.28784685638,3,3,Apartment,,,
"Abids, Hyderabad",Hyderabad,"Showroom for Sale in Abids, Hyderabad",32400000.0,2025.0,16000.0,3,4,Apartment,,,
"Abids, Hyderabad",Hyderabad,"3 BHK Flat for Sale in Abids, Hyderabad",21800000.0,1716.0,12703.9627039627,3,3,Apartment,,,
"Abids, Hyderabad",Hyderabad,"Showroom for Sale in Abids, Hyderabad",54400000.00000001,3200.0,17000.0,4,5,Apartment,,,
"Abids, Hyderabad",Hyderabad,"4 BHK Flat for Sale in Abids, Hyderabad",17500000.0,2640.0,6628.787878787879,5,4,Apartment,,,
"Abids, Hyderabad",Hyderabad,"4 BHK Flat for Sale in Abids, Hyderabad",42800000.0,3361.0,12734.3052662898,3,4,Apartment,,,
"Abids, Hyderabad",Hyderabad,"3 BHK Flat for Sale in Abids, Hyderabad",16500000.0,2640.0,6250.0,5,3,Apartment,,,
"Abids, Hyderabad",Hyderabad,"Office Space for Sale in Abids, Hyderabad",222800000.0,7240.0,58011.04972375691,5,5,Apartment,,,
"Abids, Hyderabad",Hyderabad,"4 BHK House for Sale in Abids, Hyderabad",70000000.0,306.0,228758.1699346405,5,4,House,,,
"Abids, Hyderabad",Hyderabad,"3 BHK Flat for Sale in Abids, Hyderabad",31300000.0,2458.0,12733.93002441009,3,3,Apartment,,,
"Abids, Hyderabad",Hyderabad,"4 BHK Flat for Sale in Abids, Hyderabad",51600000.0,4050.0,12740.74074074074,3,4,Apartment,,,
"Abids, Hyderabad",Hyderabad,"3 BHK Flat for Sale in Abids, Hyderabad",25300000.0,1985.0,12745.5919395466,3,3,Apartment,,,
"Abids, Hyderabad",Hyderabad,"3 BHK Flat for Sale in Abids, Hyderabad",26700000.0,2100.0,12714.28571428571,3,3,Apartment,,,
"Abids, Hyderabad",Hyderabad,"Plot for Sale in Abids, Hyderabad",124500000.0,415.0,295051.2315086969,2,3,Apartment,,,
"Abids, Hyderabad",Hyderabad,"2 BHK Flat for Sale in Abids, Hyderabad",6100000.0,1100.0,5545.454545454545,2,2,Apartment,,,
"Abids, Hyderabad",Hyderabad,"4 BHK House for Sale in Abids, Hyderabad",16000000.0,2640.0,6060.606060606061,5,4,House,,,
Abids,Hyderabad,"4 BHK Flat for Sale in Gun Foundry, Hyderabad",70000000.0,4446.0,15744.48942869996,5,4,Apartment,,,
Abids,Hyderabad,"4 BHK Flat for Sale in Gun Foundry, Hyderabad",60000000.0,4109.0,14602.09296665855,3,4,Apartment,,,
Abids,Hyderabad,"4 BHK Flat for Sale in Gun Foundry, Hyderabad",80000000.0,4446.0,17993.70220422852,5,4,Apartment,,,
Abids,Hyderabad,"4 BHK Flat for Sale in Gun Foundry, Hyderabad",65000000.0,4109.0,15818.93404721343,3,4,Apartment,,,
Abids,Hyderabad,"4 BHK Flat for Sale in Gun Foundry, Hyderabad",69000000.0,4109.0,16792.40691165734,3,4,Apartment,,,
Abids,Hyderabad,"4 BHK Flat for Sale in Gun Foundry, Hyderabad",70000000.0,4109.0,17035.77512776831,3,4,Apartment,,,
Abids,Hyderabad,"4 BHK Flat for Sale in Gun Foundry, Hyderabad",59200000.0,4231.0,13991.96407468684,3,4,Apartment,,,
Abids,Hyderabad,"4 BHK Flat for Sale in Gun Foundry, Hyderabad",62200000.0,4446.0,13990.10346378768,5,4,Apartment,,,
Abids,Hyderabad,"4 BHK Flat for Sale in Gun Foundry, Hyderabad",53300000.0,4110.0,12968.3698296837,3,3,Apartment,,,
Abids,Hyderabad,"4 BHK Flat for Sale in Gun Foundry, Hyderabad",54400000.00000001,4188.0,12989.49379178606,3,3,Apartment,,,
Abids,Hyderabad,"4 BHK Flat for Sale in Gun Foundry, Hyderabad",57699999.99999999,4446.0,12977.95771479982,5,3,Apartment,,,
Alwal,Hyderabad,"Plot for Sale in Alwal, Hyderabad",9500000.0,120.0,79166.66666666667,5,6,Villa,,,
"Alwal, Hyderabad",Hyderabad,"Plot for Sale in Alwal, Hyderabad",9500000.0,120.0,79166.66666666667,5,4,Apartment,,,
"Alwal, Hyderabad",Hyderabad,"6 BHK House for Sale in Alwal, Hyderabad",30000000.0,160.0,187500.0,5,6,House,,,
"Alwal, Hyderabad",Hyderabad,"Plot for Sale in Alwal, Hyderabad",20800000.0,260.0,80000.0,5,3,Apartment,,,
Alwal,Hyderabad,"— Bingari Arun Kumar, Tenant",28393436.88031823,2082.34965034965,13635.28784685638,3,3,Apartment,,,
Alwal,Hyderabad,,28393436.88031823,2082.34965034965,13635.28784685638,3,3,Apartment,,,
Alwal,Hyderabad,"3 BHK Villa for Sale in Alwal, Hyderabad",9900000.0,1600.0,6187.5,3,3,Villa,,,
"Alwal, Hyderabad",Hyderabad,"6 BHK House for Sale in Alwal, Hyderabad",32000000.0,180.0,177777.7777777778,5,6,House,,,
"Alwal, Hyderabad",Hyderabad,"5 BHK Villa for Sale in Alwal, Hyderabad",27500000.0,4100.0,6707.317073170731,3,6,Villa,,,
"Alwal, Hyderabad",Hyderabad,"1 BHK House for Sale in Alwal, Hyderabad",7000000.0,870.2,8044.127786715697,2,1,House,,,
"Alwal, Hyderabad",Hyderabad,"Plot for Sale in Alwal, Hyderabad",17300000.0,267.0,64794.0074906367,5,3,Apartment,,,
"Alwal, Hyderabad",Hyderabad,"3 BHK House for Sale in Alwal, Hyderabad",12900000.0,2300.0,5608.695652173913,3,3,House,,,
Alwal,Hyderabad,"3 BHK Flat for Sale in Alwal, Hyderabad",8500000.0,1460.0,5821.917808219178,3,3,Apartment,,,
"Alwal, Hyderabad",Hyderabad,"2 BHK House for Sale in Alwal, Hyderabad",17400000.0,175.0,99428.57142857143,5,3,House,,,
"Alwal, Hyderabad",Hyderabad,"4 BHK House for Sale in Alwal, Hyderabad",30000000.0,4800.0,6250.0,5,6,House,,,
Amberpet,Hyderabad,"Plot for Sale in Amberpet, Hyderabad",18000000.0,123.0,146341.4634146341,5,3,House,,,
"Amberpet, Hyderabad",Hyderabad,"Plot for Sale in Amberpet, Hyderabad",18000000.0,123.0,146341.4634146341,5,4,Apartment,,,
"Amberpet, Hyderabad",Hyderabad,"Shop for Sale in Amberpet, Hyderabad",110000000.0,452.0,243362.8318584071,1,3,Apartment,,,
"Amberpet, Hyderabad",Hyderabad,"3 BHK House for Sale in Amberpet, Hyderabad",13000000.0,170.0,76470.58823529411,5,3,House,,,
Amberpet,Hyderabad,,28393436.88031823,2082.34965034965,13635.28784685638,3,3,Apartment,,,
"Amberpet, Hyderabad",Hyderabad,"2 BHK Flat for Sale in Amberpet, Hyderabad",6609999.999999999,900.0,7344.444444444443,2,2,Apartment,,,
"Amberpet, Hyderabad",Hyderabad,"Showroom for Sale in Amberpet, Hyderabad",1100000.0,452.0,2433.628318584071,1,3,Apartment,,,
"Amberpet, Hyderabad",Hyderabad,"Plot for Sale in Amberpet, Hyderabad",11200000.0,154.0,72727.27272727274,5,3,Apartment,,,
"Amberpet, Hyderabad",Hyderabad,"Plot for Sale in Amberpet, Hyderabad",18000000.0,120.0,150000.0,5,4,Apartment,,,
"Amberpet, Hyderabad",Hyderabad,"3 BHK Flat for Sale in Amberpet, Hyderabad",8600000.0,1170.0,7350.427350427351,2,3,Apartment,,,
"Amberpet, Hyderabad",Hyderabad,"6+ BHK House for Sale in Amberpet, Hyderabad",95000000.0,7000.0,13571.42857142857,4,6,House,,,
"Amberpet, Hyderabad",Hyderabad,"Plot for Sale in Amberpet, Hyderabad",11200000.0,150.0,74666.66666666669,5,3,Apartment,,,
"Amberpet, Hyderabad",Hyderabad,"Plot for Sale in Amberpet, Hyderabad",95000000.0,484.0,196280.9917355372,1,3,Apartment,,,
"Hathiguda, Hyderabad",Hyderabad,"2 BHK Flat for Sale in Hathiguda, Hyderabad",6000000.0,1225.0,4897.959183673469,3,1,House,,,
"Ramanthapur, Hyderabad",Hyderabad,"3 BHK Flat for Sale in Ramanthapur, Hyderabad",7600000.0,1340.0,5671.641791044776,2,3,Apartment,,,
"Kondamadugu, Hyderabad",Hyderabad,"Plot for Sale in Kondamadugu, Hyderabad",4200000.0,300.0,14000.0,5,3,Apartment,,,
"New Nallakunta, Hyderabad",Hyderabad,"2 BHK Flat for Sale in New Nallakunta, Hyderabad",9000000.0,960.0,9375.0,2,2,Apartment,,,
"Ramanthapur, Hyderabad",Hyderabad,"3 BHK Flat for Sale in Ramanthapur, Hyderabad",13200000.0,2000.0,6600.0,3,2,Apartment,,,
"Ramanthapur, Hyderabad",Hyderabad,"Plot for Sale in Ramanthapur, Hyderabad",11000000.0,150.0,73333.33333333333,5,3,Apartment,,,
"Vidyanagar, Hyderabad",Hyderabad,"6+ BHK House for Sale in Vidyanagar, Hyderabad",39000000.0,266.0,146616.5413533835,5,3,House,,,
"Ramanthapur, Hyderabad",Hyderabad,"Land for Sale in Ramanthapur, Hyderabad",38600000.0,4881.0,7908.215529604589,5,5,Apartment,,,
"Ramanthapur, Hyderabad",Hyderabad,"Shop for Sale in Ramanthapur, Hyderabad",43000000.0,372.0,115591.3978494624,2,3,Apartment,,,
"Tilak Road, Hyderabad",Hyderabad,"Plot for Sale in Tilak Road, Hyderabad",28393436.88031823,2082.34965034965,13635.28784685638,3,3,Apartment,,,
Amberpet,Hyderabad,"3 BHK Flat for Sale in Habsiguda, Hyderabad",14500000.0,1570.0,9235.668789808917,3,3,Apartment,,,
"Habsiguda, Hyderabad",Hyderabad,"3 BHK House for Sale in Habsiguda, Hyderabad",22500000.0,142.0,158450.7042253521,5,4,House,,,
"Habsiguda, Hyderabad",Hyderabad,"Office Space for Sale in Habsiguda, Hyderabad",37000000.0,3527.2,10489.90700839193,4,3,Apartment,,,
"Habsiguda, Hyderabad",Hyderabad,"Plot for Sale in Habsiguda, Hyderabad",14500000.0,600.0,24166.66666666667,1,2,Apartment,,,
"Habsiguda, Hyderabad",Hyderabad,"3 BHK Flat for Sale in Habsiguda, Hyderabad",14600000.0,1951.0,7483.341875961046,3,3,Apartment,,,
Ameenpur,Hyderabad,"2.5 BHK Flat for Sale in Ameenpur, Hyderabad",9500000.0,729.0,13031.5500685871,4,2,Apartment,,,
Ameenpur,Hyderabad,3 BHK 2350 Sq. Ft. Apartment,28200000.0,2350.0,12000.0,3,3,Apartment,,,
Ameenpur,Hyderabad,3 BHK 2650 Sq. Ft. Apartment,31800000.0,2650.0,12000.0,3,4,Apartment,,,
Ameenpur,Hyderabad,4 BHK 2800 Sq. Ft. Apartment,33600000.0,2800.0,12000.0,4,4,Apartment,,,
Ameenpur,Hyderabad,4 BHK 3600 Sq. Ft. Apartment,43200000.0,3600.0,12000.0,4,4,Apartment,,,
Ameenpur,Hyderabad,"2 BHK Flat for Sale in Ameenpur, Hyderabad",6370000.0,1100.0,5790.909090909091,2,2,Apartment,,,
Ameenpur,Hyderabad,3 BHK 2850 Sq. Ft. Apartment,29900000.0,2850.0,10491.22807017544,3,4,Apartment,,,
Ameenpur,Hyderabad,4 BHK 3303 Sq. Ft. Apartment,34700000.0,3303.0,10505.60096881623,4,4,Apartment,,,
Ameenpur,Hyderabad,4 BHK 3850 Sq. Ft. Apartment,40400000.0,3850.0,10493.50649350649,4,4,Apartment,,,
Ameenpur,Hyderabad,,28393436.88031823,2082.34965034965,13635.28784685638,3,3,Apartment,,,
Ameenpur,Hyderabad,"2.5 BHK Flat for Sale in Ameenpur, Hyderabad",9500000.0,1039.0,9143.407122232917,2,2,Apartment,,,
Ameenpur,Hyderabad,"2.5 BHK Flat for Sale in Ameenpur, Hyderabad",10600000.0,1039.0,10202.11742059673,2,2,Apartment,,,
Ameenpur,Hyderabad,"2 BHK Flat for Sale in Ameenpur, Hyderabad",7000000.0,918.0,7625.272331154684,2,2,Apartment,,,
Ameenpur,Hyderabad,3 BHK 2180 Sq. Ft. Apartment,20900000.0,2180.0,9587.155963302752,3,4,Apartment,,,
Ameenpur,Hyderabad,3 BHK 1750 Sq. Ft. Apartment,16800000.0,1750.0,9600.0,3,3,Apartment,,,
Ameenpur,Hyderabad,4 BHK 3020 Sq. Ft. Apartment,29000000.0,3020.0,9602.649006622516,4,4,Apartment,,,
"Ameenpur, Hyderabad",Hyderabad,"2 BHK Flat for Sale in Ameenpur, Hyderabad",8059999.999999999,1300.0,6199.999999999999,3,2,Apartment,,,
Ameenpur,Hyderabad,"6 BHK House for Sale in Ameenpur, Hyderabad",20000000.0,3900.0,5128.205128205128,3,5,House,,,
"Ameenpur, Hyderabad",Hyderabad,"3 BHK Flat for Sale in Ameenpur, Hyderabad",10000000.0,1700.0,5882.35294117647,3,3,Apartment,,,
Ameenpur,Hyderabad,3 BHK 2003 Sq. Ft. Apartment,23000000.0,2003.0,11482.77583624563,3,3,Apartment,,,
Ameenpur,Hyderabad,3 BHK 2870 Sq. Ft. Apartment,33000000.0,2870.0,11498.25783972126,3,4,Apartment,,,
Ameenpur,Hyderabad,4 BHK 3500 Sq. Ft. Apartment,40300000.0,3500.0,11514.28571428571,4,4,Apartment,,,
Ameenpur,Hyderabad,4 BHK 4037 Sq. Ft. Apartment,46400000.0,4037.0,11493.68342828833,4,4,Apartment,,,
Ameenpur,Hyderabad,"2 BHK Flat for Sale in Ameenpur, Hyderabad",6900000.0,1335.0,5168.539325842697,1,2,Apartment,,,
"Ameenpur, Hyderabad",Hyderabad,"3 BHK Villa for Sale in Ameenpur, Hyderabad",25800000.0,1927.0,13388.68707836015,3,3,Villa,,,
Ameenpur,Hyderabad,"2 BHK Flat for Sale in Ameenpur, Hyderabad",5600000.0,875.0,6400.0,2,2,Apartment,,,
Ameenpur,Hyderabad,3 BHK 1796 Sq. Ft. Apartment,18000000.0,1796.0,10022.27171492205,3,2,Apartment,,,
Ameenpur,Hyderabad,3 BHK 2124 Sq. Ft. Apartment,21200000.0,2124.0,9981.167608286252,3,4,Apartment,,,
Ameenpur,Hyderabad,4 BHK 2708 Sq. Ft. Apartment,27100000.0,2708.0,10007.38552437223,4,3,Apartment,,,
"Ameenpur, Hyderabad",Hyderabad,"2 BHK Flat for Sale in Ameenpur, Hyderabad",8676000.0,1335.0,6498.876404494382,1,2,Apartment,,,
Ameenpur,Hyderabad,"2 BHK Flat for Sale in Ameenpur, Hyderabad",8000000.0,1335.0,5992.509363295881,1,2,Apartment,,,
Ameenpur,Hyderabad,"2 BHK Flat for Sale in Ameenpur, Hyderabad",7500000.0,1150.0,6521.739130434783,3,2,Apartment,,,
Ameenpur,Hyderabad,2 BHK 1296 Sq. Ft. Apartment,11300000.0,1296.0,8719.135802469134,2,2,Apartment,,,
Ameenpur,Hyderabad,2 BHK 1340 Sq. Ft. Apartment,11700000.0,1340.0,8731.34328358209,2,2,Apartment,,,
Ameenpur,Hyderabad,3 BHK 1909 Sq. Ft. Apartment,16700000.0,1909.0,8748.035620743845,3,3,Apartment,,,
Ameenpur,Hyderabad,3 BHK 2044 Sq. Ft. Apartment,17900000.0,2044.0,8757.3385518591,3,3,Apartment,,,
Ameenpur,Hyderabad,"2 BHK Flat for Sale in Ameenpur, Hyderabad",7100000.0,1100.0,6454.545454545455,2,2,Apartment,,,
Ameenpur,Hyderabad,"2 BHK Flat for Sale in Ameenpur, Hyderabad",6500000.0,1150.0,5652.173913043478,3,2,Apartment,,,
"Ameenpur, Hyderabad",Hyderabad,"5 BHK Villa for Sale in Ameenpur, Hyderabad",25000000.0,4158.0,6012.506012506013,3,5,Villa,,,
Ameenpur,Hyderabad,3 BHK 1601 Sq. Ft. Apartment,15200000.0,1601.0,9494.066208619612,3,3,Apartment,,,
Ameenpur,Hyderabad,3 BHK 2656 Sq. Ft. Apartment,25200000.0,2656.0,9487.951807228916,3,4,Apartment,,,
Ameenpur,Hyderabad,3 BHK 2064 Sq. Ft. Apartment,19600000.0,2064.0,9496.124031007752,3,3,Apartment,,,
Ameenpur,Hyderabad,3 BHK 1537 Sq. Ft. Apartment,14600000.0,1537.0,9499.024072869226,3,3,Apartment,,,
"Ameenpur, Hyderabad",Hyderabad,"4 BHK House for Sale in Ameenpur, Hyderabad",15500000.0,133.0,116541.3533834586,5,5,House,,,
"Ameenpur, Hyderabad",Hyderabad,"2 BHK Builder Floor for Sale in Ameenpur, Hyderabad",5510000.0,1056.0,5217.80303030303,2,2,Apartment,,,
"Ameenpur, Hyderabad",Hyderabad,"3 BHK Villa for Sale in Ameenpur, Hyderabad",19000000.0,226.0,84070.79646017699,5,4,Villa,,,
"Ameenpur, Hyderabad",Hyderabad,"2 BHK House for Sale in Ameenpur, Hyderabad",12000000.0,150.0,80000.0,5,2,House,,,
"Ameenpur, Hyderabad",Hyderabad,"2.5 BHK Flat for Sale in Ameenpur, Hyderabad",10500000.0,1333.0,7876.969242310578,1,2,Apartment,,,
Asif,Hyderabad,"6+ BHK House for Sale in Asif Nagar, Hyderabad",27000000.0,180.0,150000.0,5,4,Apartment,,,
Asif Nagar,Hyderabad,3 BHK 2025 Sq. Ft. Apartment,24100000.0,2025.0,11901.23456790123,3,3,Apartment,,,
Asif Nagar,Hyderabad,3 BHK 1868 Sq. Ft. Apartment,21000000.0,1868.0,11241.97002141328,3,3,Apartment,,,
Asif Nagar,Hyderabad,4 BHK 2530 Sq. Ft. Apartment,28500000.0,2530.0,11264.82213438735,4,3,Apartment,,,
Asif Nagar,Hyderabad,4 BHK 2635 Sq. Ft. Apartment,31500000.0,2635.0,11954.45920303605,4,4,Apartment,,,
"Kishan Nagar, Hyderabad",Hyderabad,"Plot for Sale in Kishan Nagar, Hyderabad",2400000.0,150.0,16000.0,5,3,Apartment,,,
Asif Nagar,Hyderabad,3 BHK 2125 Sq. Ft. Apartment,25360000.0,2125.0,11934.11764705882,3,3,Apartment,,,
Asif Nagar,Hyderabad,4 BHK 3500 Sq. Ft. Apartment,63180000.0,3500.0,18051.42857142857,4,5,Apartment,,,
Asif Nagar,Hyderabad,,28393436.88031823,2082.34965034965,13635.28784685638,3,3,Apartment,,,
"Kishan Nagar, Hyderabad",Hyderabad,"Plot for Sale in Kishan Nagar, Hyderabad",2400000.0,200.0,12000.0,5,3,Apartment,,,
"Kishan Nagar, Hyderabad",Hyderabad,"Plot for Sale in Kishan Nagar, Hyderabad",2650000.0,165.0,16060.60606060606,5,3,Apartment,,,
"Dattatreya Nagar, Hyderabad",Hyderabad,"Plot for Sale in Dattatreya Nagar, Hyderabad",31500000.0,605.0,52066.11570247934,1,2,Apartment,,,
"Vijayanagar Colony, Hyderabad",Hyderabad,"3 BHK House for Sale in Vijayanagar Colony, Hyderabad",22000000.0,167.0,131736.5269461078,5,3,Apartment,,,
"Vijayanagar Colony, Hyderabad",Hyderabad,"3 BHK House for Sale in Vijayanagar Colony, Hyderabad",4986000.0,165.0,30218.18181818182,5,3,House,,,
"Mehdipatnam, Hyderabad",Hyderabad,"3 BHK Flat for Sale in Mehdipatnam, Hyderabad",9300000.0,1446.0,6431.535269709543,3,3,Apartment,,,
"Murad Nagar, Hyderabad",Hyderabad,"3 BHK Flat for Sale in Murad Nagar, Hyderabad",9200000.0,1446.0,6362.378976486861,3,3,Apartment,,,
"Nampalli, Hyderabad",Hyderabad,"Plot for Sale in Nampalli, Hyderabad",1000000.0,258.0,3875.968992248062,5,3,Apartment,,,
Asif Nagar,Hyderabad,"3 BHK Flat for Sale in Lakdi Ka Pul, Hyderabad",20000000.0,1976.0,10121.45748987854,3,3,Apartment,,,
"Lakdi Ka Pul, Hyderabad",Hyderabad,"1 BHK Flat for Sale in Lakdi Ka Pul, Hyderabad",4200000.0,750.0,5600.0,3,1,Apartment,,,
"Humayun Nagar, Hyderabad",Hyderabad,"3 BHK Flat for Sale in Humayun Nagar, Hyderabad",11000000.0,1530.0,7189.542483660131,3,1,Apartment,,,
"Humayun Nagar, Hyderabad",Hyderabad,"Studio Flat for Sale in Humayun Nagar, Hyderabad",4500000.0,619.0,7269.789983844911,2,1,Apartment,,,
"Mehdipatnam, Hyderabad",Hyderabad,"4 BHK House for Sale in Mehdipatnam, Hyderabad",46000000.0,270.0,170370.3703703704,5,4,House,,,
Asif Nagar,Hyderabad,"3 BHK Flat for Sale in Lakdi Ka Pul, Hyderabad",19000000.0,1875.0,10133.33333333333,3,2,Apartment,,,
Asif Nagar,Hyderabad,"2 BHK Flat for Sale in Mehdipatnam, Hyderabad",7100000.0,956.0,7426.778242677824,2,2,Apartment,,,
"Masab Tank, Hyderabad",Hyderabad,"3 BHK Flat for Sale in Masab Tank, Hyderabad",11400000.0,1440.0,7916.666666666665,3,3,Apartment,,,
"Gudimalkapur, Hyderabad",Hyderabad,"3 BHK Flat for Sale in Gudimalkapur, Hyderabad",8800000.0,1350.0,6518.518518518518,3,2,Apartment,,,
Asif Nagar,Hyderabad,"3 BHK Flat for Sale in Masab Tank, Hyderabad",20000000.0,1887.0,10598.83412824589,3,3,Apartment,,,
"Shanthi Nagar, Hyderabad",Hyderabad,"3 BHK Flat for Sale in Shanthi Nagar, Hyderabad",22200000.0,1855.0,11967.65498652291,3,3,Apartment,,,
"Mehdipatnam, Hyderabad",Hyderabad,"3 BHK Flat for Sale in Mehdipatnam, Hyderabad",7500000.0,1200.0,6250.0,2,3,Apartment,,,
"Lakdi Ka Pul, Hyderabad",Hyderabad,"3 BHK Flat for Sale in Lakdi Ka Pul, Hyderabad",18000000.0,1811.0,9939.260077305356,3,2,Apartment,,,
"Lakdi Ka Pul, Hyderabad",Hyderabad,"3 BHK Flat for Sale in Lakdi Ka Pul, Hyderabad",18000000.0,1853.0,9713.977334052886,3,3,Apartment,,,
Attapur,Hyderabad,"3 BHK Flat for Sale in Attapur, Hyderabad",26200000.0,2680.0,9776.119402985074,5,3,Apartment,,,
Attapur,Hyderabad,3 BHK 2231 Sq. Ft. Apartment,16300000.0,2231.0,7306.140744060958,3,4,Apartment,,,
Attapur,Hyderabad,3 BHK 2386 Sq. Ft. Apartment,17400000.0,2386.0,7292.539815590947,3,3,Apartment,,,
Attapur,Hyderabad,4 BHK 2791 Sq. Ft. Apartment,20400000.0,2791.0,7309.208169115012,4,4,Apartment,,,
Attapur,Hyderabad,4 BHK 3720 Sq. Ft. Apartment,27200000.0,3720.0,7311.827956989248,4,4,Apartment,,,
"Attapur, Hyderabad",Hyderabad,"3 BHK Flat for Sale in Attapur, Hyderabad",11000000.0,1230.0,8943.08943089431,3,2,Apartment,,,
"Attapur, Hyderabad",Hyderabad,"2 BHK Flat for Sale in Attapur, Hyderabad",14000000.0,2025.0,6913.580246913581,3,3,Apartment,,,
Attapur,Hyderabad,2 BHK 1352 Sq. Ft. Apartment,12200000.0,1352.0,9023.668639053254,2,2,Apartment,,,
Attapur,Hyderabad,3 BHK 1680 Sq. Ft. Apartment,15100000.0,1680.0,8988.095238095239,3,3,Apartment,,,
Attapur,Hyderabad,3 BHK 2017 Sq. Ft. Apartment,18200000.0,2017.0,9023.3019335647,3,3,Apartment,,,
Attapur,Hyderabad,4 BHK 2904 Sq. Ft. Apartment,26100000.0,2904.0,8987.603305785124,4,4,Apartment,,,
Attapur,Hyderabad,4 BHK 3571 Sq. Ft. Apartment,32100000.0,3571.0,8989.078689442733,4,4,Apartment,,,
Know More About Attapur,Hyderabad,"— Md Ghouse, Real estate agent",28393436.88031823,2082.34965034965,13635.28784685638,3,3,Apartment,,,
Attapur,Hyderabad,,28393436.88031823,2082.34965034965,13635.28784685638,3,3,Apartment,,,
"Attapur, Hyderabad",Hyderabad,"3 BHK Flat for Sale in Attapur, Hyderabad",18500000.0,2300.0,8043.478260869565,3,3,Apartment,,,
Attapur,Hyderabad,"3 BHK Flat for Sale in Attapur, Hyderabad",20800000.0,2680.0,7761.194029850746,5,3,Apartment,,,
Attapur,Hyderabad,3 BHK 1571 Sq. Ft. Apartment,12900000.0,1571.0,8211.330362826226,3,3,Apartment,,,
Attapur,Hyderabad,3 BHK 2101 Sq. Ft. Apartment,17200000.0,2101.0,8186.577820085674,3,4,Apartment,,,
Attapur,Hyderabad,4 BHK 2407 Sq. Ft. Apartment,19700000.0,2407.0,8184.461985874533,4,4,Apartment,,,
Attapur,Hyderabad,4 BHK 3233 Sq. Ft. Apartment,26500000.0,3233.0,8196.72131147541,4,4,Apartment,,,
Attapur,Hyderabad,"3 BHK Flat for Sale in Attapur, Hyderabad",14000000.0,1604.0,8728.179551122195,3,3,Apartment,,,
Attapur,Hyderabad,"2 BHK Flat for Sale in Attapur, Hyderabad",8700000.0,1249.0,6965.572457966373,3,2,Apartment,,,
Attapur,Hyderabad,3 BHK 2290 Sq. Ft. Apartment,17400000.0,2290.0,7598.25327510917,3,3,Apartment,,,
Attapur,Hyderabad,3 BHK 2875 Sq. Ft. Apartment,21900000.0,2875.0,7617.391304347826,3,4,Apartment,,,
Attapur,Hyderabad,4 BHK 3370 Sq. Ft. Apartment,25600000.0,3370.0,7596.439169139466,4,4,Apartment,,,
Attapur,Hyderabad,4 BHK 4100 Sq. Ft. Apartment,31200000.0,4100.0,7609.756097560976,4,4,Apartment,,,
"Attapur, Hyderabad",Hyderabad,"2 BHK Flat for Sale in Attapur, Hyderabad",6500000.0,1170.0,5555.555555555556,2,1,Apartment,,,
Attapur,Hyderabad,"3 BHK Flat for Sale in Attapur, Hyderabad",10000000.0,1500.0,6666.666666666667,3,3,Apartment,,,
Attapur,Hyderabad,5 BHK 10634 Sq. Ft. Villa,152460000.0,10200.0,14337.03216099304,5,4,Villa,,,
Attapur,Hyderabad,5 BHK 11635 Sq. Ft. Villa,133160000.0,10200.0,11444.77868500215,5,3,Villa,,,
"Attapur, Hyderabad",Hyderabad,"6+ BHK House for Sale in Attapur, Hyderabad",40000000.0,250.0,160000.0,5,6,House,,,
"Attapur, Hyderabad",Hyderabad,"3 BHK House for Sale in Attapur, Hyderabad",16000000.0,185.0,86486.48648648648,5,2,House,,,
Attapur,Hyderabad,2 BHK 1179 Sq. Ft. Apartment,11100000.0,1179.0,9414.758269720103,2,2,Apartment,,,
Attapur,Hyderabad,2 BHK 1548 Sq. Ft. Apartment,14500000.0,1548.0,9366.925064599483,2,3,Apartment,,,
Attapur,Hyderabad,3 BHK 1631 Sq. Ft. Apartment,15300000.0,1631.0,9380.74800735745,3,3,Apartment,,,
Attapur,Hyderabad,3 BHK 2433 Sq. Ft. Apartment,22800000.0,2433.0,9371.1467324291,3,4,Apartment,,,
Attapur,Hyderabad,4 BHK 3348 Sq. Ft. Apartment,31400000.0,3348.0,9378.73357228196,4,4,Apartment,,,
Attapur,Hyderabad,4 BHK 3400 Sq. Ft. Apartment,31900000.0,3400.0,9382.35294117647,4,4,Apartment,,,
Attapur,Hyderabad,"3 BHK Flat for Sale in Attapur, Hyderabad",222800000.0,2680.0,97014.92537313432,5,3,Apartment,,,
"Attapur, Hyderabad",Hyderabad,"Plot for Sale in Attapur, Hyderabad",51000000.0,444.0,114864.8648648649,1,3,Apartment,,,
Attapur,Hyderabad,4 BHK 3591 Sq. Ft. Villa,69300000.0,3591.0,19298.24561403509,4,4,Villa,,,
Attapur,Hyderabad,5 BHK 5700 Sq. Ft. Villa,110000000.0,5700.0,19298.24561403509,5,4,Villa,,,
Attapur,Hyderabad,5 BHK 6932 Sq. Ft. Villa,133800000.0,6932.0,19301.78880553953,5,4,Villa,,,
Attapur,Hyderabad,"3 BHK Flat for Sale in Attapur, Hyderabad",20000000.0,1976.0,10121.45748987854,3,2,Apartment,,,
"Attapur, Hyderabad",Hyderabad,"2 BHK Flat for Sale in Attapur, Hyderabad",7500000.0,1110.0,6756.756756756757,2,2,Apartment,,,
Attapur,Hyderabad,4 BHK 2800 Sq. Ft. Villa,32000000.0,2800.0,11428.57142857143,4,4,Villa,,,
Attapur,Hyderabad,4 BHK 2804 Sq. Ft. Villa,32000000.0,2804.0,11412.26818830242,4,4,Villa,,,
"Attapur, Hyderabad",Hyderabad,"Showroom for Sale in Attapur, Hyderabad",40000000.0,5120.0,7812.5,5,4,Apartment,,,
Locality,Hyderabad,"2 BHK Flat for Sale in Bachupally, Hyderabad",7580000.0,1285.0,5898.832684824903,2,2,Apartment,,,
Bachupally,Hyderabad,2 BHK 1110 Sq. Ft. Apartment,9024000.0,1110.0,8129.72972972973,2,2,Apartment,,,
Bachupally,Hyderabad,3 BHK 1353 Sq. Ft. Apartment,11000000.0,1353.0,8130.081300813008,3,2,Apartment,,,
Bachupally,Hyderabad,3 BHK 1617 Sq. Ft. Apartment,13100000.0,1617.0,8101.422387136673,3,3,Apartment,,,
Bachupally,Hyderabad,4 BHK 1914 Sq. Ft. Apartment,15600000.0,1914.0,8150.470219435737,4,3,Apartment,,,
Bachupally,Hyderabad,4 BHK 2021 Sq. Ft. Apartment,16400000.0,2021.0,8114.794656110836,4,3,Apartment,,,
Bachupally,Hyderabad,"2 BHK Flat for Sale in Bachupally, Hyderabad",8800000.0,1500.0,5866.666666666667,3,3,Apartment,,,
Bachupally,Hyderabad,"2 BHK Flat for Sale in Bachupally, Hyderabad",6959999.999999999,1160.0,5999.999999999999,2,2,Apartment,,,
Bachupally,Hyderabad,"2 BHK Flat for Sale in Bachupally, Hyderabad",6800000.0,1083.0,6278.855032317636,2,2,Apartment,,,
Bachupally,Hyderabad,"2.5 BHK Flat for Sale in Bachupally, Hyderabad",10500000.0,1333.0,7876.969242310578,1,2,Apartment,,,
Bachupally,Hyderabad,"3 BHK Flat for Sale in Bachupally, Hyderabad",13500000.0,1575.0,8571.42857142857,3,3,Apartment,,,
Bachupally,Hyderabad,"3 BHK Flat for Sale in Bachupally, Hyderabad",12300000.0,1554.0,7915.057915057915,3,3,Apartment,,,
Bachupally,Hyderabad,"2 BHK Flat for Sale in Bachupally, Hyderabad",8500000.0,1214.0,7001.647446457991,2,2,Apartment,,,
Bachupally,Hyderabad,3 BHK 2350 Sq. Ft. Apartment,28200000.0,2350.0,12000.0,3,3,Apartment,,,
Bachupally,Hyderabad,3 BHK 2650 Sq. Ft. Apartment,31800000.0,2650.0,12000.0,3,4,Apartment,,,
Bachupally,Hyderabad,4 BHK 2800 Sq. Ft. Apartment,33600000.0,2800.0,12000.0,4,4,Apartment,,,
Bachupally,Hyderabad,4 BHK 3600 Sq. Ft. Apartment,43200000.0,3600.0,12000.0,4,4,Apartment,,,
Know More About Bachupally,Hyderabad,"— Amod Patel, Former resident",28393436.88031823,2082.34965034965,13635.28784685638,3,3,Apartment,,,
Bachupally,Hyderabad,,28393436.88031823,2082.34965034965,13635.28784685638,3,3,Apartment,,,
Bachupally,Hyderabad,"3 BHK Flat for Sale in Bachupally, Hyderabad",11500000.0,1540.0,7467.532467532467,3,3,Apartment,,,
"Bachupally, Hyderabad",Hyderabad,"2.5 BHK Flat for Sale in Bachupally, Hyderabad",10500000.0,1333.0,7876.969242310578,1,2,Apartment,,,
"Bachupally, Hyderabad",Hyderabad,"3 BHK Flat for Sale in Bachupally, Hyderabad",10600000.0,1645.0,6443.768996960486,3,3,Apartment,,,
Bachupally,Hyderabad,3 BHK 2850 Sq. Ft. Apartment,29900000.0,2850.0,10491.22807017544,3,4,Apartment,,,
Bachupally,Hyderabad,4 BHK 3303 Sq. Ft. Apartment,34700000.0,3303.0,10505.60096881623,4,4,Apartment,,,
Bachupally,Hyderabad,4 BHK 3850 Sq. Ft. Apartment,40400000.0,3850.0,10493.50649350649,4,4,Apartment,,,
Bachupally,Hyderabad,"Plot for Sale in Bachupally, Hyderabad",37500000.0,417.0,89928.05755395684,1,3,Apartment,,,
Bachupally,Hyderabad,"2 BHK Flat for Sale in Bachupally, Hyderabad",6800000.0,875.0,7771.428571428572,2,2,Apartment,,,
Bachupally,Hyderabad,"3 BHK Flat for Sale in Bachupally, Hyderabad",13900000.0,1395.0,9964.157706093189,3,3,Apartment,,,
Bachupally,Hyderabad,3 BHK 2180 Sq. Ft. Apartment,20900000.0,2180.0,9587.155963302752,3,4,Apartment,,,
Bachupally,Hyderabad,3 BHK 1750 Sq. Ft. Apartment,16800000.0,1750.0,9600.0,3,3,Apartment,,,
Bachupally,Hyderabad,4 BHK 3020 Sq. Ft. Apartment,29000000.0,3020.0,9602.649006622516,4,4,Apartment,,,
Bachupally,Hyderabad,"3 BHK Flat for Sale in Bachupally, Hyderabad",11200000.0,1633.0,6858.542559706064,3,3,Apartment,,,
"Bachupally, Hyderabad",Hyderabad,"3 BHK Flat for Sale in Bachupally, Hyderabad",9558000.0,1620.0,5900.0,3,3,Apartment,,,
Bachupally,Hyderabad,"2 BHK Flat for Sale in Bachupally, Hyderabad",5900000.0,975.0,6051.282051282052,2,2,Apartment,,,
Bachupally,Hyderabad,3 BHK 2003 Sq. Ft. Apartment,23000000.0,2003.0,11482.77583624563,3,3,Apartment,,,
Bachupally,Hyderabad,3 BHK 2870 Sq. Ft. Apartment,33000000.0,2870.0,11498.25783972126,3,4,Apartment,,,
Bachupally,Hyderabad,4 BHK 3500 Sq. Ft. Apartment,40300000.0,3500.0,11514.28571428571,4,4,Apartment,,,
Bachupally,Hyderabad,4 BHK 4037 Sq. Ft. Apartment,46400000.0,4037.0,11493.68342828833,4,4,Apartment,,,
Bachupally,Hyderabad,"2 BHK Flat for Sale in Bachupally, Hyderabad",9000000.0,1285.0,7003.891050583657,2,2,Apartment,,,
Bachupally,Hyderabad,"3 BHK Villa for Sale in Bachupally, Hyderabad",24000000.0,2131.0,11262.31816048803,3,3,Villa,,,
"Bachupally, Hyderabad",Hyderabad,"3 BHK Flat for Sale in Bachupally, Hyderabad",9056000.0,1535.0,5899.674267100977,3,3,Apartment,,,
Bachupally,Hyderabad,3 BHK 1796 Sq. Ft. Apartment,18000000.0,1796.0,10022.27171492205,3,2,Apartment,,,
Bachupally,Hyderabad,3 BHK 2124 Sq. Ft. Apartment,21200000.0,2124.0,9981.167608286252,3,4,Apartment,,,
Bachupally,Hyderabad,4 BHK 2708 Sq. Ft. Apartment,27100000.0,2708.0,10007.38552437223,4,3,Apartment,,,
"Bachupally, Hyderabad",Hyderabad,"Plot for Sale in Bachupally, Hyderabad",19300000.0,220.0,87727.27272727272,5,3,Apartment,,,
"Bachupally, Hyderabad",Hyderabad,"2 BHK Flat for Sale in Bachupally, Hyderabad",8800000.0,1208.0,7284.76821192053,2,2,Apartment,,,
"Bachupally, Hyderabad",Hyderabad,"2 BHK Flat for Sale in Bachupally, Hyderabad",6900000.0,1150.0,6000.0,3,2,Apartment,,,
Bachupally,Hyderabad,2 BHK 1296 Sq. Ft. Apartment,11300000.0,1296.0,8719.135802469134,2,2,Apartment,,,
Bachupally,Hyderabad,2 BHK 1340 Sq. Ft. Apartment,11700000.0,1340.0,8731.34328358209,2,2,Apartment,,,
Bachupally,Hyderabad,3 BHK 1909 Sq. Ft. Apartment,16700000.0,1909.0,8748.035620743845,3,3,Apartment,,,
Bachupally,Hyderabad,3 BHK 2044 Sq. Ft. Apartment,17900000.0,2044.0,8757.3385518591,3,3,Apartment,,,
"Bachupally, Hyderabad",Hyderabad,"Shop for Sale in Bachupally, Hyderabad",16000000.0,1000.0,16000.0,2,2,Apartment,,,
Bachupally,Hyderabad,"4 BHK Villa for Sale in Bachupally, Hyderabad",27900000.0,2675.0,10429.90654205608,5,4,Villa,,,
Bachupally,Hyderabad,"2 BHK Flat for Sale in Bachupally, Hyderabad",8600000.0,1195.0,7196.652719665272,2,2,Apartment,,,
Bachupally,Hyderabad,"3 BHK Villa for Sale in Bachupally, Hyderabad",15500000.0,150.0,103333.3333333333,5,3,Villa,,,
Bachupally,Hyderabad,"5 BHK Villa for Sale in Bachupally, Hyderabad",25000000.0,263.0,95057.03422053232,5,5,Villa,,,
Bachupally,Hyderabad,"3 BHK Flat for Sale in Bachupally, Hyderabad",11200000.0,1540.0,7272.727272727274,3,3,Apartment,,,
Bagh Amberpet,Hyderabad,,6636200.0,1080.0,6144.62962962963,3,2,Apartment,,,
Bagh Amberpet,Hyderabad,,25520000.0,1330.0,19187.96992481203,3,3,Apartment,,,
Bagh Amberpet,Hyderabad,,28393436.88031823,2082.34965034965,13635.28784685638,3,3,Apartment,,,
Bagh Amberpet,Hyderabad,,6600000.0,1277.0,5168.363351605325,2,2,Apartment,,,
Bagh Amberpet,Hyderabad,,6111.0,260.6,23.44973138910207,2,2,Apartment,,,
Bagh Amberpet,Hyderabad,,6956200.0,1080.0,6440.925925925926,3,2,Apartment,,,
Bagh Amberpet,Hyderabad,,222800000.0,1080.0,238072.2222222222,3,2,Apartment,,,
Bagh Amberpet,Hyderabad,,15740000.0,1800.0,8744.444444444445,3,3,Plot,,,
Bagh Amberpet,Hyderabad,,22500000.0,1163.0,19346.51762682717,3,4,Apartment,,,
Bagh Amberpet,Hyderabad,,12500.0,260.6,47.96623177283193,2,2,Apartment,,,
Bagh Amberpet,Hyderabad,,13580000.0,1800.0,7544.444444444444,3,3,Plot,,,
Bagh Amberpet,Hyderabad,,12480000.0,1825.0,6838.356164383562,3,3,Apartment,,,
Bagh Amberpet,Hyderabad,,15000000.0,343.6,43655.41327124563,3,3,Apartment,,,
Bagh Amberpet,Hyderabad,,8219.0,260.6,31.53875671527245,2,2,Apartment,,,
Bagh Amberpet,Hyderabad,,14780000.0,1825.0,8098.630136986301,3,3,Apartment,,,
Bagh Amberpet,Hyderabad,,24100000.0,1760.0,13693.18181818182,3,3,Apartment,,,
Bagh Amberpet,Hyderabad,,13500000.0,1565.6,8622.89218191109,3,3,Apartment,,,
Bagh Amberpet,Hyderabad,,7670.0,260.6,29.43207981580967,2,2,Apartment,,,
Bagh Amberpet,Hyderabad,,24680000.0,1760.0,14022.72727272727,3,3,Apartment,,,
Bagh Amberpet,Hyderabad,,17260000.0,1950.0,8851.28205128205,3,3,Apartment,,,
Bagh Amberpet,Hyderabad,,20500000.0,1426.6,14369.83036590495,4,3,Apartment,,,
Bagh Amberpet,Hyderabad,,10512.0,260.6,40.33768227168073,2,2,Apartment,,,
Bagh Amberpet,Hyderabad,,14580000.0,1597.0,9129.6180338134,3,3,Apartment,,,
Bagh Amberpet,Hyderabad,,8453.0,260.6,32.43668457405986,2,2,Apartment,,,
Bagh Amberpet,Hyderabad,,10060000.0,1597.0,6299.311208515967,3,3,Apartment,,,
Bagh Amberpet,Hyderabad,,9700000.0,1000.0,9700.0,2,3,Apartment,,,
Bagh Amberpet,Hyderabad,,12060000.0,1066.0,11313.32082551595,2,2,Apartment,,,
Bagh Amberpet,Hyderabad,,7500000.0,1064.0,7048.872180451128,3,2,Apartment,,,
Bagh Amberpet,Hyderabad,,7500.0,260.6,28.77973906369916,2,2,Apartment,,,
Bagh Amberpet,Hyderabad,,9520000.0,1000.0,9520.0,2,2,Apartment,,,
Bagh Amberpet,Hyderabad,,20180000.0,2223.0,9077.82276203329,3,3,Plot,,,
Bagh Amberpet,Hyderabad,,35000000.0,3292.0,10631.8347509113,4,4,Apartment,,,
Bagh Amberpet,Hyderabad,,15744.0,260.6,60.41442824251726,2,2,Apartment,,,
Bagh Amberpet,Hyderabad,,28393436.88031823,2082.34965034965,13635.28784685638,3,3,Plot,,,
Bagh Amberpet,Hyderabad,,10700000.0,102.0,104901.9607843137,7,5,Villa,,,
Bagh Amberpet,Hyderabad,,96740000.0,957.6,101023.3918128655,7,3,Apartment,,,
Bagh Amberpet,Hyderabad,,10700000.0,102.0,104901.9607843137,7,5,Plot,,,
Bagh Amberpet,Hyderabad,,12500000.0,1588.0,7871.536523929471,2,2,Apartment,,,
Bagh Amberpet,Hyderabad,,122549.0,260.6,470.2570990023023,2,2,Apartment,,,
Bagh Amberpet,Hyderabad,,9350000.0,102.0,91666.66666666669,5,5,Plot,,,
Bagh Amberpet,Hyderabad,,53680000.0,3000.0,17893.33333333333,6,4,Villa,,,
Bagh Amberpet,Hyderabad,,119520000.0,10200.0,9260.521911609743,6,3,Apartment,,,
Bagh Amberpet,Hyderabad,,53680000.0,3000.0,17893.33333333333,6,4,Plot,,,
Bagh Amberpet,Hyderabad,,4500.0,260.6,17.26784343821949,2,2,Apartment,,,
Bagh Amberpet,Hyderabad,,51580000.0,3000.0,17193.33333333333,5,4,Plot,,,
Bagh Amberpet,Hyderabad,,9261600.0,1224.0,7566.666666666667,3,2,Plot,,,
Bagh Amberpet,Hyderabad,,11029.0,260.6,42.32156561780506,2,2,Apartment,,,
Bagh Amberpet,Hyderabad,,5840000.0,792.0,7373.737373737374,7,2,Other,,,
Bagh Amberpet,Hyderabad,,96740000.0,957.6,101023.3918128655,7,3,Other,,,
Bagh Amberpet,Hyderabad,,5840000.0,792.0,7373.737373737374,7,2,Apartment,,,
Bagh Amberpet,Hyderabad,,11000000.0,824.0,13349.5145631068,2,3,Apartment,,,
Bagh Amberpet,Hyderabad,,13889.0,260.6,53.296239447429,2,2,Apartment,,,
Bagh Amberpet,Hyderabad,,5840000.0,792.0,7373.737373737374,4,2,Apartment,,,
Bagh Amberpet,Hyderabad,,6850000.0,100.0,68500.0,5,5,Plot,,,
Bagh Amberpet,Hyderabad,,7000000.0,1022.6,6845.296303539996,3,2,Apartment,,,
Bagh Amberpet,Hyderabad,,70000.0,260.6,268.6108979278588,2,2,Apartment,,,
Bagh Amberpet,Hyderabad,,8960000.0,981.0,9133.537206931702,2,2,Plot,,,
Bagh Amberpet,Hyderabad,,20000000.0,3770.4,5304.476978569913,4,3,Apartment,,,
Bagh Amberpet,Hyderabad,,20387.0,260.6,78.23100537221795,2,2,Apartment,,,
Bagh Amberpet,Hyderabad,,37072200.0,803.0,46167.12328767123,2,2,Apartment,,,
Bagh Amberpet,Hyderabad,,5100000.0,378.0,13492.06349206349,2,2,Apartment,,,
Bagh Amberpet,Hyderabad,,6351.0,260.6,24.37068303914044,2,2,Apartment,,,
Bagh Amberpet,Hyderabad,,37072200.0,803.0,46167.12328767123,3,2,Apartment,,,
Bagh Amberpet,Hyderabad,,222800000.0,800.0,295051.2315086969,2,3,Apartment,,,
Bagh Amberpet,Hyderabad,,7360000.0,1150.0,6400.0,3,2,Apartment,,,
Bagh Amberpet,Hyderabad,,9000000.0,1237.2,7274.490785645005,3,2,Apartment,,,
Bagh Amberpet,Hyderabad,,7826.0,260.6,30.03069838833461,2,2,Apartment,,,
Bagh Amberpet,Hyderabad,,7280000.0,1150.0,6330.434782608696,2,2,Apartment,,,
Bagh Amberpet,Hyderabad,,103120000.0,1202.0,85790.34941763728,2,3,Apartment,,,
Bagh Amberpet,Hyderabad,,9015000.0,1360.2,6627.701808557565,3,2,Apartment,,,
Bagh Amberpet,Hyderabad,,89900000.0,1202.0,74792.01331114808,2,3,Apartment,,,
Bagh Amberpet,Hyderabad,,7166000.0,1170.0,6124.786324786325,2,2,Apartment,,,
Bagh Amberpet,Hyderabad,,7200000.0,1186.2,6069.802731411229,3,2,Apartment,,,
Bagh Amberpet,Hyderabad,,6153.0,260.6,23.61089792785879,2,2,Apartment,,,
Bagh Amberpet,Hyderabad,,10040000.0,1132.0,8869.257950530035,2,2,Apartment,,,
Bagh Amberpet,Hyderabad,,7300000.0,1076.8,6779.346210995543,3,2,Apartment,,,
Bagh Amberpet,Hyderabad,,6448.0,260.6,24.74290099769762,2,2,Apartment,,,
Bagh Amberpet,Hyderabad,,9980000.0,1132.0,8816.25441696113,2,2,Apartment,,,
Bagh Amberpet,Hyderabad,,8000000.0,1250.0,6400.0,2,2,Apartment,,,
Bagh Amberpet,Hyderabad,,5600.0,260.6,21.4888718342287,2,2,Apartment,,,
Bagh Amberpet,Hyderabad,,7215000.0,1250.0,5772.0,3,2,Apartment,,,
Bagh Amberpet,Hyderabad,,8195000.0,1250.0,6556.0,2,2,Apartment,,,
Bagh Amberpet,Hyderabad,,9292400.0,1154.0,8052.339688041595,2,2,Apartment,,,
Bagh Amberpet,Hyderabad,,6641.0,260.6,25.48349961627014,2,2,Apartment,,,
Bagh Amberpet,Hyderabad,,9192400.0,1154.0,7965.684575389948,2,2,Apartment,,,
Bagh Amberpet,Hyderabad,,9700000.0,1136.0,8538.732394366198,2,2,Apartment,,,
Bagh Amberpet,Hyderabad,,7600000.0,1370.0,5547.445255474453,3,3,Apartment,,,
Bagh Amberpet,Hyderabad,,6690.0,260.6,25.67152724481964,2,2,Apartment,,,
Bagh Amberpet,Hyderabad,,222800000.0,1136.0,226390.8450704225,2,2,Apartment,,,
Bagh Amberpet,Hyderabad,,11235000.0,1650.0,6809.090909090909,3,3,Apartment,,,
Bagh Amberpet,Hyderabad,,6666.0,260.6,25.57943207981581,2,2,Apartment,,,
Bagh Amberpet,Hyderabad,,12900000.0,1650.0,7818.181818181818,3,3,Apartment,,,
Bagh Amberpet,Hyderabad,,11940000.0,1530.0,7803.921568627451,3,2,Apartment,,,
Bagh Amberpet,Hyderabad,,7189.0,260.6,27.5863392171911,2,2,Apartment,,,
Bagh Amberpet,Hyderabad,,222800000.0,1530.0,169960.7843137255,3,3,Apartment,,,
Bagh Amberpet,Hyderabad,,11360000.0,1460.0,7780.821917808219,3,3,Apartment,,,
Bagh Amberpet,Hyderabad,,7534.0,260.6,28.91020721412126,2,2,Apartment,,,
Bagh Amberpet,Hyderabad,,222800000.0,1460.0,177150.6849315068,3,3,Apartment,,,
Bagh Amberpet,Hyderabad,,9232000.0,1300.0,7101.538461538462,3,2,Apartment,,,
Bagh Amberpet,Hyderabad,,7650000.0,1309.0,5844.155844155845,3,2,Apartment,,,
Bagh Amberpet,Hyderabad,,6740.0,260.6,25.86339217191097,2,2,Apartment,,,
Bagh Amberpet,Hyderabad,,10060000.0,1300.0,7738.461538461538,3,2,Apartment,,,
Bagh Amberpet,Hyderabad,,11840000.0,1525.0,7763.934426229508,3,3,Apartment,,,
Bagh Amberpet,Hyderabad,,5901.0,260.6,22.64389869531849,2,2,Apartment,,,
Bagh Amberpet,Hyderabad,,11280000.0,1525.0,7396.721311475409,3,2,Apartment,,,
Bagh Amberpet,Hyderabad,,222800000.0,1525.0,169455.737704918,3,3,Apartment,,,
Bagh Amberpet,Hyderabad,,14287000.0,1420.0,10061.2676056338,3,2,Apartment,,,
Bagh Amberpet,Hyderabad,,6338.0,260.6,24.3207981580967,2,2,Apartment,,,
Bagh Amberpet,Hyderabad,,12027200.0,1420.0,8469.859154929578,3,3,Apartment,,,
Bagh Amberpet,Hyderabad,,222800000.0,1420.0,181309.8591549296,3,3,Apartment,,,
Bagh Amberpet,Hyderabad,,6164.0,260.6,23.65310821181888,2,2,Apartment,,,
Bagh Amberpet,Hyderabad,,13011600.0,1620.0,8031.851851851852,3,3,Apartment,,,
Bagh Amberpet,Hyderabad,,5555.0,260.6,21.3161933998465,2,2,Apartment,,,
Bagh Amberpet,Hyderabad,,10120000.0,1500.0,6746.666666666667,3,3,Apartment,,,
Bagh Amberpet,Hyderabad,,6000.0,260.6,23.02379125095932,2,2,Apartment,,,
Bagh Amberpet,Hyderabad,,11100000.0,1500.0,7400.0,3,3,Apartment,,,
Bagh Amberpet,Hyderabad,,6954800.0,1125.0,6182.044444444445,2,2,Apartment,,,
Bagh Amberpet,Hyderabad,,8700000.0,1239.8,7017.260848523956,3,2,Apartment,,,
Bagh Amberpet,Hyderabad,,7733.0,260.6,29.67382962394474,2,2,Apartment,,,
Bagh Amberpet,Hyderabad,,8500000.0,1183.2,7183.908045977011,3,2,Apartment,,,
Bagh Amberpet,Hyderabad,,7071.0,260.6,27.13353798925556,2,2,Apartment,,,
Bagh Amberpet,Hyderabad,,9180000.0,1140.0,8052.631578947368,2,2,Apartment,,,
Bagh Amberpet,Hyderabad,,8250000.0,773.8,10661.6696820884,3,2,Apartment,,,
Bagh Amberpet,Hyderabad,,8250.0,260.6,31.65771297006907,2,2,Apartment,,,
Bagh Amberpet,Hyderabad,,6580000.0,1150.0,5721.739130434783,2,2,Apartment,,,
Bagh Amberpet,Hyderabad,,8200000.0,1049.4,7813.988946064417,3,2,Apartment,,,
Bagh Amberpet,Hyderabad,,7130.0,260.6,27.35993860322333,2,2,Apartment,,,
Bagh Amberpet,Hyderabad,,222800000.0,1150.0,223443.4782608696,2,2,Apartment,,,
Bagh Amberpet,Hyderabad,,8200.0,260.6,31.46584804297774,2,2,Apartment,,,
Bagh Amberpet,Hyderabad,,222800000.0,1000.0,256982.0,2,2,Apartment,,,
Bagh Amberpet,Hyderabad,,5240000.0,950.0,5515.789473684211,2,2,Apartment,,,
Bagh Amberpet,Hyderabad,,7368.0,260.6,28.27321565617805,2,2,Apartment,,,
Bagh Amberpet,Hyderabad,,5099800.0,950.0,5368.210526315789,2,2,Apartment,,,
Bagh Amberpet,Hyderabad,,6720000.0,1025.0,6556.09756097561,2,2,Apartment,,,
Bagh Amberpet,Hyderabad,,4700000.0,903.8,5200.265545474663,2,2,Apartment,,,
Bagh Amberpet,Hyderabad,,4585.0,260.6,17.59401381427475,2,2,Apartment,,,
Bagh Amberpet,Hyderabad,,222800000.0,1025.0,250614.6341463415,2,2,Apartment,,,
Bagh Amberpet,Hyderabad,,6942000.0,1057.0,6567.644276253548,2,2,Apartment,,,
Bagh Amberpet,Hyderabad,,4500000.0,1053.6,4271.070615034169,2,2,Apartment,,,
Bagh Amberpet,Hyderabad,,4257.0,260.6,16.33537989255564,2,2,Apartment,,,
Bagh Amberpet,Hyderabad,,222800000.0,1057.0,242707.6631977294,2,2,Apartment,,,
Bagh Amberpet,Hyderabad,,11740000.0,1440.0,8152.777777777777,3,3,Apartment,,,
Bagh Amberpet,Hyderabad,,10800000.0,1231.6,8769.080870412472,2,3,Apartment,,,
Bagh Amberpet,Hyderabad,,9300000.0,1440.0,6458.333333333333,3,3,Apartment,,,
Bagh Amberpet,Hyderabad,,8000000.0,1185.0,6751.054852320675,3,2,Apartment,,,
Bagh Amberpet,Hyderabad,,7619.0,260.6,29.23637759017652,2,2,Apartment,,,
Bagh Amberpet,Hyderabad,,12486000.0,1746.0,7151.202749140894,3,3,Apartment,,,
Bagh Amberpet,Hyderabad,,5500000.0,1114.0,4937.163375224416,2,2,Apartment,,,
Bagh Amberpet,Hyderabad,,3150.0,260.6,12.08749040675364,2,2,Apartment,,,
Bagh Amberpet,Hyderabad,,21706000.0,1746.0,12431.84421534937,3,3,Apartment,,,
Bagh Amberpet,Hyderabad,,222800000.0,1746.0,147549.8281786942,3,3,Apartment,,,
Bagh Amberpet,Hyderabad,,8800000.0,1102.0,7985.480943738657,3,2,Apartment,,,
Bagh Amberpet,Hyderabad,,6352.0,260.6,24.37452033768227,2,2,Apartment,,,
Bagh Amberpet,Hyderabad,,9500000.0,1102.0,8620.689655172413,3,2,Apartment,,,
Bagh Amberpet,Hyderabad,,222800000.0,1102.0,233321.2341197823,3,2,Apartment,,,
Bagh Amberpet,Hyderabad,,10000000.0,1710.0,5847.953216374269,3,4,Apartment,,,
Bagh Amberpet,Hyderabad,,6060.0,260.6,23.25402916346892,2,2,Apartment,,,
"Balanagar, Hyderabad",Hyderabad,"Plot for Sale in Balanagar, Hyderabad",58500000.0,1627.0,35955.74677320221,3,3,Apartment,,,
"Balanagar, Hyderabad",Hyderabad,"Plot for Sale in Balanagar, Hyderabad",68400000.0,1900.0,36000.0,3,4,Apartment,,,
"Balanagar, Hyderabad",Hyderabad,"Plot for Sale in Balanagar, Hyderabad",67300000.0,1872.0,35950.8547008547,3,4,Apartment,,,
"Balanagar, Hyderabad",Hyderabad,"Plot for Sale in Balanagar, Hyderabad",67900000.0,1888.0,35963.98305084746,3,4,Apartment,,,
"Balanagar, Hyderabad",Hyderabad,"Land for Sale in Balanagar, Hyderabad",14500000.0,1767.2,8205.070167496604,2,2,Apartment,,,
"Balanagar, Hyderabad",Hyderabad,"Land for Sale in Balanagar, Hyderabad",51580000.0,3000.0,17193.33333333333,5,4,Apartment,,,
"Balanagar, Hyderabad",Hyderabad,"Plot for Sale in Balanagar, Hyderabad",60599999.99999999,1685.0,35964.39169139465,3,3,Apartment,,,
"Balanagar, Hyderabad",Hyderabad,"Plot for Sale in Balanagar, Hyderabad",63200000.0,1758.0,35949.94311717861,3,3,Apartment,,,
"Balanagar, Hyderabad",Hyderabad,"Plot for Sale in Balanagar, Hyderabad",65700000.0,1827.0,35960.59113300493,3,4,Apartment,,,
"Balanagar, Hyderabad",Hyderabad,"Plot for Sale in Balanagar, Hyderabad",66800000.0,1857.0,35971.99784598815,3,4,Apartment,,,
"Balanagar, Hyderabad",Hyderabad,"Plot for Sale in Balanagar, Hyderabad",79200000.0,2200.0,36000.0,3,4,Apartment,,,
"Balanagar, Hyderabad",Hyderabad,"Plot for Sale in Balanagar, Hyderabad",81000000.0,2250.0,36000.0,3,4,Apartment,,,
"Balanagar, Hyderabad",Hyderabad,"Plot for Sale in Balanagar, Hyderabad",62900000.0,1749.0,35963.40766152087,3,3,Apartment,,,
"Balanagar, Hyderabad",Hyderabad,"Plot for Sale in Balanagar, Hyderabad",63600000.0,1769.0,35952.51554550594,3,3,Apartment,,,
"Balanagar, Hyderabad",Hyderabad,"Plot for Sale in Balanagar, Hyderabad",69200000.0,1924.0,35966.73596673596,3,4,Apartment,,,
"Balanagar, Hyderabad",Hyderabad,"Plot for Sale in Balanagar, Hyderabad",62500000.0,1738.0,35960.8745684695,3,3,Apartment,,,
"Balanagar, Hyderabad",Hyderabad,"Plot for Sale in Balanagar, Hyderabad",70400000.0,1958.0,35955.05617977528,3,4,Apartment,,,
"Balanagar, Hyderabad",Hyderabad,"Plot for Sale in Balanagar, Hyderabad",78800000.0,2189.0,35998.17268158976,3,4,Apartment,,,
"Balanagar, Hyderabad",Hyderabad,"Plot for Sale in Balanagar, Hyderabad",80500000.0,2237.0,35985.69512740277,3,4,Apartment,,,
"Balanagar, Hyderabad",Hyderabad,"Plot for Sale in Balanagar, Hyderabad",81600000.0,2267.0,35994.70666078518,3,4,Apartment,,,
"Balanagar, Hyderabad",Hyderabad,"Plot for Sale in Balanagar, Hyderabad",61200000.0,1700.0,36000.0,3,3,Apartment,,,
"Balanagar, Hyderabad",Hyderabad,"Plot for Sale in Balanagar, Hyderabad",70800000.0,1967.0,35993.89933909507,3,4,Apartment,,,
"Balanagar, Hyderabad",Hyderabad,"Plot for Sale in Balanagar, Hyderabad",72000000.0,2000.0,36000.0,3,4,Apartment,,,
"Balanagar, Hyderabad",Hyderabad,"Plot for Sale in Balanagar, Hyderabad",75600000.0,2100.0,36000.0,3,4,Apartment,,,
"Balanagar, Hyderabad",Hyderabad,"Plot for Sale in Balanagar, Hyderabad",82000000.0,2278.0,35996.4881474978,3,4,Apartment,,,
Bandlaguda_Jagir,Hyderabad,"2 BHK Flat for Sale in Bandlaguda Jagir, Hyderabad",9700000.0,1397.0,6943.450250536865,3,2,Apartment,,,
Bandlaguda Jagir,Hyderabad,2 BHK 1352 Sq. Ft. Apartment,12200000.0,1352.0,9023.668639053254,2,2,Apartment,,,
Bandlaguda Jagir,Hyderabad,3 BHK 1680 Sq. Ft. Apartment,15100000.0,1680.0,8988.095238095239,3,3,Apartment,,,
Bandlaguda Jagir,Hyderabad,3 BHK 2017 Sq. Ft. Apartment,18200000.0,2017.0,9023.3019335647,3,3,Apartment,,,
Bandlaguda Jagir,Hyderabad,4 BHK 2904 Sq. Ft. Apartment,26100000.0,2904.0,8987.603305785124,4,4,Apartment,,,
Bandlaguda Jagir,Hyderabad,4 BHK 3571 Sq. Ft. Apartment,32100000.0,3571.0,8989.078689442733,4,4,Apartment,,,
Bandlaguda Jagir,Hyderabad,"4 BHK Villa for Sale in Bandlaguda Jagir, Hyderabad",61000000.0,3602.0,16935.03609106052,3,5,Villa,,,
Bandlaguda Jagir,Hyderabad,"3 BHK Flat for Sale in Bandlaguda Jagir, Hyderabad",12000000.0,1506.0,7968.12749003984,3,3,Apartment,,,
Bandlaguda Jagir,Hyderabad,"2 BHK Flat for Sale in Bandlaguda Jagir, Hyderabad",7993000.000000001,1193.0,6699.91617770327,2,2,Apartment,,,
Bandlaguda Jagir,Hyderabad,3 BHK 1571 Sq. Ft. Apartment,12900000.0,1571.0,8211.330362826226,3,3,Apartment,,,
Bandlaguda Jagir,Hyderabad,3 BHK 2101 Sq. Ft. Apartment,17200000.0,2101.0,8186.577820085674,3,4,Apartment,,,
Bandlaguda Jagir,Hyderabad,4 BHK 2407 Sq. Ft. Apartment,19700000.0,2407.0,8184.461985874533,4,4,Apartment,,,
Bandlaguda Jagir,Hyderabad,4 BHK 3233 Sq. Ft. Apartment,26500000.0,3233.0,8196.72131147541,4,4,Apartment,,,
Bandlaguda Jagir,Hyderabad,,28393436.88031823,2082.34965034965,13635.28784685638,3,3,Apartment,,,
Bandlaguda Jagir,Hyderabad,"3 BHK Flat for Sale in Bandlaguda Jagir, Hyderabad",9030000.0,1505.0,6000.0,3,2,Apartment,,,
"Bandlaguda Jagir, Hyderabad",Hyderabad,"2 BHK Flat for Sale in Bandlaguda Jagir, Hyderabad",6500000.0,1100.0,5909.090909090909,2,2,Apartment,,,
Bandlaguda Jagir,Hyderabad,"4 BHK Villa for Sale in Bandlaguda Jagir, Hyderabad",66000000.0,4400.0,15000.0,5,3,Villa,,,
Bandlaguda Jagir,Hyderabad,3 BHK 2290 Sq. Ft. Apartment,17400000.0,2290.0,7598.25327510917,3,3,Apartment,,,
Bandlaguda Jagir,Hyderabad,3 BHK 2875 Sq. Ft. Apartment,21900000.0,2875.0,7617.391304347826,3,4,Apartment,,,
Bandlaguda Jagir,Hyderabad,4 BHK 3370 Sq. Ft. Apartment,25600000.0,3370.0,7596.439169139466,4,4,Apartment,,,
Bandlaguda Jagir,Hyderabad,4 BHK 4100 Sq. Ft. Apartment,31200000.0,4100.0,7609.756097560976,4,4,Apartment,,,
"Bandlaguda Jagir, Hyderabad",Hyderabad,"4 BHK House for Sale in Bandlaguda Jagir, Hyderabad",16500000.0,165.0,100000.0,5,4,House,,,
"Bandlaguda Jagir, Hyderabad",Hyderabad,"5 BHK House for Sale in Bandlaguda Jagir, Hyderabad",22500000.0,3000.0,7500.0,4,3,House,,,
"Bandlaguda Jagir, Hyderabad",Hyderabad,"2 BHK Flat for Sale in Bandlaguda Jagir, Hyderabad",8800000.0,1560.0,5641.025641025641,3,2,Apartment,,,
Bandlaguda Jagir,Hyderabad,5 BHK 10634 Sq. Ft. Villa,152460000.0,10200.0,14337.03216099304,5,4,Villa,,,
Bandlaguda Jagir,Hyderabad,5 BHK 11635 Sq. Ft. Villa,133160000.0,10200.0,11444.77868500215,5,3,Villa,,,
"Sun City, Hyderabad",Hyderabad,"Plot for Sale in Sun City, Hyderabad",13000000.0,200.0,65000.0,5,4,Apartment,,,
Bandlaguda Jagir,Hyderabad,"4 BHK Villa for Sale in Bandlaguda Jagir, Hyderabad",46000000.0,3160.0,14556.96202531646,4,5,Villa,,,
Bandlaguda Jagir,Hyderabad,"2 BHK Flat for Sale in Bandlaguda Jagir, Hyderabad",14000000.0,2000.0,7000.0,3,2,Apartment,,,
Bandlaguda Jagir,Hyderabad,2 BHK 1179 Sq. Ft. Apartment,11100000.0,1179.0,9414.758269720103,2,2,Apartment,,,
Bandlaguda Jagir,Hyderabad,2 BHK 1548 Sq. Ft. Apartment,14500000.0,1548.0,9366.925064599483,2,3,Apartment,,,
Bandlaguda Jagir,Hyderabad,3 BHK 1631 Sq. Ft. Apartment,15300000.0,1631.0,9380.74800735745,3,3,Apartment,,,
Bandlaguda Jagir,Hyderabad,3 BHK 2433 Sq. Ft. Apartment,22800000.0,2433.0,9371.1467324291,3,4,Apartment,,,
Bandlaguda Jagir,Hyderabad,4 BHK 3348 Sq. Ft. Apartment,31400000.0,3348.0,9378.73357228196,4,4,Apartment,,,
Bandlaguda Jagir,Hyderabad,4 BHK 3400 Sq. Ft. Apartment,31900000.0,3400.0,9382.35294117647,4,4,Apartment,,,
"Bandlaguda Jagir, Hyderabad",Hyderabad,"3 BHK Villa for Sale in Bandlaguda Jagir, Hyderabad",35000000.0,300.0,116666.6666666667,5,3,Villa,,,
Bandlaguda Jagir,Hyderabad,"4 BHK Villa for Sale in Bandlaguda Jagir, Hyderabad",54000000.0,3867.0,13964.31342125679,3,5,Villa,,,
"Bandlaguda Jagir, Hyderabad",Hyderabad,"2 BHK Flat for Sale in Bandlaguda Jagir, Hyderabad",6500000.0,1040.0,6250.0,2,2,Apartment,,,
Bandlaguda Jagir,Hyderabad,4 BHK 3591 Sq. Ft. Villa,69300000.0,3591.0,19298.24561403509,4,4,Villa,,,
Bandlaguda Jagir,Hyderabad,5 BHK 5700 Sq. Ft. Villa,110000000.0,5700.0,19298.24561403509,5,4,Villa,,,
Bandlaguda Jagir,Hyderabad,5 BHK 6932 Sq. Ft. Villa,133800000.0,6932.0,19301.78880553953,5,4,Villa,,,
"Bandlaguda Jagir, Hyderabad",Hyderabad,"Plot for Sale in Bandlaguda Jagir, Hyderabad",31300000.0,330.0,94848.48484848483,3,3,Apartment,,,
"Bandlaguda Jagir, Hyderabad",Hyderabad,"Plot for Sale in Bandlaguda Jagir, Hyderabad",35000000.0,420.0,83333.33333333333,1,3,Apartment,,,
"Bandlaguda Jagir, Hyderabad",Hyderabad,"2 BHK Builder Floor for Sale in Bandlaguda Jagir, Hyderabad",17500000.0,148.0,118243.2432432432,5,2,Apartment,,,
Bandlaguda Jagir,Hyderabad,3 BHK 2231 Sq. Ft. Apartment,16300000.0,2231.0,7306.140744060958,3,4,Apartment,,,
Bandlaguda Jagir,Hyderabad,3 BHK 2386 Sq. Ft. Apartment,17400000.0,2386.0,7292.539815590947,3,3,Apartment,,,
Bandlaguda Jagir,Hyderabad,4 BHK 2791 Sq. Ft. Apartment,20400000.0,2791.0,7309.208169115012,4,4,Apartment,,,
Bandlaguda Jagir,Hyderabad,4 BHK 3720 Sq. Ft. Apartment,27200000.0,3720.0,7311.827956989248,4,4,Apartment,,,
Bandlaguda Jagir,Hyderabad,"5 BHK Villa for Sale in Bandlaguda Jagir, Hyderabad",85000000.0,4545.0,18701.8701870187,5,5,Villa,,,
"Bandlaguda Jagir, Hyderabad",Hyderabad,"2.5 BHK House for Sale in Bandlaguda Jagir, Hyderabad",11000000.0,121.0,90909.09090909093,5,3,House,,,
"Sun City, Hyderabad",Hyderabad,"6+ BHK House for Sale in Sun City, Hyderabad",14100000.0,2990.0,4715.719063545151,5,5,House,,,
Bandlaguda Jagir,Hyderabad,4 BHK 2800 Sq. Ft. Villa,32000000.0,2800.0,11428.57142857143,4,4,Villa,,,
Bandlaguda Jagir,Hyderabad,4 BHK 2804 Sq. Ft. Villa,32000000.0,2804.0,11412.26818830242,4,4,Villa,,,
Bandlaguda Jagir,Hyderabad,"2 BHK Flat for Sale in Bandlaguda Jagir, Hyderabad",9500000.0,1451.0,6547.208821502412,3,2,Apartment,,,
Bandlaguda Jagir,Hyderabad,"3 BHK Flat for Sale in Bandlaguda Jagir, Hyderabad",9000000.0,1504.0,5984.04255319149,3,2,Apartment,,,
"Bandlaguda Jagir, Hyderabad",Hyderabad,"5 BHK House for Sale in Bandlaguda Jagir, Hyderabad",26000000.0,210.0,123809.5238095238,5,5,House,,,
Banjara,Hyderabad,"3 BHK Flat for Sale in Banjara Hills, Hyderabad",30000000.0,2500.0,12000.0,3,3,Apartment,,,
Banjara Hills,Hyderabad,3 BHK 2125 Sq. Ft. Apartment,25360000.0,2125.0,11934.11764705882,3,3,Apartment,,,
Banjara Hills,Hyderabad,4 BHK 3500 Sq. Ft. Apartment,63180000.0,3500.0,18051.42857142857,4,5,Apartment,,,
"Banjara Hills, Hyderabad",Hyderabad,"Office Space for Sale in Banjara Hills, Hyderabad",222800000.0,10200.0,69704.7616097153,5,5,Apartment,,,
"Banjara Hills, Hyderabad",Hyderabad,"4 BHK House for Sale in Banjara Hills, Hyderabad",135000000.0,420.0,295051.2315086969,1,5,House,,,
"Banjara Hills, Hyderabad",Hyderabad,"3 BHK House for Sale in Banjara Hills, Hyderabad",160000000.0,3000.0,53333.33333333334,4,3,House,,,
Banjara Hills,Hyderabad,3 BHK 2025 Sq. Ft. Apartment,24100000.0,2025.0,11901.23456790123,3,3,Apartment,,,
Banjara Hills,Hyderabad,3 BHK 1868 Sq. Ft. Apartment,21000000.0,1868.0,11241.97002141328,3,3,Apartment,,,
Banjara Hills,Hyderabad,4 BHK 2530 Sq. Ft. Apartment,28500000.0,2530.0,11264.82213438735,4,3,Apartment,,,
Banjara Hills,Hyderabad,4 BHK 2635 Sq. Ft. Apartment,31500000.0,2635.0,11954.45920303605,4,4,Apartment,,,
Know More About Banjara Hills,Hyderabad,"— Prabhakar Shinde, Owner",28393436.88031823,2082.34965034965,13635.28784685638,3,3,Apartment,,,
Banjara Hills,Hyderabad,,28393436.88031823,2082.34965034965,13635.28784685638,3,3,Apartment,,,
"Banjara Hills, Hyderabad",Hyderabad,"Plot for Sale in Banjara Hills, Hyderabad",145000000.0,580.0,250000.0,1,2,Apartment,,,
Banjara Hills,Hyderabad,"3 BHK Flat for Sale in Banjara Hills, Hyderabad",27500000.0,2185.0,12585.8123569794,3,3,Apartment,,,
Banjara Hills,Hyderabad,"3 BHK Flat for Sale in Banjara Hills, Hyderabad",16000000.0,2230.0,7174.887892376682,3,3,Apartment,,,
"Banjara Hills, Hyderabad",Hyderabad,"6+ BHK Villa for Sale in Banjara Hills, Hyderabad",222800000.0,10200.0,24570.66666666667,4,6,Villa,,,
"Banjara Hills, Hyderabad",Hyderabad,"3 BHK Flat for Sale in Banjara Hills, Hyderabad",43000000.0,3300.0,13030.30303030303,3,3,Apartment,,,
"Banjara Hills, Hyderabad",Hyderabad,"3 BHK Villa for Sale in Banjara Hills, Hyderabad",140000000.0,400.0,295051.2315086969,1,3,Villa,,,
Banjara Hills,Hyderabad,"3 BHK Flat for Sale in Banjara Hills, Hyderabad",55000000.0,3600.0,15277.77777777778,3,3,Apartment,,,
"Banjara Hills, Hyderabad",Hyderabad,"4 BHK Flat for Sale in Banjara Hills, Hyderabad",50000000.0,3200.0,15625.0,4,4,Apartment,,,
"Banjara Hills, Hyderabad",Hyderabad,"3 BHK Flat for Sale in Banjara Hills, Hyderabad",43200000.0,3615.0,11950.20746887967,4,3,Apartment,,,
"Banjara Hills, Hyderabad",Hyderabad,"Office Space for Sale in Banjara Hills, Hyderabad",22000000.0,1700.0,12941.17647058824,3,3,Apartment,,,
"Banjara Hills, Hyderabad",Hyderabad,"Office Space for Sale in Banjara Hills, Hyderabad",222800000.0,10200.0,12000.0,5,5,Apartment,,,
"Banjara Hills, Hyderabad",Hyderabad,"3 BHK Flat for Sale in Banjara Hills, Hyderabad",15600000.0,1425.0,10947.36842105263,3,1,Apartment,,,
Banjara Hills,Hyderabad,"3 BHK Flat for Sale in Banjara Hills, Hyderabad",12000000.0,1550.0,7741.935483870968,3,3,Apartment,,,
"Banjara Hills, Hyderabad",Hyderabad,"2 BHK Flat for Sale in Banjara Hills, Hyderabad",8000000.0,1100.0,7272.727272727273,2,2,Apartment,,,
Banjara Hills,Hyderabad,"4 BHK Flat for Sale in Banjara Hills, Hyderabad",51000000.0,4250.0,12000.0,3,3,Apartment,,,
"Banjara Hills, Hyderabad",Hyderabad,"Plot for Sale in Banjara Hills, Hyderabad",50000000.0,250.0,200000.0,5,3,Apartment,,,
Banjara Hills,Hyderabad,"6 BHK House for Sale in Banjara Hills, Hyderabad",210000000.0,10000.0,21000.0,4,6,Villa,,,
Banjara Hills,Hyderabad,"3 BHK Flat for Sale in Banjara Hills, Hyderabad",20000000.0,2500.0,8000.0,3,3,Apartment,,,
"Banjara Hills, Hyderabad",Hyderabad,"Plot for Sale in Banjara Hills, Hyderabad",55000000.0,200.0,275000.0,5,4,Apartment,,,
"Banjara Hills, Hyderabad",Hyderabad,"4 BHK House for Sale in Banjara Hills, Hyderabad",100000000.0,400.0,250000.0,1,4,House,,,
"Banjara Hills, Hyderabad",Hyderabad,"3 BHK Flat for Sale in Banjara Hills, Hyderabad",16000000.0,1755.0,9116.809116809116,3,2,Apartment,,,
Beeramguda,Hyderabad,"3 BHK Villa for Sale in Beeramguda, Hyderabad",18500000.0,1800.0,10277.77777777778,3,3,Apartment,,,
Beeramguda,Hyderabad,3 BHK 2350 Sq. Ft. Apartment,28200000.0,2350.0,12000.0,3,3,Apartment,,,
Beeramguda,Hyderabad,3 BHK 2650 Sq. Ft. Apartment,31800000.0,2650.0,12000.0,3,4,Apartment,,,
Beeramguda,Hyderabad,4 BHK 2800 Sq. Ft. Apartment,33600000.0,2800.0,12000.0,4,4,Apartment,,,
Beeramguda,Hyderabad,4 BHK 3600 Sq. Ft. Apartment,43200000.0,3600.0,12000.0,4,4,Apartment,,,
"Beeramguda, Hyderabad",Hyderabad,"4 BHK Villa for Sale in Beeramguda, Hyderabad",21000000.0,3396.0,6183.745583038869,3,4,Villa,,,
"Beeramguda, Hyderabad",Hyderabad,"2 BHK Flat for Sale in Beeramguda, Hyderabad",6000000.0,1145.0,5240.174672489083,3,2,Apartment,,,
Beeramguda,Hyderabad,3 BHK 2850 Sq. Ft. Apartment,29900000.0,2850.0,10491.22807017544,3,4,Apartment,,,
Beeramguda,Hyderabad,4 BHK 3303 Sq. Ft. Apartment,34700000.0,3303.0,10505.60096881623,4,4,Apartment,,,
Beeramguda,Hyderabad,4 BHK 3850 Sq. Ft. Apartment,40400000.0,3850.0,10493.50649350649,4,4,Apartment,,,
Beeramguda,Hyderabad,,28393436.88031823,2082.34965034965,13635.28784685638,3,3,Apartment,,,
Beeramguda,Hyderabad,"2 BHK Flat for Sale in Beeramguda, Hyderabad",3400000.0,800.0,4250.0,2,2,Apartment,,,
"Beeramguda, Hyderabad",Hyderabad,"5 BHK House for Sale in Beeramguda, Hyderabad",18900000.0,150.0,126000.0,5,5,House,,,
Beeramguda,Hyderabad,3 BHK 2180 Sq. Ft. Apartment,20900000.0,2180.0,9587.155963302752,3,4,Apartment,,,
Beeramguda,Hyderabad,3 BHK 1750 Sq. Ft. Apartment,16800000.0,1750.0,9600.0,3,3,Apartment,,,
Beeramguda,Hyderabad,4 BHK 3020 Sq. Ft. Apartment,29000000.0,3020.0,9602.649006622516,4,4,Apartment,,,
"Beeramguda, Hyderabad",Hyderabad,"2 BHK House for Sale in Beeramguda, Hyderabad",13000000.0,1200.0,10833.33333333333,2,2,House,,,
"Beeramguda, Hyderabad",Hyderabad,"4 BHK House for Sale in Beeramguda, Hyderabad",22000000.0,2600.0,8461.538461538461,5,3,House,,,
Beeramguda,Hyderabad,3 BHK 2003 Sq. Ft. Apartment,23000000.0,2003.0,11482.77583624563,3,3,Apartment,,,
Beeramguda,Hyderabad,3 BHK 2870 Sq. Ft. Apartment,33000000.0,2870.0,11498.25783972126,3,4,Apartment,,,
Beeramguda,Hyderabad,4 BHK 3500 Sq. Ft. Apartment,40300000.0,3500.0,11514.28571428571,4,4,Apartment,,,
Beeramguda,Hyderabad,4 BHK 4037 Sq. Ft. Apartment,46400000.0,4037.0,11493.68342828833,4,4,Apartment,,,
Beeramguda,Hyderabad,"5 BHK Flat for Sale in Beeramguda, Hyderabad",26500000.0,4400.0,6022.727272727273,5,5,Apartment,,,
Beeramguda,Hyderabad,"3 BHK Villa for Sale in Beeramguda, Hyderabad",14000000.0,1332.0,10510.51051051051,1,3,Villa,,,
Beeramguda,Hyderabad,3 BHK 1796 Sq. Ft. Apartment,18000000.0,1796.0,10022.27171492205,3,2,Apartment,,,
Beeramguda,Hyderabad,3 BHK 2124 Sq. Ft. Apartment,21200000.0,2124.0,9981.167608286252,3,4,Apartment,,,
Beeramguda,Hyderabad,4 BHK 2708 Sq. Ft. Apartment,27100000.0,2708.0,10007.38552437223,4,3,Apartment,,,
"Beeramguda, Hyderabad",Hyderabad,"Plot for Sale in Beeramguda, Hyderabad",13400000.0,200.0,67000.0,5,3,Apartment,,,
"Beeramguda, Hyderabad",Hyderabad,"6 BHK Villa for Sale in Beeramguda, Hyderabad",29000000.0,6000.0,4833.333333333333,5,5,Villa,,,
Beeramguda,Hyderabad,2 BHK 1296 Sq. Ft. Apartment,11300000.0,1296.0,8719.135802469134,2,2,Apartment,,,
Beeramguda,Hyderabad,2 BHK 1340 Sq. Ft. Apartment,11700000.0,1340.0,8731.34328358209,2,2,Apartment,,,
Beeramguda,Hyderabad,3 BHK 1909 Sq. Ft. Apartment,16700000.0,1909.0,8748.035620743845,3,3,Apartment,,,
Beeramguda,Hyderabad,3 BHK 2044 Sq. Ft. Apartment,17900000.0,2044.0,8757.3385518591,3,3,Apartment,,,
"Beeramguda, Hyderabad",Hyderabad,"3 BHK Villa for Sale in Beeramguda, Hyderabad",14000000.0,2547.0,5496.662740478995,3,3,Villa,,,
"Beeramguda, Hyderabad",Hyderabad,"3 BHK Villa for Sale in Beeramguda, Hyderabad",14000000.0,2008.0,6972.111553784861,3,3,Villa,,,
Beeramguda,Hyderabad,3 BHK 1601 Sq. Ft. Apartment,15200000.0,1601.0,9494.066208619612,3,3,Apartment,,,
Beeramguda,Hyderabad,3 BHK 2656 Sq. Ft. Apartment,25200000.0,2656.0,9487.951807228916,3,4,Apartment,,,
Beeramguda,Hyderabad,3 BHK 2064 Sq. Ft. Apartment,19600000.0,2064.0,9496.124031007752,3,3,Apartment,,,
Beeramguda,Hyderabad,3 BHK 1537 Sq. Ft. Apartment,14600000.0,1537.0,9499.024072869226,3,3,Apartment,,,
"Beeramguda, Hyderabad",Hyderabad,"2 BHK Flat for Sale in Beeramguda, Hyderabad",3000000.0,900.0,3333.333333333333,2,2,Apartment,,,
Begumpet,Hyderabad,"2 BHK Flat for Sale in Begumpet, Hyderabad",12200000.0,1475.0,8271.186440677966,3,2,Apartment,,,
"Begumpet, Hyderabad",Hyderabad,"1.5 BHK Flat for Sale in Begumpet, Hyderabad",5300000.0,1074.4,4932.985852568875,2,2,Apartment,,,
Begumpet,Hyderabad,"4 BHK Flat for Sale in Begumpet, Hyderabad",70000000.0,4455.0,15712.68237934905,5,4,Apartment,,,
"Begumpet, Hyderabad",Hyderabad,"4 BHK Flat for Sale in Begumpet, Hyderabad",62500000.0,4100.0,15243.90243902439,3,4,Apartment,,,
Know More About Begumpet,Hyderabad,"— Sharmila Dhoot, Tenant",28393436.88031823,2082.34965034965,13635.28784685638,3,3,Apartment,,,
Begumpet,Hyderabad,,28393436.88031823,2082.34965034965,13635.28784685638,3,3,Apartment,,,
"Begumpet, Hyderabad",Hyderabad,"2 BHK Flat for Sale in Begumpet, Hyderabad",4909000.0,1080.0,4545.37037037037,3,2,Apartment,,,
"Begumpet, Hyderabad",Hyderabad,"Office Space for Sale in Begumpet, Hyderabad",52500000.0,2500.0,21000.0,3,4,Apartment,,,
"Begumpet, Hyderabad",Hyderabad,"2.5 BHK Flat for Sale in Begumpet, Hyderabad",9500000.0,1300.0,7307.692307692308,3,2,Apartment,,,
Begumpet,Hyderabad,"3 BHK Flat for Sale in Begumpet, Hyderabad",8500000.0,1467.0,5794.137695978186,3,3,Apartment,,,
Begumpet,Hyderabad,"2 BHK Flat for Sale in Begumpet, Hyderabad",9000000.0,1350.0,6666.666666666667,3,2,Apartment,,,
"Begumpet, Hyderabad",Hyderabad,"2 BHK Flat for Sale in Begumpet, Hyderabad",5800000.0,980.0,5918.367346938776,2,2,Apartment,,,
"Begumpet, Hyderabad",Hyderabad,"Office Space for Sale in Begumpet, Hyderabad",14200000.0,1500.0,9466.666666666666,3,3,Apartment,,,
Begumpet,Hyderabad,"2 BHK Flat for Sale in Begumpet, Hyderabad",14000000.0,1361.0,10286.55400440852,2,2,Apartment,,,
Begumpet,Hyderabad,"3 BHK Flat for Sale in Begumpet, Hyderabad",25000000.0,2400.0,10416.66666666667,3,3,Apartment,,,
Begumpet,Hyderabad,"4 BHK Flat for Sale in Begumpet, Hyderabad",80000000.0,5290.0,15122.87334593573,5,4,Apartment,,,
"Begumpet, Hyderabad",Hyderabad,"3 BHK Flat for Sale in Begumpet, Hyderabad",20000000.0,2148.0,9310.986964618249,3,1,Apartment,,,
"Begumpet, Hyderabad",Hyderabad,"Plot for Sale in Begumpet, Hyderabad",50000000.0,320.0,156250.0,5,3,Apartment,,,
"Begumpet, Hyderabad",Hyderabad,"2 BHK Flat for Sale in Begumpet, Hyderabad",5800000.0,1180.0,4915.254237288135,2,2,Apartment,,,
"Begumpet, Hyderabad",Hyderabad,"Plot for Sale in Begumpet, Hyderabad",97600000.0,444.0,219819.8198198199,1,3,Apartment,,,
"Begumpet, Hyderabad",Hyderabad,"Office Space for Sale in Begumpet, Hyderabad",61000000.0,325.0,187692.3076923077,5,3,Apartment,,,
Begumpet,Hyderabad,"4 BHK Flat for Sale in Begumpet, Hyderabad",81600000.0,6050.0,13487.60330578512,5,3,Apartment,,,
"Begumpet, Hyderabad",Hyderabad,"Plot for Sale in Begumpet, Hyderabad",2900000.0,242.0,11983.47107438017,5,3,Apartment,,,
Begumpet,Hyderabad,"1 BHK Villa for Sale in Begumpet, Hyderabad",4900000.0,600.0,8166.666666666667,1,1,Villa,,,
"Sindhi Colony, Hyderabad",Hyderabad,"Plot for Sale in Sindhi Colony, Hyderabad",55000000.0,220.0,250000.0,5,4,Apartment,,,
Boduppal,Hyderabad,"4 BHK Builder Floor for Sale in Boduppal, Hyderabad",19400000.0,3200.0,6062.5,4,4,Apartment,,,
Boduppal,Hyderabad,2 BHK 1310 Sq. Ft. Apartment,11100000.0,1310.0,8473.282442748094,2,2,Apartment,,,
Boduppal,Hyderabad,3 BHK 1505 Sq. Ft. Apartment,14300000.0,1505.0,9501.661129568109,3,3,Apartment,,,
Boduppal,Hyderabad,3 BHK 1860 Sq. Ft. Apartment,17700000.0,1860.0,9516.129032258064,3,3,Apartment,,,
Boduppal,Hyderabad,"2 BHK Flat for Sale in Boduppal, Hyderabad",3500000.0,903.0,3875.968992248062,2,2,Apartment,,,
"Boduppal, Hyderabad",Hyderabad,"2 BHK Flat for Sale in Boduppal, Hyderabad",3900000.0,835.0,4670.65868263473,2,2,Apartment,,,
Boduppal,Hyderabad,3 BHK 1265 Sq. Ft. Apartment,6958000.0,1265.0,5500.395256916996,3,2,Apartment,,,
Boduppal,Hyderabad,3 BHK 1825 Sq. Ft. Apartment,10000000.0,1825.0,5479.45205479452,3,3,Apartment,,,
Boduppal,Hyderabad,"— Ashish Behera, Tenant",28393436.88031823,2082.34965034965,13635.28784685638,3,3,Apartment,,,
Boduppal,Hyderabad,,28393436.88031823,2082.34965034965,13635.28784685638,3,3,Apartment,,,
"Boduppal, Hyderabad",Hyderabad,"3 BHK House for Sale in Boduppal, Hyderabad",11000000.0,150.0,73333.33333333333,5,4,House,,,
"Boduppal, Hyderabad",Hyderabad,"3.5 BHK House for Sale in Boduppal, Hyderabad",14000000.0,1800.0,7777.777777777777,3,2,House,,,
Boduppal,Hyderabad,2 BHK 1210 Sq. Ft. Apartment,6895999.999999999,1210.0,5699.173553719008,2,2,Apartment,,,
Boduppal,Hyderabad,3 BHK 1475 Sq. Ft. Apartment,8406000.0,1475.0,5698.983050847458,3,3,Apartment,,,
"Boduppal, Hyderabad",Hyderabad,"5 BHK House for Sale in Boduppal, Hyderabad",13000000.0,166.0,78313.2530120482,5,5,House,,,
Boduppal,Hyderabad,"2 BHK Flat for Sale in Boduppal, Hyderabad",4800000.0,1172.0,4095.563139931741,2,2,Apartment,,,
Boduppal,Hyderabad,3 BHK 1635 Sq. Ft. Apartment,9810000.0,1635.0,6000.0,3,3,Apartment,,,
Boduppal,Hyderabad,3 BHK 2435 Sq. Ft. Apartment,14600000.0,2435.0,5995.893223819302,3,3,Apartment,,,
"Boduppal, Hyderabad",Hyderabad,"4 BHK House for Sale in Boduppal, Hyderabad",15000000.0,150.0,100000.0,5,4,House,,,
"Boduppal, Hyderabad",Hyderabad,"4 BHK House for Sale in Boduppal, Hyderabad",15000000.0,1800.0,8333.333333333334,3,4,House,,,
"Boduppal, Hyderabad",Hyderabad,"2 BHK House for Sale in Boduppal, Hyderabad",7600000.0,950.0,8000.0,2,2,House,,,
"Boduppal, Hyderabad",Hyderabad,"Plot for Sale in Boduppal, Hyderabad",4520000.0,175.0,25828.57142857143,5,3,Apartment,,,
Boduppal,Hyderabad,"2 BHK Flat for Sale in Boduppal, Hyderabad",6000000.0,1120.0,5357.142857142857,2,2,Apartment,,,
"Boduppal, Hyderabad",Hyderabad,"2 BHK House for Sale in Boduppal, Hyderabad",6600000.0,1168.0,5650.684931506849,2,2,House,,,
"Boduppal, Hyderabad",Hyderabad,"2 BHK Flat for Sale in Boduppal, Hyderabad",3000000.0,700.0,4285.714285714285,1,2,Apartment,,,
"Boduppal, Hyderabad",Hyderabad,"2 BHK House for Sale in Boduppal, Hyderabad",7500000.0,185.0,40540.54054054054,5,4,House,,,
Bowenpally,Hyderabad,"3 BHK Villa for Sale in Bowenpally, Hyderabad",9500000.0,1275.0,7450.980392156863,2,2,Villa,,,
"Bowenpally, Hyderabad",Hyderabad,"3 BHK House for Sale in Bowenpally, Hyderabad",28000000.0,2000.0,14000.0,3,3,House,,,
"Bowenpally, Hyderabad",Hyderabad,"6+ BHK House for Sale in Bowenpally, Hyderabad",22500000.0,183.0,122950.8196721312,5,4,House,,,
Bowenpally,Hyderabad,,28393436.88031823,2082.34965034965,13635.28784685638,3,3,Apartment,,,
"Bowenpally, Hyderabad",Hyderabad,"4 BHK Flat for Sale in Bowenpally, Hyderabad",10000000.0,3200.0,3125.0,4,4,Apartment,,,
Bowenpally,Hyderabad,"2 BHK Flat for Sale in Bowenpally, Hyderabad",6500000.0,1150.0,5652.173913043478,3,2,Apartment,,,
Bowenpally,Hyderabad,"2 BHK Flat for Sale in Bowenpally, Hyderabad",5600000.0,970.0,5773.19587628866,2,2,Apartment,,,
Bowenpally,Hyderabad,"3 BHK Flat for Sale in Bowenpally, Hyderabad",9600000.0,1700.0,5647.058823529412,3,3,Apartment,,,
"Bowenpally, Hyderabad",Hyderabad,"1 BHK House for Sale in Bowenpally, Hyderabad",3500000.0,450.0,7777.777777777777,1,1,House,,,
"Bowenpally, Hyderabad",Hyderabad,"Plot for Sale in Bowenpally, Hyderabad",16600000.0,166.0,100000.0,5,3,Apartment,,,
Bowenpally,Hyderabad,"2 BHK Flat for Sale in Bowenpally, Hyderabad",3500000.0,900.0,3888.888888888889,2,2,Apartment,,,
Chaderghat,Hyderabad,,44505800.0,720.0,61813.61111111111,5,2,Other,,,
Chaderghat,Hyderabad,,96740000.0,10020.8,9653.919846718823,5,3,Other,,,
Chaderghat,Hyderabad,,44505800.0,720.0,61813.61111111111,5,2,Apartment,,,
Chaderghat,Hyderabad,,28393436.88031823,2082.34965034965,13635.28784685638,3,3,Apartment,,,
Chaderghat,Hyderabad,,9000000.0,1237.2,7274.490785645005,3,2,Apartment,,,
Chaderghat,Hyderabad,,12500.0,260.6,47.96623177283193,2,2,Apartment,,,
Chaderghat,Hyderabad,,45027000.0,720.0,62537.5,3,2,Apartment,,,
Chaderghat,Hyderabad,,96740000.0,10020.8,9653.919846718823,5,3,Apartment,,,
Chaderghat,Hyderabad,,222800000.0,720.0,295051.2315086969,5,3,Other,,,
Chaderghat,Hyderabad,,63919400.0,550.0,116217.0909090909,1,3,Apartment,,,
Chaderghat,Hyderabad,,12060000.0,1105.8,10906.13130765057,1,2,Apartment,,,
Chaderghat,Hyderabad,,2700000.0,245.4,11002.44498777506,2,2,Apartment,,,
Chaderghat,Hyderabad,,4909.0,260.6,18.83729854182655,2,2,Apartment,,,
Chaderghat,Hyderabad,,63919400.0,550.0,116217.0909090909,1,2,Apartment,,,
Chaderghat,Hyderabad,,5920000.0,850.0,6964.705882352941,1,2,Apartment,,,
Chaderghat,Hyderabad,,2500000.0,243.4,10271.15858668858,2,1,Apartment,,,
Chaderghat,Hyderabad,,2941.0,260.6,11.2854950115119,2,2,Apartment,,,
Chaderghat,Hyderabad,,7078000.0,850.0,8327.058823529413,2,2,Apartment,,,
Chaderghat,Hyderabad,,3100000.0,430.4,7202.602230483271,2,1,Apartment,,,
Chaderghat,Hyderabad,,5636.0,260.6,21.62701458173446,2,2,Apartment,,,
Chikkadpally,Hyderabad,"2 BHK Flat for Sale in Chikkadpally, Hyderabad",9500000.0,1105.0,8597.285067873303,3,2,Apartment,,,
Chikkadpally,Hyderabad,3 BHK 2025 Sq. Ft. Apartment,24100000.0,2025.0,11901.23456790123,3,3,Apartment,,,
Chikkadpally,Hyderabad,3 BHK 1868 Sq. Ft. Apartment,21000000.0,1868.0,11241.97002141328,3,3,Apartment,,,
Chikkadpally,Hyderabad,4 BHK 2530 Sq. Ft. Apartment,28500000.0,2530.0,11264.82213438735,4,3,Apartment,,,
Chikkadpally,Hyderabad,4 BHK 2635 Sq. Ft. Apartment,31500000.0,2635.0,11954.45920303605,4,4,Apartment,,,
"Chikkadpally, Hyderabad",Hyderabad,"2 BHK Flat for Sale in Chikkadpally, Hyderabad",9500000.0,1104.0,8605.072463768116,3,2,Apartment,,,
Chikkadpally,Hyderabad,3 BHK 2125 Sq. Ft. Apartment,25360000.0,2125.0,11934.11764705882,3,3,Apartment,,,
Chikkadpally,Hyderabad,4 BHK 3500 Sq. Ft. Apartment,63180000.0,3500.0,18051.42857142857,4,5,Apartment,,,
Chikkadpally,Hyderabad,,28393436.88031823,2082.34965034965,13635.28784685638,3,3,Apartment,,,
"Chikkadpally, Hyderabad",Hyderabad,"2 BHK Flat for Sale in Chikkadpally, Hyderabad",8600000.0,1200.0,7166.666666666667,2,2,Apartment,,,
"Chikkadpally, Hyderabad",Hyderabad,"3 BHK Flat for Sale in Chikkadpally, Hyderabad",13000000.0,1650.0,7878.787878787879,3,2,Apartment,,,
"Chikkadpally, Hyderabad",Hyderabad,"Plot for Sale in Chikkadpally, Hyderabad",521000.0,149.0,3496.644295302013,5,3,Apartment,,,
Chikkadpally,Hyderabad,"6+ BHK House for Sale in Baghlingampally, Hyderabad",30000000.0,4500.0,6666.666666666667,5,5,House,,,
"Narayanguda, Hyderabad",Hyderabad,"2 BHK Flat for Sale in Narayanguda, Hyderabad",9000000.0,1285.0,7003.891050583657,2,2,Apartment,,,
"Narayanguda, Hyderabad",Hyderabad,"6+ BHK Flat for Sale in Narayanguda, Hyderabad",130000000.0,3500.0,37142.85714285714,4,6,Apartment,,,
"Narayanguda, Hyderabad",Hyderabad,"Plot for Sale in Narayanguda, Hyderabad",28000000.0,200.0,140000.0,5,4,Apartment,,,
"Narayanguda, Hyderabad",Hyderabad,"2 BHK Flat for Sale in Narayanguda, Hyderabad",8200000.0,1029.0,7968.901846452867,2,2,Apartment,,,
"Narayanguda, Hyderabad",Hyderabad,"3 BHK Flat for Sale in Narayanguda, Hyderabad",10000000.0,1350.0,7407.407407407408,3,2,Apartment,,,
"Nallagandla, Hyderabad",Hyderabad,"2 BHK Flat for Sale in Nallagandla, Hyderabad",6500000.0,1000.0,6500.0,2,2,Apartment,,,
"Nallagandla, Hyderabad",Hyderabad,"2 BHK Flat for Sale in Nallagandla, Hyderabad",6200000.0,920.0,6739.130434782609,2,2,Apartment,,,
"New Nallakunta, Hyderabad",Hyderabad,"3 BHK Flat for Sale in New Nallakunta, Hyderabad",16600000.0,1850.0,8972.972972972973,3,2,Apartment,,,
"New Nallakunta, Hyderabad",Hyderabad,"Plot for Sale in New Nallakunta, Hyderabad",70000000.0,311.0,225080.38585209,5,4,Apartment,,,
"New Nallakunta, Hyderabad",Hyderabad,"3 BHK Flat for Sale in New Nallakunta, Hyderabad",14100000.0,1850.0,7621.621621621622,3,2,Apartment,,,
"New Nallakunta, Hyderabad",Hyderabad,"Plot for Sale in New Nallakunta, Hyderabad",59360000.0,311.0,190868.1672025724,5,3,Apartment,,,
"Narayanguda, Hyderabad",Hyderabad,"Plot for Sale in Narayanguda, Hyderabad",89280000.0,675.0,132266.6666666667,2,1,Apartment,,,
"Narayanguda, Hyderabad",Hyderabad,"Plot for Sale in Narayanguda, Hyderabad",4405800.0,730.0,6035.342465753424,3,1,Apartment,,,
"Narayanguda, Hyderabad",Hyderabad,"Plot for Sale in Narayanguda, Hyderabad",49140000.0,750.0,65520.0,4,2,Apartment,,,
"Narayanguda, Hyderabad",Hyderabad,"Plot for Sale in Narayanguda, Hyderabad",48220000.0,760.0,63447.36842105263,5,2,Apartment,,,
"Narayanguda, Hyderabad",Hyderabad,"Plot for Sale in Narayanguda, Hyderabad",5840000.0,790.0,7392.405063291139,4,2,Apartment,,,
"Narayanguda, Hyderabad",Hyderabad,"Plot for Sale in Narayanguda, Hyderabad",4405800.0,725.0,6076.96551724138,3,2,Apartment,,,
"Narayanguda, Hyderabad",Hyderabad,"Plot for Sale in Narayanguda, Hyderabad",83660000.0,620.0,134935.4838709677,2,2,Apartment,,,
"Narayanguda, Hyderabad",Hyderabad,"Plot for Sale in Narayanguda, Hyderabad",48805800.0,735.0,66402.44897959183,3,2,Apartment,,,
"Narayanguda, Hyderabad",Hyderabad,"Plot for Sale in Narayanguda, Hyderabad",83660000.0,650.0,128707.6923076923,2,2,Apartment,,,
"Narayanguda, Hyderabad",Hyderabad,"Plot for Sale in Narayanguda, Hyderabad",89280000.0,670.0,133253.7313432836,2,1,Apartment,,,
"Narayanguda, Hyderabad",Hyderabad,"Plot for Sale in Narayanguda, Hyderabad",20640000.0,635.0,32503.93700787401,2,1,Apartment,,,
"Narayanguda, Hyderabad",Hyderabad,"Plot for Sale in Narayanguda, Hyderabad",89280000.0,665.0,134255.6390977444,2,1,Apartment,,,
"Narayanguda, Hyderabad",Hyderabad,"Plot for Sale in Narayanguda, Hyderabad",47179999.99999999,660.0,71484.84848484848,2,1,Apartment,,,
Chintal,Hyderabad,"2 BHK Flat for Sale in Chintal, Hyderabad",6000000.0,1080.0,5555.555555555556,3,2,House,,,
"Chintal, Hyderabad",Hyderabad,"4 BHK House for Sale in Chintal, Hyderabad",10000000.0,220.0,45454.54545454546,5,4,House,,,
"Chintal, Hyderabad",Hyderabad,"Plot for Sale in Chintal, Hyderabad",17200000.0,250.0,68800.0,5,3,Apartment,,,
Chintal,Hyderabad,,28393436.88031823,2082.34965034965,13635.28784685638,3,3,Apartment,,,
"Chintal, Hyderabad",Hyderabad,"2 BHK Flat for Sale in Chintal, Hyderabad",5600000.0,1055.0,5308.056872037915,2,2,Apartment,,,
"Chintal, Hyderabad",Hyderabad,"6+ BHK House for Sale in Chintal, Hyderabad",20000000.0,4900.0,4081.632653061225,5,6,House,,,
"Chintal, Hyderabad",Hyderabad,"2 BHK Flat for Sale in Chintal, Hyderabad",5200000.0,1050.0,4952.380952380952,2,2,Apartment,,,
"Chintal, Hyderabad",Hyderabad,"6 BHK House for Sale in Chintal, Hyderabad",28500000.0,4200.0,6785.714285714285,3,3,House,,,
"Subhash Nagar, Hyderabad",Hyderabad,"Plot for Sale in Subhash Nagar, Hyderabad",32800000.0,400.0,81999.99999999999,1,3,House,,,
"Subhash Nagar, Hyderabad",Hyderabad,"Plot for Sale in Subhash Nagar, Hyderabad",32800000.0,400.0,81999.99999999999,2,3,Apartment,,,
"Jeedimetla, Hyderabad",Hyderabad,"Plot for Sale in Jeedimetla, Hyderabad",21400000.0,330.0,64848.48484848485,3,3,Apartment,,,
"Jeedimetla, Hyderabad",Hyderabad,"Industrial Plot for Sale in Jeedimetla, Hyderabad",35000000.0,1400.0,25000.0,3,3,Apartment,,,
"Jeedimetla, Hyderabad",Hyderabad,"Industrial Plot for Sale in Jeedimetla, Hyderabad",222800000.0,9700.0,55340.20618556701,5,5,Apartment,,,
"Subhash Nagar, Hyderabad",Hyderabad,"Plot for Sale in Subhash Nagar, Hyderabad",196000000.0,2800.0,70000.0,6,4,Apartment,,,
"Subhash Nagar, Hyderabad",Hyderabad,"Plot for Sale in Subhash Nagar, Hyderabad",8265000.000000001,145.0,57000.00000000001,5,3,Apartment,,,
"Rodamestri Nagar, Hyderabad",Hyderabad,"Plot for Sale in Rodamestri Nagar, Hyderabad",7000000.0,1350.0,5185.185185185185,3,2,Apartment,,,
"Dulapally, Hyderabad",Hyderabad,"Plot for Sale in Dulapally, Hyderabad",11200000.0,160.0,70000.00000000001,5,3,Apartment,,,
Chintal,Hyderabad,"3 BHK Builder Floor for Sale in Jeedimetla, Hyderabad",9500000.0,1505.0,6312.292358803987,3,3,Apartment,,,
Chintal,Hyderabad,"3 BHK Flat for Sale in Jeedimetla, Hyderabad",10000000.0,1565.0,6389.776357827476,3,3,Apartment,,,
"Qutubullapur, Hyderabad",Hyderabad,"Plot for Sale in Qutubullapur, Hyderabad",22000000.0,300.0,73333.33333333333,5,3,Apartment,,,
"Gajularamaram, Hyderabad",Hyderabad,"4 BHK House for Sale in Gajularamaram, Hyderabad",8200000.0,1521.4,5389.772577888786,3,3,House,,,
Chintal,Hyderabad,"2 BHK Flat for Sale in Suchitra Road, Hyderabad",8200000.0,1235.0,6639.676113360324,3,2,Apartment,,,
Dammaiguda,Hyderabad,"2 BHK House for Sale in Dammaiguda, Hyderabad",11000000.0,2500.0,4400.0,3,2,Villa,,,
"Dammaiguda, Hyderabad",Hyderabad,"3 BHK Villa for Sale in Dammaiguda, Hyderabad",11500000.0,2300.0,5000.0,3,3,Villa,,,
"Dammaiguda, Hyderabad",Hyderabad,"3 BHK House for Sale in Dammaiguda, Hyderabad",11800000.0,167.0,70658.68263473053,5,3,House,,,
Dammaiguda,Hyderabad,,28393436.88031823,2082.34965034965,13635.28784685638,3,3,Apartment,,,
"Dammaiguda, Hyderabad",Hyderabad,"2 BHK House for Sale in Dammaiguda, Hyderabad",8200000.0,141.0,58156.02836879432,5,2,House,,,
"Dammaiguda, Hyderabad",Hyderabad,"4 BHK House for Sale in Dammaiguda, Hyderabad",11500000.0,2350.0,4893.617021276596,3,3,House,,,
"Dammaiguda, Hyderabad",Hyderabad,"3 BHK Villa for Sale in Dammaiguda, Hyderabad",9000000.0,1400.0,6428.571428571428,3,3,Villa,,,
"Dammaiguda, Hyderabad",Hyderabad,"3 BHK Villa for Sale in Dammaiguda, Hyderabad",18000000.0,300.0,60000.0,5,1,Villa,,,
ECILECIL is a residential cum industrial hub in the,Hyderabad,"Plot for Sale in Ecil, Hyderabad",19000000.0,201.0,94527.3631840796,5,2,Apartment,,,
"Ecil, Hyderabad",Hyderabad,"Plot for Sale in Ecil, Hyderabad",19000000.0,201.0,94527.3631840796,5,3,Apartment,,,
ECIL,Hyderabad,2 BHK 1310 Sq. Ft. Apartment,11100000.0,1310.0,8473.282442748094,2,2,Apartment,,,
ECIL,Hyderabad,3 BHK 1505 Sq. Ft. Apartment,14300000.0,1505.0,9501.661129568109,3,3,Apartment,,,
ECIL,Hyderabad,3 BHK 1860 Sq. Ft. Apartment,17700000.0,1860.0,9516.129032258064,3,3,Apartment,,,
"Ecil, Hyderabad",Hyderabad,"2 BHK Flat for Sale in Ecil, Hyderabad",6900000.0,1156.0,5968.858131487889,2,2,Apartment,,,
ECIL,Hyderabad,"Plot for Sale in Ecil, Hyderabad",4500000.0,150.0,30000.0,5,3,Apartment,,,
ECIL,Hyderabad,3 BHK 1265 Sq. Ft. Apartment,6958000.0,1265.0,5500.395256916996,3,2,Apartment,,,
ECIL,Hyderabad,3 BHK 1825 Sq. Ft. Apartment,10000000.0,1825.0,5479.45205479452,3,3,Apartment,,,
Know More About ECIL,Hyderabad,"— Laxmi Burman, Tenant",28393436.88031823,2082.34965034965,13635.28784685638,3,3,Apartment,,,
ECIL,Hyderabad,,28393436.88031823,2082.34965034965,13635.28784685638,3,3,Apartment,,,
"Ecil, Hyderabad",Hyderabad,"Plot for Sale in Ecil, Hyderabad",28393436.88031823,2082.34965034965,13635.28784685638,3,3,Apartment,,,
"Ecil, Hyderabad",Hyderabad,"Plot for Sale in Ecil, Hyderabad",960000.0,217.0,4423.963133640553,2,2,Apartment,,,
ECIL,Hyderabad,2 BHK 1210 Sq. Ft. Apartment,6895999.999999999,1210.0,5699.173553719008,2,2,Apartment,,,
ECIL,Hyderabad,3 BHK 1475 Sq. Ft. Apartment,8406000.0,1475.0,5698.983050847458,3,3,Apartment,,,
"Ecil, Hyderabad",Hyderabad,"Plot for Sale in Ecil, Hyderabad",24000000.0,200.0,120000.0,5,3,Apartment,,,
"Ecil, Hyderabad",Hyderabad,"2 BHK House for Sale in Ecil, Hyderabad",7400000.0,1100.0,6727.272727272727,2,2,House,,,
ECIL,Hyderabad,3 BHK 1635 Sq. Ft. Apartment,9810000.0,1635.0,6000.0,3,3,Apartment,,,
ECIL,Hyderabad,3 BHK 2435 Sq. Ft. Apartment,14600000.0,2435.0,5995.893223819302,3,3,Apartment,,,
"Ecil, Hyderabad",Hyderabad,"Plot for Sale in Ecil, Hyderabad",19000000.0,200.0,95000.0,5,3,Apartment,,,
"Ecil, Hyderabad",Hyderabad,"2 BHK House for Sale in Ecil, Hyderabad",6200000.0,900.0,6888.888888888889,2,2,House,,,
"Ecil, Hyderabad",Hyderabad,"3 BHK Flat for Sale in Ecil, Hyderabad",8000000.0,1500.0,5333.333333333333,3,3,Apartment,,,
"Ecil, Hyderabad",Hyderabad,"1 BHK Flat for Sale in Ecil, Hyderabad",2800000.0,500.0,5600.0,1,1,Apartment,,,
"Sainikpuri, Hyderabad",Hyderabad,"2 BHK Flat for Sale in Sainikpuri, Hyderabad",5500000.0,1035.0,5314.009661835748,2,2,Villa,,,
"Kapra, Hyderabad",Hyderabad,"2.5 BHK House for Sale in Kapra, Hyderabad",9800000.0,138.0,71014.49275362318,5,2,House,,,
"Nagaram, Hyderabad",Hyderabad,"2 BHK Flat for Sale in Nagaram, Hyderabad",4800000.0,1070.0,4485.981308411215,2,2,Apartment,,,
ECIL,Hyderabad,"2 BHK Flat for Sale in Kushaiguda, Hyderabad",6000000.0,1046.0,5736.137667304015,2,2,Apartment,,,
ECIL,Hyderabad,"4 BHK House for Sale in Kushaiguda, Hyderabad",20000000.0,2400.0,8333.333333333334,3,3,House,,,
"Kamalanagar, Hyderabad",Hyderabad,"2 BHK Flat for Sale in Kamalanagar, Hyderabad",7900000.0,1100.0,7181.818181818182,2,2,Apartment,,,
ECIL,Hyderabad,"2 BHK Flat for Sale in Moula Ali, Hyderabad",5400000.0,1150.0,4695.652173913043,3,2,Apartment,,,
"Kushaiguda, Hyderabad",Hyderabad,"4 BHK House for Sale in Kushaiguda, Hyderabad",125000000.0,2500.0,50000.0,3,4,House,,,
"Kushaiguda, Hyderabad",Hyderabad,"4 BHK Villa for Sale in Kushaiguda, Hyderabad",18500000.0,190.0,97368.42105263156,5,3,Villa,,,
"Kapra, Hyderabad",Hyderabad,"2 BHK Flat for Sale in Kapra, Hyderabad",6000000.0,1046.0,5736.137667304015,2,2,Apartment,,,
"Moula Ali, Hyderabad",Hyderabad,"3 BHK Flat for Sale in Moula Ali, Hyderabad",9500000.0,1700.0,5588.235294117647,3,1,Apartment,,,
"Moula Ali, Hyderabad",Hyderabad,"2 BHK House for Sale in Moula Ali, Hyderabad",27500000.0,7000.0,3928.571428571429,4,2,House,,,
Erragadda,Hyderabad,"2 BHK Flat for Sale in Erragadda, Hyderabad",6800000.0,1000.0,6800.0,2,2,Apartment,,,
Erragadda,Hyderabad,3 BHK 2025 Sq. Ft. Apartment,24100000.0,2025.0,11901.23456790123,3,3,Apartment,,,
Erragadda,Hyderabad,3 BHK 1868 Sq. Ft. Apartment,21000000.0,1868.0,11241.97002141328,3,3,Apartment,,,
Erragadda,Hyderabad,4 BHK 2530 Sq. Ft. Apartment,28500000.0,2530.0,11264.82213438735,4,3,Apartment,,,
Erragadda,Hyderabad,4 BHK 2635 Sq. Ft. Apartment,31500000.0,2635.0,11954.45920303605,4,4,Apartment,,,
Erragadda,Hyderabad,"2 BHK Flat for Sale in Erragadda, Hyderabad",9500000.0,1155.0,8225.108225108224,2,2,Apartment,,,
Erragadda,Hyderabad,"2 BHK Flat for Sale in Erragadda, Hyderabad",8800000.0,1150.0,7652.173913043478,3,2,Apartment,,,
Erragadda,Hyderabad,3 BHK 2125 Sq. Ft. Apartment,25360000.0,2125.0,11934.11764705882,3,3,Apartment,,,
Erragadda,Hyderabad,4 BHK 3500 Sq. Ft. Apartment,63180000.0,3500.0,18051.42857142857,4,5,Apartment,,,
Erragadda,Hyderabad,,28393436.88031823,2082.34965034965,13635.28784685638,3,3,Apartment,,,
"Erragadda, Hyderabad",Hyderabad,"2 BHK Flat for Sale in Erragadda, Hyderabad",5000000.0,900.0,5555.555555555556,2,2,Apartment,,,
"Erragadda, Hyderabad",Hyderabad,"4 BHK Flat for Sale in Erragadda, Hyderabad",30500000.0,2625.0,11619.04761904762,5,4,Apartment,,,
Erragadda,Hyderabad,"2 BHK Flat for Sale in Erragadda, Hyderabad",8900000.0,1150.0,7739.130434782609,3,2,Apartment,,,
Erragadda,Hyderabad,"4 BHK Flat for Sale in Erragadda, Hyderabad",38000000.0,2635.0,14421.25237191651,5,4,Apartment,,,
Erragadda,Hyderabad,"3 BHK Flat for Sale in Erragadda, Hyderabad",21500000.0,1868.0,11509.63597430407,3,3,Apartment,,,
Erragadda,Hyderabad,"4 BHK Flat for Sale in Erragadda, Hyderabad",31000000.0,2635.0,11764.70588235294,5,4,Apartment,,,
Erragadda,Hyderabad,"4 BHK Flat for Sale in Erragadda, Hyderabad",30300000.0,2530.0,11976.28458498024,3,4,Apartment,,,
Erragadda,Hyderabad,"3 BHK Flat for Sale in Erragadda, Hyderabad",21000000.0,1868.0,11241.97002141328,3,3,Apartment,,,
Erragadda,Hyderabad,"2 BHK Flat for Sale in Erragadda, Hyderabad",9000000.0,1150.0,7826.086956521739,3,2,Apartment,,,
Erragadda,Hyderabad,"3 BHK Flat for Sale in Erragadda, Hyderabad",11200000.0,1435.0,7804.878048780489,3,3,Apartment,,,
Erragadda,Hyderabad,"3 BHK Flat for Sale in Erragadda, Hyderabad",28000000.0,2025.0,13827.16049382716,3,3,Apartment,,,
Erragadda,Hyderabad,"2 BHK Flat for Sale in Erragadda, Hyderabad",9000000.0,1155.0,7792.207792207792,2,2,Apartment,,,
Film,Hyderabad,"4 BHK Flat for Sale in Film Nagar, Hyderabad",39600000.0,3300.0,12000.0,3,4,Apartment,,,
Film Nagar,Hyderabad,3 BHK 2025 Sq. Ft. Apartment,24100000.0,2025.0,11901.23456790123,3,3,Apartment,,,
Film Nagar,Hyderabad,3 BHK 1868 Sq. Ft. Apartment,21000000.0,1868.0,11241.97002141328,3,3,Apartment,,,
Film Nagar,Hyderabad,4 BHK 2530 Sq. Ft. Apartment,28500000.0,2530.0,11264.82213438735,4,3,Apartment,,,
Film Nagar,Hyderabad,4 BHK 2635 Sq. Ft. Apartment,31500000.0,2635.0,11954.45920303605,4,4,Apartment,,,
"Film Nagar, Hyderabad",Hyderabad,"Plot for Sale in Film Nagar, Hyderabad",89280000.0,706.0,126458.9235127479,3,1,Apartment,,,
"Film Nagar, Hyderabad",Hyderabad,"3 BHK Penthouse for Sale in Film Nagar, Hyderabad",19000000.0,2000.0,9500.0,3,3,Apartment,,,
Film Nagar,Hyderabad,3 BHK 2125 Sq. Ft. Apartment,25360000.0,2125.0,11934.11764705882,3,3,Apartment,,,
Film Nagar,Hyderabad,4 BHK 3500 Sq. Ft. Apartment,63180000.0,3500.0,18051.42857142857,4,5,Apartment,,,
Film Nagar,Hyderabad,,28393436.88031823,2082.34965034965,13635.28784685638,3,3,Apartment,,,
"Film Nagar, Hyderabad",Hyderabad,"4 BHK Flat for Sale in Film Nagar, Hyderabad",45000000.0,3800.0,11842.1052631579,3,4,Apartment,,,
"Film Nagar, Hyderabad",Hyderabad,"Plot for Sale in Film Nagar, Hyderabad",215000000.0,707.0,295051.2315086969,3,2,Apartment,,,
"Film Nagar, Hyderabad",Hyderabad,"Plot for Sale in Film Nagar, Hyderabad",140000000.0,538.0,260223.0483271376,1,2,Apartment,,,
"Film Nagar, Hyderabad",Hyderabad,"3 BHK Flat for Sale in Film Nagar, Hyderabad",16000000.0,1966.0,8138.351983723296,3,3,Apartment,,,
"Film Nagar, Hyderabad",Hyderabad,"Plot for Sale in Film Nagar, Hyderabad",139800000.0,538.0,259851.3011152416,1,2,Apartment,,,
"Film Nagar, Hyderabad",Hyderabad,"3 BHK Flat for Sale in Film Nagar, Hyderabad",16200000.0,2025.0,8000.000000000001,3,3,Apartment,,,
"Film Nagar, Hyderabad",Hyderabad,"3 BHK Flat for Sale in Film Nagar, Hyderabad",17500000.0,1967.0,8896.79715302491,3,3,Apartment,,,
"Film Nagar, Hyderabad",Hyderabad,"3 BHK Flat for Sale in Film Nagar, Hyderabad",17000000.0,2068.0,8220.502901353966,3,3,Apartment,,,
"Film Nagar, Hyderabad",Hyderabad,"4 BHK Flat for Sale in Film Nagar, Hyderabad",48000000.0,3800.0,12631.57894736842,3,4,Apartment,,,
"Film Nagar, Hyderabad",Hyderabad,"3 BHK Flat for Sale in Film Nagar, Hyderabad",13000000.0,1000.0,13000.0,2,3,Apartment,,,
"Film Nagar, Hyderabad",Hyderabad,"3 BHK Flat for Sale in Film Nagar, Hyderabad",17500000.0,2068.0,8462.282398452611,3,3,Apartment,,,
Film Nagar,Hyderabad,"Plot for Sale in Film Nagar, Hyderabad",1500000.0,150.0,10000.0,5,3,Apartment,,,
"Film Nagar, Hyderabad",Hyderabad,"3 BHK Flat for Sale in Film Nagar, Hyderabad",16900000.0,2069.0,8168.197196713388,3,3,Apartment,,,
"Film Nagar, Hyderabad",Hyderabad,"3 BHK Flat for Sale in Film Nagar, Hyderabad",16800000.0,1968.0,8536.585365853658,3,3,Apartment,,,
"Hakimpet, Hyderabad",Hyderabad,"2 BHK House for Sale in Hakimpet, Hyderabad",7000000.0,133.0,52631.57894736842,5,5,Villa,,,
"Hakimpet, Hyderabad",Hyderabad,"5 BHK House for Sale in Hakimpet, Hyderabad",222800000.0,3000.0,92446.66666666669,4,5,House,,,
"Jubilee Hills, Hyderabad",Hyderabad,"5 BHK House for Sale in Jubilee Hills, Hyderabad",210000000.0,5000.0,42000.0,5,3,House,,,
"Jubilee Hills, Hyderabad",Hyderabad,"Land for Sale in Jubilee Hills, Hyderabad",210000000.0,717.0,292887.0292887029,3,2,Apartment,,,
"Jubilee Hills, Hyderabad",Hyderabad,"4 BHK House for Sale in Jubilee Hills, Hyderabad",81000000.0,5000.0,16200.0,5,4,House,,,
"Jubilee Hills, Hyderabad",Hyderabad,"3 BHK Builder Floor for Sale in Jubilee Hills, Hyderabad",44000000.0,3100.0,14193.54838709678,4,3,Apartment,,,
"Hakimpet, Hyderabad",Hyderabad,"3 BHK House for Sale in Hakimpet, Hyderabad",8500000.0,100.0,85000.0,5,3,House,,,
"Jubilee Hills, Hyderabad",Hyderabad,"Plot for Sale in Jubilee Hills, Hyderabad",199900000.0,700.0,285571.4285714285,3,2,Apartment,,,
Film Nagar,Hyderabad,"4 BHK Flat for Sale in Shaikpet, Hyderabad",20300000.0,2300.0,8826.08695652174,3,4,Apartment,,,
Film Nagar,Hyderabad,"Shop for Sale in Tolichowki, Hyderabad",3000000.0,210.0,14285.71428571429,5,3,Apartment,,,
Film Nagar,Hyderabad,"Plot for Sale in Jubilee Hills, Hyderabad",26800000.0,2101.0,12755.83055687768,3,4,Apartment,,,
Film Nagar,Hyderabad,"3 BHK Flat for Sale in Hakimpet, Hyderabad",49400000.00000001,3800.0,13000.0,3,3,Apartment,,,
"Jubilee Hills, Hyderabad",Hyderabad,"Land for Sale in Jubilee Hills, Hyderabad",89280000.0,706.0,126458.9235127479,3,1,Apartment,,,
"Amangal, Hyderabad",Hyderabad,"Plot for Sale in Amangal, Hyderabad",1800000.0,150.0,12000.0,5,3,Apartment,,,
Film Nagar,Hyderabad,"3 BHK Villa for Sale in Jubilee Hills, Hyderabad",97000000.0,3750.0,25866.66666666667,3,4,Villa,,,
Film Nagar,Hyderabad,"5 BHK Villa for Sale in Jubilee Hills, Hyderabad",100000000.0,395.0,253164.5569620253,1,6,Villa,,,
Film Nagar,Hyderabad,"5 BHK Villa for Sale in Jubilee Hills, Hyderabad",100000000.0,5500.0,18181.81818181818,5,5,Villa,,,
"Tolichowki, Hyderabad",Hyderabad,"3 BHK Flat for Sale in Tolichowki, Hyderabad",12000000.0,1600.0,7500.0,3,3,Apartment,,,
Film Nagar,Hyderabad,"3 BHK Builder Floor for Sale in Jubilee Hills, Hyderabad",30000000.0,2650.0,11320.75471698113,5,3,Apartment,,,
Locality,Hyderabad,"Office Space for Sale in Financial District, Hyderabad",222800000.0,1877.4,295051.2315086969,3,4,Apartment,,,
"Financial District, Hyderabad",Hyderabad,"Office Space for Sale in Financial District, Hyderabad",222800000.0,10200.0,97586.6662536014,5,5,Apartment,,,
Financial District,Hyderabad,3 BHK 2350 Sq. Ft. Apartment,28200000.0,2350.0,12000.0,3,3,Apartment,,,
Financial District,Hyderabad,3 BHK 2650 Sq. Ft. Apartment,31800000.0,2650.0,12000.0,3,4,Apartment,,,
Financial District,Hyderabad,4 BHK 2800 Sq. Ft. Apartment,33600000.0,2800.0,12000.0,4,4,Apartment,,,
Financial District,Hyderabad,4 BHK 3600 Sq. Ft. Apartment,43200000.0,3600.0,12000.0,4,4,Apartment,,,
Financial District,Hyderabad,"3 BHK Flat for Sale in Financial District, Hyderabad",21000000.0,1980.0,10606.06060606061,3,4,Apartment,,,
Financial District,Hyderabad,"3 BHK Flat for Sale in Financial District, Hyderabad",22300000.0,1980.0,11262.62626262626,3,4,Apartment,,,
Financial District,Hyderabad,"3 BHK Flat for Sale in Financial District, Hyderabad",19000000.0,1980.0,9595.959595959595,3,3,Apartment,,,
Financial District,Hyderabad,"4 BHK Flat for Sale in Financial District, Hyderabad",76000000.0,5550.0,13693.6936936937,5,4,Apartment,,,
"Financial District, Hyderabad",Hyderabad,"2 BHK Flat for Sale in Financial District, Hyderabad",13400000.0,1355.0,9889.29889298893,2,2,Apartment,,,
Financial District,Hyderabad,"3 BHK Flat for Sale in Financial District, Hyderabad",25000000.0,1549.0,16139.44480309877,3,3,Apartment,,,
Financial District,Hyderabad,3 BHK 2850 Sq. Ft. Apartment,29900000.0,2850.0,10491.22807017544,3,4,Apartment,,,
Financial District,Hyderabad,4 BHK 3303 Sq. Ft. Apartment,34700000.0,3303.0,10505.60096881623,4,4,Apartment,,,
Financial District,Hyderabad,4 BHK 3850 Sq. Ft. Apartment,40400000.0,3850.0,10493.50649350649,4,4,Apartment,,,
Financial District,Hyderabad,"— SYED HAFIZ, Real estate agent",28393436.88031823,2082.34965034965,13635.28784685638,3,3,Apartment,,,
Financial District,Hyderabad,,28393436.88031823,2082.34965034965,13635.28784685638,3,3,Apartment,,,
Financial District,Hyderabad,"3 BHK Flat for Sale in Financial District, Hyderabad",21500000.0,1392.0,15445.40229885058,3,3,Apartment,,,
Financial District,Hyderabad,"3 BHK Flat for Sale in Financial District, Hyderabad",24500000.0,1558.0,15725.28883183569,3,3,Apartment,,,
Financial District,Hyderabad,3 BHK 2180 Sq. Ft. Apartment,20900000.0,2180.0,9587.155963302752,3,4,Apartment,,,
Financial District,Hyderabad,3 BHK 1750 Sq. Ft. Apartment,16800000.0,1750.0,9600.0,3,3,Apartment,,,
Financial District,Hyderabad,4 BHK 3020 Sq. Ft. Apartment,29000000.0,3020.0,9602.649006622516,4,4,Apartment,,,
Financial District,Hyderabad,"3 BHK Flat for Sale in Financial District, Hyderabad",21000000.0,1980.0,10606.06060606061,3,3,Apartment,,,
"Financial District, Hyderabad",Hyderabad,"3 BHK Flat for Sale in Financial District, Hyderabad",20200000.0,1816.0,11123.34801762114,3,3,Apartment,,,
Financial District,Hyderabad,"Office Space for Sale in Financial District, Hyderabad",8400000.0,500.0,16800.0,1,3,Apartment,,,
Financial District,Hyderabad,3 BHK 2003 Sq. Ft. Apartment,23000000.0,2003.0,11482.77583624563,3,3,Apartment,,,
Financial District,Hyderabad,3 BHK 2870 Sq. Ft. Apartment,33000000.0,2870.0,11498.25783972126,3,4,Apartment,,,
Financial District,Hyderabad,4 BHK 3500 Sq. Ft. Apartment,40300000.0,3500.0,11514.28571428571,4,4,Apartment,,,
Financial District,Hyderabad,4 BHK 4037 Sq. Ft. Apartment,46400000.0,4037.0,11493.68342828833,4,4,Apartment,,,
Financial District,Hyderabad,"3 BHK Flat for Sale in Financial District, Hyderabad",22000000.0,1980.0,11111.11111111111,3,3,Apartment,,,
Financial District,Hyderabad,"3 BHK Flat for Sale in Financial District, Hyderabad",18600000.0,1980.0,9393.939393939394,3,3,Apartment,,,
"Financial District, Hyderabad",Hyderabad,"3 BHK Flat for Sale in Financial District, Hyderabad",23600000.0,2210.0,10678.73303167421,3,3,Apartment,,,
Financial District,Hyderabad,3 BHK 1796 Sq. Ft. Apartment,18000000.0,1796.0,10022.27171492205,3,2,Apartment,,,
Financial District,Hyderabad,3 BHK 2124 Sq. Ft. Apartment,21200000.0,2124.0,9981.167608286252,3,4,Apartment,,,
Financial District,Hyderabad,4 BHK 2708 Sq. Ft. Apartment,27100000.0,2708.0,10007.38552437223,4,3,Apartment,,,
Financial District,Hyderabad,"4 BHK Flat for Sale in Financial District, Hyderabad",35800000.0,3584.0,9988.839285714286,3,5,Apartment,,,
Financial District,Hyderabad,"4 BHK Flat for Sale in Financial District, Hyderabad",38000000.0,2860.0,13286.71328671329,5,4,Apartment,,,
"Financial District, Hyderabad",Hyderabad,"3 BHK Flat for Sale in Financial District, Hyderabad",20700000.0,2411.0,8585.649108253836,3,3,Apartment,,,
Financial District,Hyderabad,2 BHK 1296 Sq. Ft. Apartment,11300000.0,1296.0,8719.135802469134,2,2,Apartment,,,
Financial District,Hyderabad,2 BHK 1340 Sq. Ft. Apartment,11700000.0,1340.0,8731.34328358209,2,2,Apartment,,,
Financial District,Hyderabad,3 BHK 1909 Sq. Ft. Apartment,16700000.0,1909.0,8748.035620743845,3,3,Apartment,,,
Financial District,Hyderabad,3 BHK 2044 Sq. Ft. Apartment,17900000.0,2044.0,8757.3385518591,3,3,Apartment,,,
Financial District,Hyderabad,"3 BHK Flat for Sale in Financial District, Hyderabad",20500000.0,1980.0,10353.53535353535,3,3,Apartment,,,
"Financial District, Hyderabad",Hyderabad,"4 BHK Flat for Sale in Financial District, Hyderabad",43200000.0,4120.0,10485.43689320388,4,4,Apartment,,,
"Financial District, Hyderabad",Hyderabad,"Office Space for Sale in Financial District, Hyderabad",50400000.0,3000.0,16800.0,5,5,Apartment,,,
Financial District,Hyderabad,3 BHK 1601 Sq. Ft. Apartment,15200000.0,1601.0,9494.066208619612,3,3,Apartment,,,
Financial District,Hyderabad,3 BHK 2656 Sq. Ft. Apartment,25200000.0,2656.0,9487.951807228916,3,4,Apartment,,,
Financial District,Hyderabad,3 BHK 2064 Sq. Ft. Apartment,19600000.0,2064.0,9496.124031007752,3,3,Apartment,,,
Financial District,Hyderabad,3 BHK 1537 Sq. Ft. Apartment,14600000.0,1537.0,9499.024072869226,3,3,Apartment,,,
Financial District,Hyderabad,"3 BHK Flat for Sale in Financial District, Hyderabad",30600000.0,2915.0,10497.42710120069,5,3,Apartment,,,
Financial District,Hyderabad,"3 BHK Flat for Sale in Financial District, Hyderabad",23000000.0,1900.0,12105.26315789474,3,3,Apartment,,,
Financial District,Hyderabad,"4 BHK Flat for Sale in Financial District, Hyderabad",42800000.0,4080.0,10490.19607843137,3,4,Apartment,,,
Financial District,Hyderabad,"2 BHK Flat for Sale in Financial District, Hyderabad",16200000.0,1335.0,12134.83146067416,1,2,Apartment,,,
Financial District,Hyderabad,"4 BHK Flat for Sale in Financial District, Hyderabad",50000000.0,3999.0,12503.12578144536,3,4,Apartment,,,
Financial District,Hyderabad,"4 BHK Flat for Sale in Financial District, Hyderabad",30400000.0,3584.0,8482.142857142857,3,5,Apartment,,,
Gachibowli,Hyderabad,"6+ BHK Flat for Sale in Gachibowli, Hyderabad",52000000.0,200.0,260000.0,5,5,Apartment,,,
Gachibowli,Hyderabad,3 BHK 2350 Sq. Ft. Apartment,28200000.0,2350.0,12000.0,3,3,Apartment,,,
Gachibowli,Hyderabad,3 BHK 2650 Sq. Ft. Apartment,31800000.0,2650.0,12000.0,3,4,Apartment,,,
Gachibowli,Hyderabad,4 BHK 2800 Sq. Ft. Apartment,33600000.0,2800.0,12000.0,4,4,Apartment,,,
Gachibowli,Hyderabad,4 BHK 3600 Sq. Ft. Apartment,43200000.0,3600.0,12000.0,4,4,Apartment,,,
Gachibowli,Hyderabad,"4 BHK Flat for Sale in Gachibowli, Hyderabad",128000000.0,6666.0,19201.9201920192,4,4,Apartment,,,
Gachibowli,Hyderabad,"2 BHK Flat for Sale in Gachibowli, Hyderabad",18000000.0,1283.0,14029.61808261886,2,2,Apartment,,,
Gachibowli,Hyderabad,"2.5 BHK Flat for Sale in Gachibowli, Hyderabad",21000000.0,1492.0,14075.06702412869,3,2,Apartment,,,
Gachibowli,Hyderabad,3 BHK 2850 Sq. Ft. Apartment,29900000.0,2850.0,10491.22807017544,3,4,Apartment,,,
Gachibowli,Hyderabad,4 BHK 3303 Sq. Ft. Apartment,34700000.0,3303.0,10505.60096881623,4,4,Apartment,,,
Gachibowli,Hyderabad,4 BHK 3850 Sq. Ft. Apartment,40400000.0,3850.0,10493.50649350649,4,4,Apartment,,,
Know More About Gachibowli,Hyderabad,"— Ramesh Halgeri, Tenant",28393436.88031823,2082.34965034965,13635.28784685638,3,3,Apartment,,,
Gachibowli,Hyderabad,,28393436.88031823,2082.34965034965,13635.28784685638,3,3,Apartment,,,
Gachibowli,Hyderabad,"4 BHK Villa for Sale in Gachibowli, Hyderabad",150000000.0,4500.0,33333.33333333334,5,4,Villa,,,
Gachibowli,Hyderabad,"2 BHK Flat for Sale in Gachibowli, Hyderabad",16500000.0,1314.0,12557.07762557078,2,2,Apartment,,,
Gachibowli,Hyderabad,"4 BHK Flat for Sale in Gachibowli, Hyderabad",55000000.0,4085.0,13463.89228886169,3,5,Apartment,,,
Gachibowli,Hyderabad,3 BHK 2180 Sq. Ft. Apartment,20900000.0,2180.0,9587.155963302752,3,4,Apartment,,,
Gachibowli,Hyderabad,3 BHK 1750 Sq. Ft. Apartment,16800000.0,1750.0,9600.0,3,3,Apartment,,,
Gachibowli,Hyderabad,4 BHK 3020 Sq. Ft. Apartment,29000000.0,3020.0,9602.649006622516,4,4,Apartment,,,
Gachibowli,Hyderabad,"3 BHK Flat for Sale in Gachibowli, Hyderabad",14000000.0,1215.0,11522.63374485597,2,2,Apartment,,,
Gachibowli,Hyderabad,"2 BHK Flat for Sale in Gachibowli, Hyderabad",13000000.0,1300.0,10000.0,3,2,Apartment,,,
Gachibowli,Hyderabad,"2 BHK Flat for Sale in Gachibowli, Hyderabad",16500000.0,902.0,18292.68292682927,2,2,Apartment,,,
Gachibowli,Hyderabad,3 BHK 2003 Sq. Ft. Apartment,23000000.0,2003.0,11482.77583624563,3,3,Apartment,,,
Gachibowli,Hyderabad,3 BHK 2870 Sq. Ft. Apartment,33000000.0,2870.0,11498.25783972126,3,4,Apartment,,,
Gachibowli,Hyderabad,4 BHK 3500 Sq. Ft. Apartment,40300000.0,3500.0,11514.28571428571,4,4,Apartment,,,
Gachibowli,Hyderabad,4 BHK 4037 Sq. Ft. Apartment,46400000.0,4037.0,11493.68342828833,4,4,Apartment,,,
Gachibowli,Hyderabad,"2 BHK Flat for Sale in Gachibowli, Hyderabad",16500000.0,900.0,18333.33333333333,2,2,Apartment,,,
"Gachibowli, Hyderabad",Hyderabad,"5 BHK Villa for Sale in Gachibowli, Hyderabad",110100000.0,5000.0,22020.0,5,5,Villa,,,
Gachibowli,Hyderabad,"3 BHK Flat for Sale in Gachibowli, Hyderabad",21200000.0,1492.0,14209.11528150134,3,2,Apartment,,,
Gachibowli,Hyderabad,3 BHK 1796 Sq. Ft. Apartment,18000000.0,1796.0,10022.27171492205,3,2,Apartment,,,
Gachibowli,Hyderabad,3 BHK 2124 Sq. Ft. Apartment,21200000.0,2124.0,9981.167608286252,3,4,Apartment,,,
Gachibowli,Hyderabad,4 BHK 2708 Sq. Ft. Apartment,27100000.0,2708.0,10007.38552437223,4,3,Apartment,,,
Gachibowli,Hyderabad,"3 BHK Flat for Sale in Gachibowli, Hyderabad",22500000.0,2026.0,11105.62685093781,3,4,Apartment,,,
Gachibowli,Hyderabad,"3 BHK Flat for Sale in Gachibowli, Hyderabad",34000000.0,2615.0,13001.9120458891,5,3,Apartment,,,
Gachibowli,Hyderabad,2 BHK 1296 Sq. Ft. Apartment,11300000.0,1296.0,8719.135802469134,2,2,Apartment,,,
Gachibowli,Hyderabad,2 BHK 1340 Sq. Ft. Apartment,11700000.0,1340.0,8731.34328358209,2,2,Apartment,,,
Gachibowli,Hyderabad,3 BHK 1909 Sq. Ft. Apartment,16700000.0,1909.0,8748.035620743845,3,3,Apartment,,,
Gachibowli,Hyderabad,3 BHK 2044 Sq. Ft. Apartment,17900000.0,2044.0,8757.3385518591,3,3,Apartment,,,
Gachibowli,Hyderabad,"2 BHK Flat for Sale in Gachibowli, Hyderabad",16500000.0,892.0,18497.75784753364,2,2,Apartment,,,
"Gachibowli, Hyderabad",Hyderabad,"Shop for Sale in Gachibowli, Hyderabad",20000000.0,8500.0,2352.941176470588,5,5,Apartment,,,
"Gachibowli, Hyderabad",Hyderabad,"Shop for Sale in Gachibowli, Hyderabad",60000000.0,9180.0,6535.9477124183,5,4,Apartment,,,
Gachibowli,Hyderabad,3 BHK 1601 Sq. Ft. Apartment,15200000.0,1601.0,9494.066208619612,3,3,Apartment,,,
Gachibowli,Hyderabad,3 BHK 2656 Sq. Ft. Apartment,25200000.0,2656.0,9487.951807228916,3,4,Apartment,,,
Gachibowli,Hyderabad,3 BHK 2064 Sq. Ft. Apartment,19600000.0,2064.0,9496.124031007752,3,3,Apartment,,,
Gachibowli,Hyderabad,3 BHK 1537 Sq. Ft. Apartment,14600000.0,1537.0,9499.024072869226,3,3,Apartment,,,
Gachibowli,Hyderabad,"3 BHK Flat for Sale in Gachibowli, Hyderabad",25000000.0,1742.0,14351.32032146958,3,3,Apartment,,,
Gachibowli,Hyderabad,"3 BHK Flat for Sale in Gachibowli, Hyderabad",25000000.0,2235.0,11185.68232662192,3,3,Apartment,,,
Gachibowli,Hyderabad,"4 BHK Flat for Sale in Gachibowli, Hyderabad",50000000.0,3458.0,14459.22498554078,4,4,Apartment,,,
Gachibowli,Hyderabad,"2 BHK Flat for Sale in Gachibowli, Hyderabad",10600000.0,1235.0,8582.995951417004,3,2,Apartment,,,
Gachibowli,Hyderabad,"3 BHK Flat for Sale in Gachibowli, Hyderabad",28000000.0,2440.0,11475.40983606557,3,3,Apartment,,,
Gachibowli,Hyderabad,"2 BHK Flat for Sale in Gachibowli, Hyderabad",15000000.0,940.0,15957.44680851064,2,2,Apartment,,,
Gajularamaram,Hyderabad,"2 BHK Flat for Sale in Gajularamaram, Hyderabad",7737000.0,1270.0,6092.125984251968,2,2,House,,,
"Gajularamaram, Hyderabad",Hyderabad,"3 BHK Flat for Sale in Gajularamaram, Hyderabad",7300000.0,1784.0,4091.928251121076,3,3,Apartment,,,
"Gajularamaram, Hyderabad",Hyderabad,"6+ BHK House for Sale in Gajularamaram, Hyderabad",23000000.0,147.0,156462.5850340136,5,6,House,,,
"Gajularamaram, Hyderabad",Hyderabad,"Plot for Sale in Gajularamaram, Hyderabad",28393436.88031823,2082.34965034965,13635.28784685638,3,3,Apartment,,,
Gajularamaram,Hyderabad,,28393436.88031823,2082.34965034965,13635.28784685638,3,3,Apartment,,,
Gajularamaram,Hyderabad,"Plot for Sale in Gajularamaram, Hyderabad",19500000.0,200.0,97500.0,5,4,House,,,
"Gajularamaram, Hyderabad",Hyderabad,"2 BHK Flat for Sale in Gajularamaram, Hyderabad",6900000.0,1105.0,6244.343891402715,3,2,Apartment,,,
"Gajularamaram, Hyderabad",Hyderabad,"6+ BHK House for Sale in Gajularamaram, Hyderabad",32100000.0,5900.0,5440.677966101695,5,6,House,,,
Gajularamaram,Hyderabad,"2 BHK Flat for Sale in Gajularamaram, Hyderabad",8200000.0,1285.0,6381.322957198444,2,2,Apartment,,,
"Gajularamaram, Hyderabad",Hyderabad,"4 BHK House for Sale in Gajularamaram, Hyderabad",11000000.0,110.0,100000.0,5,4,House,,,
Gajularamaram,Hyderabad,"2 BHK Flat for Sale in Gajularamaram, Hyderabad",8900000.0,1260.0,7063.492063492064,2,2,Apartment,,,
Gajularamaram,Hyderabad,"2 BHK Flat for Sale in Gajularamaram, Hyderabad",6500000.0,1015.0,6403.940886699507,2,2,Apartment,,,
"Gajularamaram, Hyderabad",Hyderabad,"2 BHK Flat for Sale in Gajularamaram, Hyderabad",7400000.0,1290.0,5736.434108527132,2,2,Apartment,,,
"Gajularamaram, Hyderabad",Hyderabad,"Plot for Sale in Gajularamaram, Hyderabad",11900000.0,170.0,70000.0,5,3,Apartment,,,
"Gajularamaram, Hyderabad",Hyderabad,"2 BHK Flat for Sale in Gajularamaram, Hyderabad",8900000.0,1265.0,7035.573122529644,2,2,Apartment,,,
"Gajularamaram, Hyderabad",Hyderabad,"Plot for Sale in Gajularamaram, Hyderabad",6650000.0,133.0,50000.0,5,3,Apartment,,,
Gajularamaram,Hyderabad,"3 BHK Flat for Sale in Gajularamaram, Hyderabad",14300000.0,2205.0,6485.260770975056,3,3,Apartment,,,
Gajularamaram,Hyderabad,"3 BHK Flat for Sale in Gajularamaram, Hyderabad",14000000.0,1668.0,8393.285371702637,3,3,Apartment,,,
Ghatkesar,Hyderabad,"Plot for Sale in Ghatkesar, Hyderabad",5200000.0,200.0,26000.0,5,3,Apartment,,,
"Ghatkesar, Hyderabad",Hyderabad,"Plot for Sale in Ghatkesar, Hyderabad",5200000.0,200.0,26000.0,5,4,Apartment,,,
Ghatkesar,Hyderabad,2 BHK 1310 Sq. Ft. Apartment,11100000.0,1310.0,8473.282442748094,2,2,Apartment,,,
Ghatkesar,Hyderabad,3 BHK 1505 Sq. Ft. Apartment,14300000.0,1505.0,9501.661129568109,3,3,Apartment,,,
Ghatkesar,Hyderabad,3 BHK 1860 Sq. Ft. Apartment,17700000.0,1860.0,9516.129032258064,3,3,Apartment,,,
"Ghatkesar, Hyderabad",Hyderabad,"Plot for Sale in Ghatkesar, Hyderabad",5705000.0,163.0,35000.0,5,3,Apartment,,,
"Ghatkesar, Hyderabad",Hyderabad,"Plot for Sale in Ghatkesar, Hyderabad",5511000.0,167.0,33000.0,5,3,Apartment,,,
"Ghatkesar, Hyderabad",Hyderabad,"Plot for Sale in Ghatkesar, Hyderabad",222800000.0,10200.0,46469.84107314353,5,5,Apartment,,,
Ghatkesar,Hyderabad,3 BHK 1265 Sq. Ft. Apartment,6958000.0,1265.0,5500.395256916996,3,2,Apartment,,,
Ghatkesar,Hyderabad,3 BHK 1825 Sq. Ft. Apartment,10000000.0,1825.0,5479.45205479452,3,3,Apartment,,,
Know More About Ghatkesar,Hyderabad,"— Mudita Ray, Tenant",28393436.88031823,2082.34965034965,13635.28784685638,3,3,Apartment,,,
Ghatkesar,Hyderabad,,28393436.88031823,2082.34965034965,13635.28784685638,3,3,Apartment,,,
"Ghatkesar, Hyderabad",Hyderabad,"Plot for Sale in Ghatkesar, Hyderabad",7075000.0,283.0,25000.0,5,3,Apartment,,,
Ghatkesar,Hyderabad,"4 BHK Villa for Sale in Ghatkesar, Hyderabad",25400000.0,2600.0,9769.23076923077,4,3,Villa,,,
Ghatkesar,Hyderabad,"Plot for Sale in Ghatkesar, Hyderabad",36000000.0,2420.0,14876.03305785124,3,4,Apartment,,,
Ghatkesar,Hyderabad,2 BHK 1210 Sq. Ft. Apartment,6895999.999999999,1210.0,5699.173553719008,2,2,Apartment,,,
Ghatkesar,Hyderabad,3 BHK 1475 Sq. Ft. Apartment,8406000.0,1475.0,5698.983050847458,3,3,Apartment,,,
Ghatkesar,Hyderabad,"1 BHK House for Sale in Ghatkesar, Hyderabad",2900000.0,600.0,4833.333333333333,1,2,House,,,
"Ghatkesar, Hyderabad",Hyderabad,"3 BHK House for Sale in Ghatkesar, Hyderabad",6975000.0,1700.0,4102.941176470588,3,3,House,,,
"Ghatkesar, Hyderabad",Hyderabad,"Plot for Sale in Ghatkesar, Hyderabad",6695999.999999999,186.0,35999.99999999999,5,3,Apartment,,,
Ghatkesar,Hyderabad,3 BHK 1635 Sq. Ft. Apartment,9810000.0,1635.0,6000.0,3,3,Apartment,,,
Ghatkesar,Hyderabad,3 BHK 2435 Sq. Ft. Apartment,14600000.0,2435.0,5995.893223819302,3,3,Apartment,,,
"Ghatkesar, Hyderabad",Hyderabad,"Plot for Sale in Ghatkesar, Hyderabad",4070000.000000001,185.0,22000.0,5,3,Apartment,,,
"Ghatkesar, Hyderabad",Hyderabad,"Plot for Sale in Ghatkesar, Hyderabad",2932000.0,1100.0,2665.454545454545,3,2,Apartment,,,
"Ghatkesar, Hyderabad",Hyderabad,"Plot for Sale in Ghatkesar, Hyderabad",2760000.0,120.0,23000.0,5,3,Apartment,,,
"Ghatkesar, Hyderabad",Hyderabad,"Plot for Sale in Ghatkesar, Hyderabad",6378000.0,167.0,38191.61676646706,5,3,Apartment,,,
"Ghatkesar, Hyderabad",Hyderabad,"4 BHK Villa for Sale in Ghatkesar, Hyderabad",22800000.0,3600.0,6333.333333333332,3,4,Villa,,,
"Ghatkesar, Hyderabad",Hyderabad,"Plot for Sale in Ghatkesar, Hyderabad",1559000.0,120.0,12991.66666666667,5,3,Apartment,,,
"Ghatkesar, Hyderabad",Hyderabad,"Plot for Sale in Ghatkesar, Hyderabad",1155000.0,105.0,11000.0,5,3,Apartment,,,
Ghatkesar,Hyderabad,"Plot for Sale in Ghatkesar, Hyderabad",2505000.0,167.0,15000.0,5,3,Apartment,,,
Ghatkesar,Hyderabad,"Plot for Sale in Ghatkesar, Hyderabad",2850000.0,150.0,19000.0,5,3,Apartment,,,
"Ghatkesar, Hyderabad",Hyderabad,"Plot for Sale in Ghatkesar, Hyderabad",1500000.0,242.0,6198.347107438017,5,3,Apartment,,,
Ghatkesar,Hyderabad,"2 BHK Villa for Sale in Ghatkesar, Hyderabad",8500000.0,845.0,10059.17159763314,2,2,Villa,,,
"Ghatkesar, Hyderabad",Hyderabad,"Plot for Sale in Ghatkesar, Hyderabad",5000000.0,267.0,18726.59176029963,5,4,Apartment,,,
"Ghatkesar, Hyderabad",Hyderabad,"Plot for Sale in Ghatkesar, Hyderabad",1100000.0,120.0,9166.666666666666,5,3,Apartment,,,
Gopanpally,Hyderabad,"3 BHK Flat for Sale in Gopanpally, Hyderabad",29000000.0,2190.0,13242.00913242009,3,3,Apartment,,,
Gopanpally,Hyderabad,3 BHK 2350 Sq. Ft. Apartment,28200000.0,2350.0,12000.0,3,3,Apartment,,,
Gopanpally,Hyderabad,3 BHK 2650 Sq. Ft. Apartment,31800000.0,2650.0,12000.0,3,4,Apartment,,,
Gopanpally,Hyderabad,4 BHK 2800 Sq. Ft. Apartment,33600000.0,2800.0,12000.0,4,4,Apartment,,,
Gopanpally,Hyderabad,4 BHK 3600 Sq. Ft. Apartment,43200000.0,3600.0,12000.0,4,4,Apartment,,,
Gopanpally,Hyderabad,"3 BHK Flat for Sale in Gopanpally, Hyderabad",19500000.0,1965.0,9923.664122137405,3,3,Apartment,,,
Gopanpally,Hyderabad,"3 BHK Flat for Sale in Gopanpally, Hyderabad",19500000.0,1880.0,10372.34042553192,3,3,Apartment,,,
Gopanpally,Hyderabad,"3 BHK Flat for Sale in Gopanpally, Hyderabad",18000000.0,1860.0,9677.41935483871,3,3,Apartment,,,
Gopanpally,Hyderabad,3 BHK 2850 Sq. Ft. Apartment,29900000.0,2850.0,10491.22807017544,3,4,Apartment,,,
Gopanpally,Hyderabad,4 BHK 3303 Sq. Ft. Apartment,34700000.0,3303.0,10505.60096881623,4,4,Apartment,,,
Gopanpally,Hyderabad,4 BHK 3850 Sq. Ft. Apartment,40400000.0,3850.0,10493.50649350649,4,4,Apartment,,,
Gopanpally,Hyderabad,,28393436.88031823,2082.34965034965,13635.28784685638,3,3,Apartment,,,
"Gopanpally, Hyderabad",Hyderabad,"4 BHK Villa for Sale in Gopanpally, Hyderabad",65000000.0,2918.0,22275.53118574366,5,4,Villa,,,
Gopanpally,Hyderabad,"3 BHK Flat for Sale in Gopanpally, Hyderabad",18900000.0,1765.0,10708.21529745042,3,3,Apartment,,,
Gopanpally,Hyderabad,"3 BHK Flat for Sale in Gopanpally, Hyderabad",28000000.0,2190.0,12785.38812785388,3,3,Apartment,,,
Gopanpally,Hyderabad,3 BHK 2180 Sq. Ft. Apartment,20900000.0,2180.0,9587.155963302752,3,4,Apartment,,,
Gopanpally,Hyderabad,3 BHK 1750 Sq. Ft. Apartment,16800000.0,1750.0,9600.0,3,3,Apartment,,,
Gopanpally,Hyderabad,4 BHK 3020 Sq. Ft. Apartment,29000000.0,3020.0,9602.649006622516,4,4,Apartment,,,
Gopanpally,Hyderabad,"4 BHK Flat for Sale in Gopanpally, Hyderabad",65000000.0,3500.0,18571.42857142857,4,5,Apartment,,,
Gopanpally,Hyderabad,"3 BHK Flat for Sale in Gopanpally, Hyderabad",28200000.0,2190.0,12876.71232876712,3,3,Apartment,,,
Gopanpally,Hyderabad,"3 BHK Flat for Sale in Gopanpally, Hyderabad",24800000.0,2225.0,11146.06741573034,3,3,Apartment,,,
Gopanpally,Hyderabad,3 BHK 2003 Sq. Ft. Apartment,23000000.0,2003.0,11482.77583624563,3,3,Apartment,,,
Gopanpally,Hyderabad,3 BHK 2870 Sq. Ft. Apartment,33000000.0,2870.0,11498.25783972126,3,4,Apartment,,,
Gopanpally,Hyderabad,4 BHK 3500 Sq. Ft. Apartment,40300000.0,3500.0,11514.28571428571,4,4,Apartment,,,
Gopanpally,Hyderabad,4 BHK 4037 Sq. Ft. Apartment,46400000.0,4037.0,11493.68342828833,4,4,Apartment,,,
Gopanpally,Hyderabad,"3 BHK Flat for Sale in Gopanpally, Hyderabad",18000000.0,1725.0,10434.78260869565,3,3,Apartment,,,
Gopanpally,Hyderabad,"3 BHK Flat for Sale in Gopanpally, Hyderabad",14000000.0,1680.0,8333.333333333334,3,3,Apartment,,,
Gopanpally,Hyderabad,3 BHK 1796 Sq. Ft. Apartment,18000000.0,1796.0,10022.27171492205,3,2,Apartment,,,
Gopanpally,Hyderabad,3 BHK 2124 Sq. Ft. Apartment,21200000.0,2124.0,9981.167608286252,3,4,Apartment,,,
Gopanpally,Hyderabad,4 BHK 2708 Sq. Ft. Apartment,27100000.0,2708.0,10007.38552437223,4,3,Apartment,,,
Gopanpally,Hyderabad,"2 BHK Flat for Sale in Gopanpally, Hyderabad",14500000.0,1315.0,11026.61596958175,2,2,Apartment,,,
Gopanpally,Hyderabad,"3 BHK Flat for Sale in Gopanpally, Hyderabad",17000000.0,1796.0,9465.478841870825,3,3,Apartment,,,
Gopanpally,Hyderabad,"3 BHK Flat for Sale in Gopanpally, Hyderabad",14100000.0,1890.0,7460.31746031746,3,3,Apartment,,,
Gopanpally,Hyderabad,2 BHK 1296 Sq. Ft. Apartment,11300000.0,1296.0,8719.135802469134,2,2,Apartment,,,
Gopanpally,Hyderabad,2 BHK 1340 Sq. Ft. Apartment,11700000.0,1340.0,8731.34328358209,2,2,Apartment,,,
Gopanpally,Hyderabad,3 BHK 1909 Sq. Ft. Apartment,16700000.0,1909.0,8748.035620743845,3,3,Apartment,,,
Gopanpally,Hyderabad,3 BHK 2044 Sq. Ft. Apartment,17900000.0,2044.0,8757.3385518591,3,3,Apartment,,,
Gopanpally,Hyderabad,"3 BHK Flat for Sale in Gopanpally, Hyderabad",15500000.0,1570.0,9872.611464968151,3,2,Apartment,,,
Gopanpally,Hyderabad,3 BHK 1601 Sq. Ft. Apartment,15200000.0,1601.0,9494.066208619612,3,3,Apartment,,,
Gopanpally,Hyderabad,3 BHK 2656 Sq. Ft. Apartment,25200000.0,2656.0,9487.951807228916,3,4,Apartment,,,
Gopanpally,Hyderabad,3 BHK 2064 Sq. Ft. Apartment,19600000.0,2064.0,9496.124031007752,3,3,Apartment,,,
Gopanpally,Hyderabad,3 BHK 1537 Sq. Ft. Apartment,14600000.0,1537.0,9499.024072869226,3,3,Apartment,,,
Gopanpally,Hyderabad,"2 BHK Flat for Sale in Gopanpally, Hyderabad",13000000.0,1290.0,10077.51937984496,2,2,Apartment,,,
"Gopanpally, Hyderabad",Hyderabad,"3 BHK Villa for Sale in Gopanpally, Hyderabad",100000000.0,4000.0,25000.0,3,3,Villa,,,
"Gopanpally, Hyderabad",Hyderabad,"Plot for Sale in Gopanpally, Hyderabad",47200000.0,411.0,114841.8491484185,2,3,Apartment,,,
Gopanpally,Hyderabad,"3 BHK Flat for Sale in Gopanpally, Hyderabad",16500000.0,1725.0,9565.217391304348,3,3,Apartment,,,
Gopanpally,Hyderabad,"2 BHK Flat for Sale in Gopanpally, Hyderabad",9675000.0,1290.0,7500.0,2,2,Apartment,,,
Gowlidoddy,Hyderabad,"3.5 BHK Flat for Sale in Gowlidoddy, Hyderabad",50800000.0,3354.0,15146.09421586166,3,4,Apartment,,,
Gowlidoddy,Hyderabad,3 BHK 2350 Sq. Ft. Apartment,28200000.0,2350.0,12000.0,3,3,Apartment,,,
Gowlidoddy,Hyderabad,3 BHK 2650 Sq. Ft. Apartment,31800000.0,2650.0,12000.0,3,4,Apartment,,,
Gowlidoddy,Hyderabad,4 BHK 2800 Sq. Ft. Apartment,33600000.0,2800.0,12000.0,4,4,Apartment,,,
Gowlidoddy,Hyderabad,4 BHK 3600 Sq. Ft. Apartment,43200000.0,3600.0,12000.0,4,4,Apartment,,,
Gowlidoddy,Hyderabad,"4 BHK Flat for Sale in Gowlidoddy, Hyderabad",76100000.0,4953.0,15364.42560064607,5,5,Apartment,,,
Gowlidoddy,Hyderabad,3 BHK 2850 Sq. Ft. Apartment,29900000.0,2850.0,10491.22807017544,3,4,Apartment,,,
Gowlidoddy,Hyderabad,4 BHK 3303 Sq. Ft. Apartment,34700000.0,3303.0,10505.60096881623,4,4,Apartment,,,
Gowlidoddy,Hyderabad,4 BHK 3850 Sq. Ft. Apartment,40400000.0,3850.0,10493.50649350649,4,4,Apartment,,,
Gowlidoddy,Hyderabad,3 BHK 2180 Sq. Ft. Apartment,20900000.0,2180.0,9587.155963302752,3,4,Apartment,,,
Gowlidoddy,Hyderabad,3 BHK 1750 Sq. Ft. Apartment,16800000.0,1750.0,9600.0,3,3,Apartment,,,
Gowlidoddy,Hyderabad,4 BHK 3020 Sq. Ft. Apartment,29000000.0,3020.0,9602.649006622516,4,4,Apartment,,,
Gowlidoddy,Hyderabad,3 BHK 2003 Sq. Ft. Apartment,23000000.0,2003.0,11482.77583624563,3,3,Apartment,,,
Gowlidoddy,Hyderabad,3 BHK 2870 Sq. Ft. Apartment,33000000.0,2870.0,11498.25783972126,3,4,Apartment,,,
Gowlidoddy,Hyderabad,4 BHK 3500 Sq. Ft. Apartment,40300000.0,3500.0,11514.28571428571,4,4,Apartment,,,
Gowlidoddy,Hyderabad,4 BHK 4037 Sq. Ft. Apartment,46400000.0,4037.0,11493.68342828833,4,4,Apartment,,,
Gowlidoddy,Hyderabad,3 BHK 1796 Sq. Ft. Apartment,18000000.0,1796.0,10022.27171492205,3,2,Apartment,,,
Gowlidoddy,Hyderabad,3 BHK 2124 Sq. Ft. Apartment,21200000.0,2124.0,9981.167608286252,3,4,Apartment,,,
Gowlidoddy,Hyderabad,4 BHK 2708 Sq. Ft. Apartment,27100000.0,2708.0,10007.38552437223,4,3,Apartment,,,
Gowlidoddy,Hyderabad,2 BHK 1296 Sq. Ft. Apartment,11300000.0,1296.0,8719.135802469134,2,2,Apartment,,,
Gowlidoddy,Hyderabad,2 BHK 1340 Sq. Ft. Apartment,11700000.0,1340.0,8731.34328358209,2,2,Apartment,,,
Gowlidoddy,Hyderabad,3 BHK 1909 Sq. Ft. Apartment,16700000.0,1909.0,8748.035620743845,3,3,Apartment,,,
Gowlidoddy,Hyderabad,3 BHK 2044 Sq. Ft. Apartment,17900000.0,2044.0,8757.3385518591,3,3,Apartment,,,
Gowlidoddy,Hyderabad,3 BHK 1601 Sq. Ft. Apartment,15200000.0,1601.0,9494.066208619612,3,3,Apartment,,,
Gowlidoddy,Hyderabad,3 BHK 2656 Sq. Ft. Apartment,25200000.0,2656.0,9487.951807228916,3,4,Apartment,,,
Gowlidoddy,Hyderabad,3 BHK 2064 Sq. Ft. Apartment,19600000.0,2064.0,9496.124031007752,3,3,Apartment,,,
Gowlidoddy,Hyderabad,3 BHK 1537 Sq. Ft. Apartment,14600000.0,1537.0,9499.024072869226,3,3,Apartment,,,
Gowlidoddy,Hyderabad,"6+ BHK Flat for Sale in Gachibowli, Hyderabad",215000000.0,10200.0,8431.372549019608,4,6,Villa,,,
Gowlidoddy,Hyderabad,"4 BHK Villa for Sale in Gachibowli, Hyderabad",95000000.0,3800.0,25000.0,3,5,Villa,,,
Gowlidoddy,Hyderabad,"4 BHK Villa for Sale in Gachibowli, Hyderabad",150000000.0,4500.0,33333.33333333334,5,4,Villa,,,
Gowlidoddy,Hyderabad,"3 BHK Flat for Sale in Gopanpally, Hyderabad",26000000.0,2190.0,11872.14611872146,3,3,Apartment,,,
Gowlidoddy,Hyderabad,"3 BHK Flat for Sale in Gopanpally, Hyderabad",28000000.0,2190.0,12785.38812785388,3,3,Apartment,,,
Gowlidoddy,Hyderabad,"3 BHK Flat for Sale in Gopanpally, Hyderabad",29000000.0,2190.0,13242.00913242009,3,3,Apartment,,,
Gowlidoddy,Hyderabad,"3 BHK Flat for Sale in Gopanpally, Hyderabad",26500000.0,2192.0,12089.41605839416,3,3,Apartment,,,
Gowlidoddy,Hyderabad,"3 BHK Flat for Sale in Gopanpally, Hyderabad",25000000.0,2225.0,11235.95505617978,3,3,Apartment,,,
Gowlidoddy,Hyderabad,"3 BHK Flat for Sale in Gopanpally, Hyderabad",28300000.0,2190.0,12922.37442922374,3,3,Apartment,,,
Gowlidoddy,Hyderabad,"3 BHK Flat for Sale in Gopanpally, Hyderabad",24500000.0,1920.0,12760.41666666667,3,3,Apartment,,,
Gowlidoddy,Hyderabad,"3 BHK Flat for Sale in Gopanpally, Hyderabad",28600000.0,2190.0,13059.36073059361,3,3,Apartment,,,
Gudimalkapur,Hyderabad,"Plot for Sale in Gudimalkapur, Hyderabad",43800000.0,313.0,139936.1022364217,5,2,Apartment,,,
"Gudimalkapur, Hyderabad",Hyderabad,"Plot for Sale in Gudimalkapur, Hyderabad",43800000.0,313.0,139936.1022364217,5,3,Apartment,,,
Gudimalkapur,Hyderabad,3 BHK 2025 Sq. Ft. Apartment,24100000.0,2025.0,11901.23456790123,3,3,Apartment,,,
Gudimalkapur,Hyderabad,3 BHK 1868 Sq. Ft. Apartment,21000000.0,1868.0,11241.97002141328,3,3,Apartment,,,
Gudimalkapur,Hyderabad,4 BHK 2530 Sq. Ft. Apartment,28500000.0,2530.0,11264.82213438735,4,3,Apartment,,,
Gudimalkapur,Hyderabad,4 BHK 2635 Sq. Ft. Apartment,31500000.0,2635.0,11954.45920303605,4,4,Apartment,,,
Gudimalkapur,Hyderabad,"Plot for Sale in Gudimalkapur, Hyderabad",24000000.0,214.0,112149.5327102804,5,3,Apartment,,,
Gudimalkapur,Hyderabad,3 BHK 2125 Sq. Ft. Apartment,25360000.0,2125.0,11934.11764705882,3,3,Apartment,,,
Gudimalkapur,Hyderabad,4 BHK 3500 Sq. Ft. Apartment,63180000.0,3500.0,18051.42857142857,4,5,Apartment,,,
"Gudimalkapur, Hyderabad",Hyderabad,"6+ BHK House for Sale in Gudimalkapur, Hyderabad",27000000.0,180.0,150000.0,5,4,House,,,
Gudimalkapur,Hyderabad,"4 BHK Flat for Sale in Attapur, Hyderabad",52000000.0,5345.0,9728.718428437793,5,4,Apartment,,,
Gudimalkapur,Hyderabad,"3 BHK Flat for Sale in Attapur, Hyderabad",14600000.0,1660.0,8795.180722891566,3,3,Apartment,,,
Gudimalkapur,Hyderabad,"3 BHK Flat for Sale in Attapur, Hyderabad",18400000.0,1840.0,10000.0,3,3,Apartment,,,
Gudimalkapur,Hyderabad,"3 BHK Flat for Sale in Attapur, Hyderabad",29000000.0,2680.0,10820.89552238806,5,3,Apartment,,,
Gudimalkapur,Hyderabad,"3 BHK Flat for Sale in Attapur, Hyderabad",26000000.0,2680.0,9701.492537313432,5,3,Apartment,,,
Gudimalkapur,Hyderabad,"3 BHK Flat for Sale in Attapur, Hyderabad",28500000.0,2680.0,10634.32835820896,5,3,Apartment,,,
Gudimalkapur,Hyderabad,"3 BHK Flat for Sale in Attapur, Hyderabad",26200000.0,2680.0,9776.119402985074,5,3,Apartment,,,
Gudimalkapur,Hyderabad,"3 BHK Flat for Sale in Attapur, Hyderabad",13900000.0,1640.0,8475.60975609756,3,3,Apartment,,,
Gudimalkapur,Hyderabad,"4 BHK Flat for Sale in Attapur, Hyderabad",38600000.0,4550.0,8483.516483516483,5,4,Apartment,,,
Gudimalkapur,Hyderabad,"4 BHK Flat for Sale in Attapur, Hyderabad",22700000.0,2680.0,8470.149253731342,5,3,Apartment,,,
Gudimalkapur,Hyderabad,"3 BHK Flat for Sale in Attapur, Hyderabad",15600000.0,1840.0,8478.260869565218,3,3,Apartment,,,
Gudimalkapur,Hyderabad,"3 BHK Flat for Sale in Attapur, Hyderabad",14800000.0,1680.0,8809.52380952381,3,3,Apartment,,,
Gudimalkapur,Hyderabad,"3 BHK Flat for Sale in Attapur, Hyderabad",27000000.0,2680.0,10074.62686567164,5,3,Apartment,,,
Gudimalkapur,Hyderabad,"3 BHK Flat for Sale in Attapur, Hyderabad",28000000.0,2680.0,10447.76119402985,5,3,Apartment,,,
Gudimalkapur,Hyderabad,"4 BHK Flat for Sale in Attapur, Hyderabad",50000000.0,4550.0,10989.01098901099,5,3,Apartment,,,
Gudimalkapur,Hyderabad,"3 BHK Flat for Sale in Attapur, Hyderabad",18700000.0,1865.0,10026.80965147453,3,3,Apartment,,,
Gudimalkapur,Hyderabad,"4 BHK Flat for Sale in Attapur, Hyderabad",15600000.0,1840.0,8478.260869565218,3,3,Apartment,,,
Gudimalkapur,Hyderabad,"4 BHK Flat for Sale in Attapur, Hyderabad",17800000.0,2100.0,8476.190476190477,3,3,Apartment,,,
Gudimalkapur,Hyderabad,"3 BHK Flat for Sale in Attapur, Hyderabad",14000000.0,1640.0,8536.585365853658,3,3,Apartment,,,
Gudimalkapur,Hyderabad,"3 BHK Flat for Sale in Attapur, Hyderabad",14400000.0,1640.0,8780.487804878048,3,3,Apartment,,,
Gudimalkapur,Hyderabad,"3 BHK Flat for Sale in Attapur, Hyderabad",14200000.0,1620.0,8765.432098765432,3,3,Apartment,,,
Gudimalkapur,Hyderabad,"3 BHK Flat for Sale in Attapur, Hyderabad",14500000.0,1650.0,8787.878787878788,3,3,Apartment,,,
Gudimalkapur,Hyderabad,"3 BHK Flat for Sale in Attapur, Hyderabad",14000000.0,1604.0,8728.179551122195,3,3,Apartment,,,
HabsigudaA vibrant and growing neighbourhood in,Hyderabad,"3 BHK Flat for Sale in Habsiguda, Hyderabad",14600000.0,1951.0,7483.341875961046,3,3,Apartment,,,
Habsiguda,Hyderabad,2 BHK 1310 Sq. Ft. Apartment,11100000.0,1310.0,8473.282442748094,2,2,Apartment,,,
Habsiguda,Hyderabad,3 BHK 1505 Sq. Ft. Apartment,14300000.0,1505.0,9501.661129568109,3,3,Apartment,,,
Habsiguda,Hyderabad,3 BHK 1860 Sq. Ft. Apartment,17700000.0,1860.0,9516.129032258064,3,3,Apartment,,,
"Habsiguda, Hyderabad",Hyderabad,"Plot for Sale in Habsiguda, Hyderabad",40000000.0,249.0,160642.5702811245,5,4,Apartment,,,
Habsiguda,Hyderabad,"Plot for Sale in Habsiguda, Hyderabad",975000.0,150.0,6500.0,5,3,Apartment,,,
Habsiguda,Hyderabad,3 BHK 1265 Sq. Ft. Apartment,6958000.0,1265.0,5500.395256916996,3,2,Apartment,,,
Habsiguda,Hyderabad,3 BHK 1825 Sq. Ft. Apartment,10000000.0,1825.0,5479.45205479452,3,3,Apartment,,,
Habsiguda,Hyderabad,,28393436.88031823,2082.34965034965,13635.28784685638,3,3,Apartment,,,
Habsiguda,Hyderabad,"3 BHK Flat for Sale in Habsiguda, Hyderabad",14500000.0,1570.0,9235.668789808917,3,3,Apartment,,,
Habsiguda,Hyderabad,2 BHK 1210 Sq. Ft. Apartment,6895999.999999999,1210.0,5699.173553719008,2,2,Apartment,,,
Habsiguda,Hyderabad,3 BHK 1475 Sq. Ft. Apartment,8406000.0,1475.0,5698.983050847458,3,3,Apartment,,,
"Habsiguda, Hyderabad",Hyderabad,"3 BHK Flat for Sale in Habsiguda, Hyderabad",13500000.0,1550.0,8709.677419354839,3,2,Apartment,,,
"Habsiguda, Hyderabad",Hyderabad,"Plot for Sale in Habsiguda, Hyderabad",71800000.0,479.0,149895.6158663883,1,3,Apartment,,,
Habsiguda,Hyderabad,3 BHK 1635 Sq. Ft. Apartment,9810000.0,1635.0,6000.0,3,3,Apartment,,,
Habsiguda,Hyderabad,3 BHK 2435 Sq. Ft. Apartment,14600000.0,2435.0,5995.893223819302,3,3,Apartment,,,
"Habsiguda, Hyderabad",Hyderabad,"2 BHK House for Sale in Habsiguda, Hyderabad",22000000.0,150.0,146666.6666666667,5,2,House,,,
"Habsiguda, Hyderabad",Hyderabad,"2 BHK House for Sale in Habsiguda, Hyderabad",22500000.0,141.0,159574.4680851063,5,3,House,,,
"Habsiguda, Hyderabad",Hyderabad,"3 BHK House for Sale in Habsiguda, Hyderabad",22400000.0,142.0,157746.4788732395,5,4,House,,,
"Habsiguda, Hyderabad",Hyderabad,"6+ BHK House for Sale in Habsiguda, Hyderabad",61500000.0,10000.0,6150.0,4,6,House,,,
"Habsiguda, Hyderabad",Hyderabad,"Plot for Sale in Habsiguda, Hyderabad",78480000.0,479.0,163841.3361169102,1,2,Apartment,,,
"Habsiguda, Hyderabad",Hyderabad,"Plot for Sale in Habsiguda, Hyderabad",11000000.0,786.0,13994.91094147583,4,2,Apartment,,,
"Habsiguda, Hyderabad",Hyderabad,"Plot for Sale in Habsiguda, Hyderabad",76600000.0,479.0,159916.4926931107,1,3,Apartment,,,
"Habsiguda, Hyderabad",Hyderabad,"3 BHK Flat for Sale in Habsiguda, Hyderabad",13100000.0,1760.0,7443.181818181818,3,3,Apartment,,,
"Habsiguda, Hyderabad",Hyderabad,"3 BHK Flat for Sale in Habsiguda, Hyderabad",17100000.0,2225.0,7685.393258426966,3,3,Apartment,,,
"Uppal, Hyderabad",Hyderabad,"4 BHK Flat for Sale in Uppal, Hyderabad",23400000.0,2964.0,7894.736842105263,5,4,House,,,
Habsiguda,Hyderabad,"2 BHK Flat for Sale in Nacharam, Hyderabad",6600000.0,1142.0,5779.334500875657,2,2,Apartment,,,
Habsiguda,Hyderabad,"Plot for Sale in Nacharam, Hyderabad",11000000.0,170.0,64705.88235294117,5,3,Apartment,,,
"Uppal, Hyderabad",Hyderabad,"Plot for Sale in Uppal, Hyderabad",22500000.0,266.0,84586.46616541353,5,4,Apartment,,,
"Tarnaka, Hyderabad",Hyderabad,"5 BHK Flat for Sale in Tarnaka, Hyderabad",13000000.0,1540.0,8441.558441558442,3,3,Apartment,,,
Habsiguda,Hyderabad,"3 BHK Flat for Sale in Nacharam, Hyderabad",6500000.0,1000.0,6500.0,2,3,Apartment,,,
Habsiguda,Hyderabad,"2 BHK Flat for Sale in Tarnaka, Hyderabad",5900000.0,822.0,7177.615571776156,2,2,Apartment,,,
"Nacharam, Hyderabad",Hyderabad,"4 BHK House for Sale in Nacharam, Hyderabad",7500000.0,3369.0,2226.179875333927,3,4,House,,,
"Uppal, Hyderabad",Hyderabad,"3 BHK Builder Floor for Sale in Uppal, Hyderabad",15660000.0,970.0,16144.32989690722,2,2,Apartment,,,
Hafeezpet,Hyderabad,"5 BHK Flat for Sale in Hafeezpet, Hyderabad",130000000.0,4000.0,32500.0,3,5,Apartment,,,
Hafeezpet,Hyderabad,3 BHK 2350 Sq. Ft. Apartment,28200000.0,2350.0,12000.0,3,3,Apartment,,,
Hafeezpet,Hyderabad,3 BHK 2650 Sq. Ft. Apartment,31800000.0,2650.0,12000.0,3,4,Apartment,,,
Hafeezpet,Hyderabad,4 BHK 2800 Sq. Ft. Apartment,33600000.0,2800.0,12000.0,4,4,Apartment,,,
Hafeezpet,Hyderabad,4 BHK 3600 Sq. Ft. Apartment,43200000.0,3600.0,12000.0,4,4,Apartment,,,
Hafeezpet,Hyderabad,"3 BHK Flat for Sale in Hafeezpet, Hyderabad",15500000.0,1900.0,8157.894736842105,3,3,Apartment,,,
Hafeezpet,Hyderabad,"Office Space for Sale in Hafeezpet, Hyderabad",31500000.0,3000.0,10500.0,5,5,Apartment,,,
Hafeezpet,Hyderabad,"3.5 BHK Flat for Sale in Hafeezpet, Hyderabad",17000000.0,2240.0,7589.285714285715,3,3,Apartment,,,
Hafeezpet,Hyderabad,3 BHK 2850 Sq. Ft. Apartment,29900000.0,2850.0,10491.22807017544,3,4,Apartment,,,
Hafeezpet,Hyderabad,4 BHK 3303 Sq. Ft. Apartment,34700000.0,3303.0,10505.60096881623,4,4,Apartment,,,
Hafeezpet,Hyderabad,4 BHK 3850 Sq. Ft. Apartment,40400000.0,3850.0,10493.50649350649,4,4,Apartment,,,
Hafeezpet,Hyderabad,,28393436.88031823,2082.34965034965,13635.28784685638,3,3,Apartment,,,
"Hafeezpet, Hyderabad",Hyderabad,"3 BHK Flat for Sale in Hafeezpet, Hyderabad",35000000.0,3600.0,9722.222222222224,3,3,Apartment,,,
Hafeezpet,Hyderabad,"2 BHK Flat for Sale in Hafeezpet, Hyderabad",11500000.0,1270.0,9055.11811023622,2,2,Apartment,,,
"Hafeezpet, Hyderabad",Hyderabad,"3 BHK Flat for Sale in Hafeezpet, Hyderabad",16500000.0,2300.0,7173.913043478261,3,2,Apartment,,,
Hafeezpet,Hyderabad,3 BHK 2180 Sq. Ft. Apartment,20900000.0,2180.0,9587.155963302752,3,4,Apartment,,,
Hafeezpet,Hyderabad,3 BHK 1750 Sq. Ft. Apartment,16800000.0,1750.0,9600.0,3,3,Apartment,,,
Hafeezpet,Hyderabad,4 BHK 3020 Sq. Ft. Apartment,29000000.0,3020.0,9602.649006622516,4,4,Apartment,,,
"Hafeezpet, Hyderabad",Hyderabad,"2.5 BHK Flat for Sale in Hafeezpet, Hyderabad",6800000.0,1355.0,5018.450184501845,2,2,Apartment,,,
Hafeezpet,Hyderabad,"2 BHK Flat for Sale in Hafeezpet, Hyderabad",7800000.0,1050.0,7428.571428571428,2,2,Apartment,,,
Hafeezpet,Hyderabad,"3 BHK Flat for Sale in Hafeezpet, Hyderabad",18500000.0,222.0,83333.33333333333,5,3,Apartment,,,
Hafeezpet,Hyderabad,3 BHK 2003 Sq. Ft. Apartment,23000000.0,2003.0,11482.77583624563,3,3,Apartment,,,
Hafeezpet,Hyderabad,3 BHK 2870 Sq. Ft. Apartment,33000000.0,2870.0,11498.25783972126,3,4,Apartment,,,
Hafeezpet,Hyderabad,4 BHK 3500 Sq. Ft. Apartment,40300000.0,3500.0,11514.28571428571,4,4,Apartment,,,
Hafeezpet,Hyderabad,4 BHK 4037 Sq. Ft. Apartment,46400000.0,4037.0,11493.68342828833,4,4,Apartment,,,
Hafeezpet,Hyderabad,"2 BHK Flat for Sale in Hafeezpet, Hyderabad",10000000.0,1250.0,8000.0,3,2,Apartment,,,
Hafeezpet,Hyderabad,"3 BHK Flat for Sale in Hafeezpet, Hyderabad",19000000.0,1995.0,9523.809523809525,3,3,Apartment,,,
Hafeezpet,Hyderabad,"3 BHK Flat for Sale in Hafeezpet, Hyderabad",11000000.0,1490.0,7382.550335570469,3,3,Apartment,,,
Hafeezpet,Hyderabad,3 BHK 1796 Sq. Ft. Apartment,18000000.0,1796.0,10022.27171492205,3,2,Apartment,,,
Hafeezpet,Hyderabad,3 BHK 2124 Sq. Ft. Apartment,21200000.0,2124.0,9981.167608286252,3,4,Apartment,,,
Hafeezpet,Hyderabad,4 BHK 2708 Sq. Ft. Apartment,27100000.0,2708.0,10007.38552437223,4,3,Apartment,,,
Hafeezpet,Hyderabad,"3 BHK Flat for Sale in Hafeezpet, Hyderabad",21500000.0,2230.0,9641.255605381166,3,3,Apartment,,,
"Hafeezpet, Hyderabad",Hyderabad,"3 BHK Flat for Sale in Hafeezpet, Hyderabad",11200000.0,1860.0,6021.505376344087,3,3,Apartment,,,
Hafeezpet,Hyderabad,2 BHK 1296 Sq. Ft. Apartment,11300000.0,1296.0,8719.135802469134,2,2,Apartment,,,
Hafeezpet,Hyderabad,2 BHK 1340 Sq. Ft. Apartment,11700000.0,1340.0,8731.34328358209,2,2,Apartment,,,
Hafeezpet,Hyderabad,3 BHK 1909 Sq. Ft. Apartment,16700000.0,1909.0,8748.035620743845,3,3,Apartment,,,
Hafeezpet,Hyderabad,3 BHK 2044 Sq. Ft. Apartment,17900000.0,2044.0,8757.3385518591,3,3,Apartment,,,
Hafeezpet,Hyderabad,"2 BHK Flat for Sale in Hafeezpet, Hyderabad",15800000.0,1615.0,9783.28173374613,3,2,Apartment,,,
"Hafeezpet, Hyderabad",Hyderabad,"Plot for Sale in Hafeezpet, Hyderabad",15000000.0,200.0,75000.0,5,4,Apartment,,,
Hafeezpet,Hyderabad,"2 BHK Flat for Sale in Hafeezpet, Hyderabad",10500000.0,1250.0,8400.0,3,2,Apartment,,,
Hafeezpet,Hyderabad,3 BHK 1601 Sq. Ft. Apartment,15200000.0,1601.0,9494.066208619612,3,3,Apartment,,,
Hafeezpet,Hyderabad,3 BHK 2656 Sq. Ft. Apartment,25200000.0,2656.0,9487.951807228916,3,4,Apartment,,,
Hafeezpet,Hyderabad,3 BHK 2064 Sq. Ft. Apartment,19600000.0,2064.0,9496.124031007752,3,3,Apartment,,,
Hafeezpet,Hyderabad,3 BHK 1537 Sq. Ft. Apartment,14600000.0,1537.0,9499.024072869226,3,3,Apartment,,,
Hafeezpet,Hyderabad,"2 BHK Flat for Sale in Hafeezpet, Hyderabad",16000000.0,1350.0,11851.85185185185,3,2,Apartment,,,
Hafeezpet,Hyderabad,"2 BHK Flat for Sale in Hafeezpet, Hyderabad",8466000.0,1245.0,6800.0,2,2,Apartment,,,
Hafeezpet,Hyderabad,"3 BHK Flat for Sale in Hafeezpet, Hyderabad",21000000.0,2300.0,9130.434782608696,3,3,Apartment,,,
"Hafeezpet, Hyderabad",Hyderabad,"2 BHK Flat for Sale in Hafeezpet, Hyderabad",17400000.0,1820.0,9560.43956043956,3,2,Apartment,,,
"Hafeezpet, Hyderabad",Hyderabad,"1 BHK Flat for Sale in Hafeezpet, Hyderabad",3200000.0,566.0,5653.710247349824,1,1,Apartment,,,
Hafeezpet,Hyderabad,"3 BHK Flat for Sale in Hafeezpet, Hyderabad",11400000.0,1525.0,7475.409836065573,3,3,Apartment,,,
Himayatnagar,Hyderabad,,13360000.0,1325.0,10083.01886792453,2,2,Apartment,,,
Himayatnagar,Hyderabad,,12060000.0,1066.0,11313.32082551595,2,2,Apartment,,,
Himayatnagar,Hyderabad,,28393436.88031823,2082.34965034965,13635.28784685638,3,3,Apartment,,,
Himayatnagar,Hyderabad,,8000000.0,1185.0,6751.054852320675,3,2,Apartment,,,
Himayatnagar,Hyderabad,,6037.0,260.6,23.16577129700691,2,2,Apartment,,,
Himayatnagar,Hyderabad,,222800000.0,1325.0,196603.7735849057,2,3,Apartment,,,
Himayatnagar,Hyderabad,,20120000.0,603.0,33366.5008291874,1,2,Plot,,,
Himayatnagar,Hyderabad,,2613000.0,187.2,13958.33333333333,2,1,Apartment,,,
Himayatnagar,Hyderabad,,4333.0,260.6,16.62701458173446,2,2,Apartment,,,
Himayatnagar,Hyderabad,,28393436.88031823,2082.34965034965,13635.28784685638,3,3,Plot,,,
Himayatnagar,Hyderabad,,9164800.0,1475.0,6213.423728813559,3,2,Apartment,,,
Himayatnagar,Hyderabad,,25520000.0,1330.0,19187.96992481203,3,3,Apartment,,,
Himayatnagar,Hyderabad,,12500000.0,1588.0,7871.536523929471,2,2,Apartment,,,
Himayatnagar,Hyderabad,,8474.0,260.6,32.51726784343822,2,2,Apartment,,,
Himayatnagar,Hyderabad,,8406000.0,1475.0,5698.983050847458,3,3,Apartment,,,
Himayatnagar,Hyderabad,,7360000.0,1150.0,6400.0,3,2,Apartment,,,
Himayatnagar,Hyderabad,,9300000.0,1393.2,6675.279931093884,3,2,Apartment,,,
Himayatnagar,Hyderabad,,8086.0,260.6,31.02839600920951,2,2,Apartment,,,
Himayatnagar,Hyderabad,,7280000.0,1150.0,6330.434782608696,2,2,Apartment,,,
Himayatnagar,Hyderabad,,222800000.0,1150.0,224104.3478260869,3,3,Apartment,,,
Himayatnagar,Hyderabad,,16500000.0,1850.0,8918.918918918918,3,2,Apartment,,,
Himayatnagar,Hyderabad,,18000000.0,1126.8,15974.44089456869,3,3,Apartment,,,
Himayatnagar,Hyderabad,,9729.0,260.6,37.33307751343054,2,2,Apartment,,,
Himayatnagar,Hyderabad,,17020000.0,1850.0,9200.0,3,3,Apartment,,,
Himayatnagar,Hyderabad,,222800000.0,1850.0,141729.7297297297,3,3,Apartment,,,
Himayatnagar,Hyderabad,,9023200.0,1260.0,7161.269841269841,2,2,Apartment,,,
Himayatnagar,Hyderabad,,9000000.0,1237.2,7274.490785645005,3,2,Apartment,,,
Himayatnagar,Hyderabad,,7142.0,260.6,27.40598618572525,2,2,Apartment,,,
Himayatnagar,Hyderabad,,10380000.0,1260.0,8238.095238095239,2,2,Apartment,,,
Himayatnagar,Hyderabad,,222800000.0,1260.0,204142.8571428572,2,2,Apartment,,,
Himayatnagar,Hyderabad,,10101200.0,1470.0,6871.56462585034,3,3,Apartment,,,
Himayatnagar,Hyderabad,,13500000.0,1565.6,8622.89218191109,3,3,Apartment,,,
Himayatnagar,Hyderabad,,9183.0,260.6,35.23791250959324,2,2,Apartment,,,
Himayatnagar,Hyderabad,,6580000.0,1150.0,5721.739130434783,2,2,Apartment,,,
Himayatnagar,Hyderabad,,10869.0,260.6,41.70759785111282,2,2,Apartment,,,
Himayatnagar,Hyderabad,,13180000.0,1900.0,6936.842105263157,3,3,Plot,,,
Himayatnagar,Hyderabad,,70000000.0,2943.6,23780.40494632423,4,5,Apartment,,,
Himayatnagar,Hyderabad,,36842.0,260.6,141.3737528779739,2,2,Apartment,,,
Himayatnagar,Hyderabad,,27620000.0,2450.0,11273.4693877551,3,3,Apartment,,,
Himayatnagar,Hyderabad,,7346.0,260.6,28.18879508825787,2,2,Apartment,,,
Himayatnagar,Hyderabad,,222800000.0,2450.0,104906.1224489796,3,3,Apartment,,,
Himayatnagar,Hyderabad,,67340000.0,3260.0,20656.44171779141,3,3,Apartment,,,
Himayatnagar,Hyderabad,,25100000.0,2159.6,11622.52268938692,3,3,Apartment,,,
Himayatnagar,Hyderabad,,7699.0,260.6,29.54336147352264,2,2,Apartment,,,
Himayatnagar,Hyderabad,,57440000.0,3260.0,17619.63190184049,3,4,Apartment,,,
Himayatnagar,Hyderabad,,20300000.0,3260.0,6226.993865030675,3,4,Apartment,,,
Himayatnagar,Hyderabad,,69780000.0,5400.0,12922.22222222222,4,4,Plot,,,
Himayatnagar,Hyderabad,,31980000.0,3399.6,9406.98905753618,4,3,Apartment,,,
Himayatnagar,Hyderabad,,27600000.0,4170.6,6617.752841317794,4,3,Apartment,,,
Himayatnagar,Hyderabad,,5103.0,260.6,19.5817344589409,2,2,Apartment,,,
Himayatnagar,Hyderabad,,77040000.0,5400.0,14266.66666666667,5,4,Plot,,,
Himayatnagar,Hyderabad,,24900000.0,2214.0,11246.61246612466,4,3,Villa,,,
Himayatnagar,Hyderabad,,24900000.0,2214.0,11246.61246612466,4,3,Plot,,,
Himayatnagar,Hyderabad,,32000000.0,2244.8,14255.1674982181,4,4,Apartment,,,
Himayatnagar,Hyderabad,,14453.0,260.6,55.46047582501918,2,2,Apartment,,,
Himayatnagar,Hyderabad,,24900000.0,2214.0,11246.61246612466,3,3,Plot,,,
Himayatnagar,Hyderabad,,25640000.0,2473.0,10367.97412050142,3,3,Apartment,,,
Himayatnagar,Hyderabad,,19000000.0,1596.0,11904.7619047619,3,2,Apartment,,,
Himayatnagar,Hyderabad,,7682.0,260.6,29.47812739831159,2,2,Apartment,,,
Himayatnagar,Hyderabad,,222800000.0,2473.0,103930.4488475536,3,3,Apartment,,,
Himayatnagar,Hyderabad,,222800000.0,10200.0,6864.197530864198,6,5,Villa,,,
Himayatnagar,Hyderabad,,119520000.0,10200.0,9260.521911609743,6,3,Apartment,,,
Himayatnagar,Hyderabad,,222800000.0,10200.0,6864.197530864198,6,5,Apartment,,,
Himayatnagar,Hyderabad,,23000000.0,1982.4,11602.09846650525,3,4,Apartment,,,
Himayatnagar,Hyderabad,,568.0,260.6,2.179585571757483,2,2,Apartment,,,
Himayatnagar,Hyderabad,,222800000.0,10200.0,6864.197530864198,5,5,Apartment,,,
Himayatnagar,Hyderabad,,7651800.0,1210.0,6323.801652892562,3,2,Plot,,,
Himayatnagar,Hyderabad,,26000000.0,2348.4,11071.36773973769,4,3,Apartment,,,
Himayatnagar,Hyderabad,,21487.0,260.6,82.45203376822717,2,2,Apartment,,,
Himayatnagar,Hyderabad,,7209200.0,1210.0,5958.01652892562,2,2,Plot,,,
Himayatnagar,Hyderabad,,47560000.0,3200.0,14862.5,3,3,Villa,,,
Himayatnagar,Hyderabad,,47560000.0,3200.0,14862.5,3,3,Plot,,,
Himayatnagar,Hyderabad,,22400000.0,1328.2,16864.92998042464,3,3,Apartment,,,
Himayatnagar,Hyderabad,,7000.0,260.6,26.86108979278588,2,2,Apartment,,,
Himayatnagar,Hyderabad,,51060000.0,3200.0,15956.25,4,4,Plot,,,
Himayatnagar,Hyderabad,,39220000.0,3220.0,12180.12422360248,5,3,Plot,,,
Himayatnagar,Hyderabad,,96740000.0,10020.8,9653.919846718823,5,3,Apartment,,,
Himayatnagar,Hyderabad,,33200000.0,2796.0,11874.10586552218,3,4,Apartment,,,
Himayatnagar,Hyderabad,,10309.0,260.6,39.55871066768994,2,2,Apartment,,,
Himayatnagar,Hyderabad,,64700000.0,3220.0,20093.16770186336,4,3,Plot,,,
Himayatnagar,Hyderabad,,40300000.0,3505.0,11497.86019971469,3,5,Villa,,,
Himayatnagar,Hyderabad,,40300000.0,3505.0,11497.86019971469,3,5,Apartment,,,
Himayatnagar,Hyderabad,,34400000.0,2704.6,12719.07121200917,4,4,Apartment,,,
Himayatnagar,Hyderabad,,9814.0,260.6,37.6592478894858,2,2,Apartment,,,
Himayatnagar,Hyderabad,,59480000.0,3505.0,16970.04279600571,4,5,Apartment,,,
Himayatnagar,Hyderabad,,10580000.0,1233.0,8580.697485806975,4,2,Villa,,,
Himayatnagar,Hyderabad,,10580000.0,1233.0,8580.697485806975,4,2,Plot,,,
Himayatnagar,Hyderabad,,14598.0,260.6,56.01688411358403,2,2,Apartment,,,
Himayatnagar,Hyderabad,,10580000.0,1233.0,8580.697485806975,3,2,Plot,,,
Himayatnagar,Hyderabad,,37520000.0,3360.0,11166.66666666667,3,4,Villa,,,
Himayatnagar,Hyderabad,,37520000.0,3360.0,11166.66666666667,3,4,Apartment,,,
Himayatnagar,Hyderabad,,36300000.0,4404.0,8242.5068119891,4,5,Apartment,,,
Himayatnagar,Hyderabad,,10803.0,260.6,41.45433614735226,2,2,Apartment,,,
Himayatnagar,Hyderabad,,37520000.0,3360.0,11166.66666666667,4,4,Apartment,,,
Himayatnagar,Hyderabad,,10174000.0,150.0,67826.66666666667,5,4,Villa,,,
Himayatnagar,Hyderabad,,10174000.0,150.0,67826.66666666667,5,4,Plot,,,
Himayatnagar,Hyderabad,,120000.0,260.6,460.4758250191865,2,2,Apartment,,,
Himayatnagar,Hyderabad,,10350000.0,150.0,69000.0,5,3,Plot,,,
Himayatnagar,Hyderabad,,39840000.0,3600.0,11066.66666666667,3,3,Villa,,,
Himayatnagar,Hyderabad,,39840000.0,3600.0,11066.66666666667,3,3,Plot,,,
Himayatnagar,Hyderabad,,35000000.0,3292.0,10631.8347509113,4,4,Apartment,,,
Himayatnagar,Hyderabad,,9722.0,260.6,37.30621642363776,2,2,Apartment,,,
Himayatnagar,Hyderabad,,43200000.0,3600.0,12000.0,4,4,Plot,,,
Himayatnagar,Hyderabad,,37400000.0,2500.0,14960.0,3,3,Villa,,,
Himayatnagar,Hyderabad,,37400000.0,2500.0,14960.0,3,3,Plot,,,
Himayatnagar,Hyderabad,,20000000.0,3770.4,5304.476978569913,4,3,Apartment,,,
Himayatnagar,Hyderabad,,8000.0,260.6,30.69838833461243,2,2,Apartment,,,
Himayatnagar,Hyderabad,,40600000.0,2500.0,16240.0,3,3,Plot,,,
Himayatnagar,Hyderabad,,91000000.0,4500.0,20222.22222222222,3,4,Villa,,,
Himayatnagar,Hyderabad,,91000000.0,4500.0,20222.22222222222,3,4,Plot,,,
Himayatnagar,Hyderabad,,40000000.0,800.8,49950.04995004995,4,4,Apartment,,,
Himayatnagar,Hyderabad,,8888.0,260.6,34.10590943975441,2,2,Apartment,,,
Himayatnagar,Hyderabad,,91000000.0,4500.0,20222.22222222222,4,4,Plot,,,
Himayatnagar,Hyderabad,,19700000.0,8100.0,2432.098765432099,5,4,Plot,,,
Himayatnagar,Hyderabad,,49500000.0,2841.0,17423.4424498416,4,4,Apartment,,,
Himayatnagar,Hyderabad,,6111.0,260.6,23.44973138910207,2,2,Apartment,,,
Hydernagar,Hyderabad,"2 BHK Flat for Sale in Hydernagar, Hyderabad",7129000.000000001,1050.0,6789.52380952381,2,2,Apartment,,,
Hydernagar,Hyderabad,3 BHK 2350 Sq. Ft. Apartment,28200000.0,2350.0,12000.0,3,3,Apartment,,,
Hydernagar,Hyderabad,3 BHK 2650 Sq. Ft. Apartment,31800000.0,2650.0,12000.0,3,4,Apartment,,,
Hydernagar,Hyderabad,4 BHK 2800 Sq. Ft. Apartment,33600000.0,2800.0,12000.0,4,4,Apartment,,,
Hydernagar,Hyderabad,4 BHK 3600 Sq. Ft. Apartment,43200000.0,3600.0,12000.0,4,4,Apartment,,,
"Hydernagar, Hyderabad",Hyderabad,"3 BHK Flat for Sale in Hydernagar, Hyderabad",16500000.0,1710.0,9649.122807017544,3,3,Apartment,,,
Hydernagar,Hyderabad,3 BHK 2850 Sq. Ft. Apartment,29900000.0,2850.0,10491.22807017544,3,4,Apartment,,,
Hydernagar,Hyderabad,4 BHK 3303 Sq. Ft. Apartment,34700000.0,3303.0,10505.60096881623,4,4,Apartment,,,
Hydernagar,Hyderabad,4 BHK 3850 Sq. Ft. Apartment,40400000.0,3850.0,10493.50649350649,4,4,Apartment,,,
Hydernagar,Hyderabad,3 BHK 2180 Sq. Ft. Apartment,20900000.0,2180.0,9587.155963302752,3,4,Apartment,,,
Hydernagar,Hyderabad,3 BHK 1750 Sq. Ft. Apartment,16800000.0,1750.0,9600.0,3,3,Apartment,,,
Hydernagar,Hyderabad,4 BHK 3020 Sq. Ft. Apartment,29000000.0,3020.0,9602.649006622516,4,4,Apartment,,,
Hydernagar,Hyderabad,3 BHK 2003 Sq. Ft. Apartment,23000000.0,2003.0,11482.77583624563,3,3,Apartment,,,
Hydernagar,Hyderabad,3 BHK 2870 Sq. Ft. Apartment,33000000.0,2870.0,11498.25783972126,3,4,Apartment,,,
Hydernagar,Hyderabad,4 BHK 3500 Sq. Ft. Apartment,40300000.0,3500.0,11514.28571428571,4,4,Apartment,,,
Hydernagar,Hyderabad,4 BHK 4037 Sq. Ft. Apartment,46400000.0,4037.0,11493.68342828833,4,4,Apartment,,,
Hydernagar,Hyderabad,3 BHK 1796 Sq. Ft. Apartment,18000000.0,1796.0,10022.27171492205,3,2,Apartment,,,
Hydernagar,Hyderabad,3 BHK 2124 Sq. Ft. Apartment,21200000.0,2124.0,9981.167608286252,3,4,Apartment,,,
Hydernagar,Hyderabad,4 BHK 2708 Sq. Ft. Apartment,27100000.0,2708.0,10007.38552437223,4,3,Apartment,,,
Hydernagar,Hyderabad,2 BHK 1296 Sq. Ft. Apartment,11300000.0,1296.0,8719.135802469134,2,2,Apartment,,,
Hydernagar,Hyderabad,2 BHK 1340 Sq. Ft. Apartment,11700000.0,1340.0,8731.34328358209,2,2,Apartment,,,
Hydernagar,Hyderabad,3 BHK 1909 Sq. Ft. Apartment,16700000.0,1909.0,8748.035620743845,3,3,Apartment,,,
Hydernagar,Hyderabad,3 BHK 2044 Sq. Ft. Apartment,17900000.0,2044.0,8757.3385518591,3,3,Apartment,,,
Hydernagar,Hyderabad,3 BHK 1601 Sq. Ft. Apartment,15200000.0,1601.0,9494.066208619612,3,3,Apartment,,,
Hydernagar,Hyderabad,3 BHK 2656 Sq. Ft. Apartment,25200000.0,2656.0,9487.951807228916,3,4,Apartment,,,
Hydernagar,Hyderabad,3 BHK 2064 Sq. Ft. Apartment,19600000.0,2064.0,9496.124031007752,3,3,Apartment,,,
Hydernagar,Hyderabad,3 BHK 1537 Sq. Ft. Apartment,14600000.0,1537.0,9499.024072869226,3,3,Apartment,,,
Hydernagar,Hyderabad,"4 BHK Villa for Sale in Nizampet Road, Hyderabad",30000000.0,2000.0,15000.0,3,4,Villa,,,
Hydernagar,Hyderabad,"3 BHK Flat for Sale in Kukatpally, Hyderabad",17000000.0,1492.0,11394.1018766756,3,3,Apartment,,,
Hydernagar,Hyderabad,"3 BHK Flat for Sale in Kukatpally, Hyderabad",8800000.0,1650.0,5333.333333333333,3,3,Apartment,,,
Hydernagar,Hyderabad,"4 BHK Flat for Sale in Nizampet, Hyderabad",37000000.0,4600.0,8043.478260869565,5,4,Apartment,,,
Hydernagar,Hyderabad,"3 BHK Flat for Sale in Nizampet, Hyderabad",6997000.0,1555.0,4499.67845659164,3,2,Apartment,,,
Hydernagar,Hyderabad,"3 BHK Flat for Sale in Pragathi Nagar, Hyderabad",14500000.0,2520.0,5753.968253968254,3,3,Apartment,,,
"Pragathi Nagar, Hyderabad",Hyderabad,"Shop for Sale in Pragathi Nagar, Hyderabad",56000000.0,266.0,210526.3157894737,5,3,Apartment,,,
"Kukatpally, Hyderabad",Hyderabad,"Office Space for Sale in Kukatpally, Hyderabad",6440000.0,1067.0,6035.613870665417,2,2,Apartment,,,
"Kphb, Hyderabad",Hyderabad,"6+ BHK Flat for Sale in Kphb, Hyderabad",85000000.0,250.0,295051.2315086969,5,6,Apartment,,,
Hydernagar,Hyderabad,"3 BHK Flat for Sale in Nizampet, Hyderabad",7042000.0,1565.0,4499.680511182109,3,2,Apartment,,,
"Kukatpally, Hyderabad",Hyderabad,"Plot for Sale in Kukatpally, Hyderabad",26000000.0,200.0,130000.0,5,4,Apartment,,,
Hydernagar,Hyderabad,"2 BHK Flat for Sale in Miyapur, Hyderabad",6300000.0,1150.0,5478.260869565217,3,2,Apartment,,,
Hydernagar,Hyderabad,"3 BHK Flat for Sale in Nizampet, Hyderabad",13500000.0,1558.0,8664.955070603337,3,3,Apartment,,,
Hydernagar,Hyderabad,"2 BHK Flat for Sale in Nizampet, Hyderabad",5800000.0,900.0,6444.444444444444,2,2,Apartment,,,
Hydernagar,Hyderabad,"2 BHK Flat for Sale in Nizampet, Hyderabad",8026000.000000001,1230.0,6525.203252032521,3,2,Apartment,,,
Jeedimetla,Hyderabad,"3 BHK Flat for Sale in Jeedimetla, Hyderabad",10200000.0,1785.0,5714.285714285715,3,2,House,,,
Jeedimetla,Hyderabad,"3 BHK Builder Floor for Sale in Jeedimetla, Hyderabad",9500000.0,1505.0,6312.292358803987,3,3,Apartment,,,
"Subhash Nagar, Hyderabad",Hyderabad,"6+ BHK House for Sale in Subhash Nagar, Hyderabad",21000000.0,200.0,105000.0,5,6,House,,,
Jeedimetla,Hyderabad,,28393436.88031823,2082.34965034965,13635.28784685638,3,3,Apartment,,,
Jeedimetla,Hyderabad,"3 BHK Flat for Sale in Jeedimetla, Hyderabad",7500000.0,1370.0,5474.452554744526,2,3,Apartment,,,
"Jeedimetla, Hyderabad",Hyderabad,"Land for Sale in Jeedimetla, Hyderabad",222800000.0,10200.0,44095.48599219124,5,5,Apartment,,,
"Jeedimetla, Hyderabad",Hyderabad,"3 BHK Flat for Sale in Jeedimetla, Hyderabad",12400000.0,1816.0,6828.193832599119,3,2,Apartment,,,
Jeedimetla,Hyderabad,"3 BHK Flat for Sale in Jeedimetla, Hyderabad",10000000.0,1565.0,6389.776357827476,3,3,Apartment,,,
"Jeedimetla, Hyderabad",Hyderabad,"6 BHK House for Sale in Jeedimetla, Hyderabad",18000000.0,4000.0,4500.0,3,3,House,,,
Jeedimetla,Hyderabad,"3 BHK Builder Floor for Sale in Jeedimetla, Hyderabad",9000000.0,1450.0,6206.896551724138,3,3,Apartment,,,
"Jeedimetla, Hyderabad",Hyderabad,"Plot for Sale in Jeedimetla, Hyderabad",24000000.0,400.0,60000.0,2,3,Apartment,,,
"Subhash Nagar, Hyderabad",Hyderabad,"5 BHK House for Sale in Subhash Nagar, Hyderabad",9800000.0,3990.4,2455.894145950281,4,5,House,,,
"Subhash Nagar, Hyderabad",Hyderabad,"4 BHK House for Sale in Subhash Nagar, Hyderabad",10000000.0,100.0,100000.0,5,6,House,,,
"Chintal, Hyderabad",Hyderabad,"2 BHK Flat for Sale in Suchitra Road, Hyderabad",8200000.0,1235.0,6639.676113360324,3,2,House,,,
"Chintal, Hyderabad",Hyderabad,"2 BHK Flat for Sale in Chintal, Hyderabad",6000000.0,1080.0,5555.555555555556,3,2,Apartment,,,
Jeedimetla,Hyderabad,"3 BHK Flat for Sale in Suchitra, Hyderabad",12200000.0,1970.0,6192.893401015229,3,4,Apartment,,,
Jeedimetla,Hyderabad,"3 BHK Flat for Sale in Kompally, Hyderabad",13500000.0,1985.0,6801.007556675063,3,3,Apartment,,,
Jeedimetla,Hyderabad,"3 BHK Flat for Sale in Sriram Nagar, Hyderabad",9900000.0,1800.0,5500.0,3,3,Apartment,,,
"Petbasheerabad, Hyderabad",Hyderabad,"Office Space for Sale in Petbasheerabad, Hyderabad",9500000.0,825.0,11515.15151515152,2,2,Apartment,,,
Jeedimetla,Hyderabad,"3 BHK Flat for Sale in Bowenpally, Hyderabad",9610000.0,1740.0,5522.988505747127,3,3,Apartment,,,
Jeedimetla,Hyderabad,"3 BHK Flat for Sale in Bowenpally, Hyderabad",9600000.0,1710.0,5614.035087719299,3,3,Apartment,,,
Jeedimetla,Hyderabad,"3 BHK Flat for Sale in Bowenpally, Hyderabad",9600000.0,1750.0,5485.714285714285,3,3,Apartment,,,
Jeedimetla,Hyderabad,"3 BHK Flat for Sale in Bowenpally, Hyderabad",9610000.0,1748.0,5497.711670480549,3,3,Apartment,,,
Jeedimetla,Hyderabad,"3 BHK Flat for Sale in Bowenpally, Hyderabad",9600000.0,1730.0,5549.132947976878,3,3,Apartment,,,
Jeedimetla,Hyderabad,"3 BHK Flat for Sale in Bowenpally, Hyderabad",9610000.0,1742.0,5516.647531572905,3,3,Apartment,,,
Jeedimetla,Hyderabad,"3 BHK Flat for Sale in Bowenpally, Hyderabad",9600000.0,1700.0,5647.058823529412,3,3,Apartment,,,
Jeedimetla,Hyderabad,"3 BHK Flat for Sale in Bowenpally, Hyderabad",9700000.0,1760.0,5511.363636363636,3,3,Apartment,,,
Jeedimetla,Hyderabad,"3 BHK Flat for Sale in Bowenpally, Hyderabad",9610000.0,1744.0,5510.321100917431,3,3,Apartment,,,
Jeedimetla,Hyderabad,"3 BHK Flat for Sale in Bowenpally, Hyderabad",9610000.0,1752.0,5485.159817351599,3,3,Apartment,,,
Jeedimetla,Hyderabad,"3 BHK Flat for Sale in Bowenpally, Hyderabad",9610000.0,1746.0,5504.009163802978,3,3,Apartment,,,
Jubilee_Hills,Hyderabad,"5 BHK House for Sale in Jubilee Hills, Hyderabad",210000000.0,5000.0,42000.0,5,3,Apartment,,,
Jubilee Hills,Hyderabad,3 BHK 2025 Sq. Ft. Apartment,24100000.0,2025.0,11901.23456790123,3,3,Apartment,,,
Jubilee Hills,Hyderabad,3 BHK 1868 Sq. Ft. Apartment,21000000.0,1868.0,11241.97002141328,3,3,Apartment,,,
Jubilee Hills,Hyderabad,4 BHK 2530 Sq. Ft. Apartment,28500000.0,2530.0,11264.82213438735,4,3,Apartment,,,
Jubilee Hills,Hyderabad,4 BHK 2635 Sq. Ft. Apartment,31500000.0,2635.0,11954.45920303605,4,4,Apartment,,,
Jubilee Hills,Hyderabad,"3 BHK Flat for Sale in Jubilee Hills, Hyderabad",38400000.0,3000.0,12800.0,4,3,Apartment,,,
"Jubilee Hills, Hyderabad",Hyderabad,"4 BHK House for Sale in Jubilee Hills, Hyderabad",200000000.0,10200.0,17391.30434782609,4,4,House,,,
Jubilee Hills,Hyderabad,3 BHK 2125 Sq. Ft. Apartment,25360000.0,2125.0,11934.11764705882,3,3,Apartment,,,
Jubilee Hills,Hyderabad,4 BHK 3500 Sq. Ft. Apartment,63180000.0,3500.0,18051.42857142857,4,5,Apartment,,,
Know More About Jubilee Hills,Hyderabad,"— Shweta Saraf, Tenant",28393436.88031823,2082.34965034965,13635.28784685638,3,3,Apartment,,,
Jubilee Hills,Hyderabad,,28393436.88031823,2082.34965034965,13635.28784685638,3,3,Apartment,,,
"Jubilee Hills, Hyderabad",Hyderabad,"5 BHK Villa for Sale in Jubilee Hills, Hyderabad",32500000.0,1389.0,23398.12814974802,3,5,Villa,,,
Jubilee Hills,Hyderabad,"3 BHK Flat for Sale in Jubilee Hills, Hyderabad",38800000.0,2265.0,17130.24282560706,3,3,Apartment,,,
"Jubilee Hills, Hyderabad",Hyderabad,"6+ BHK Villa for Sale in Jubilee Hills, Hyderabad",222800000.0,10200.0,24570.66666666667,4,6,Villa,,,
"Jubilee Hills, Hyderabad",Hyderabad,"5 BHK House for Sale in Jubilee Hills, Hyderabad",150000000.0,5000.0,30000.0,5,6,House,,,
"Jubilee Hills, Hyderabad",Hyderabad,"4 BHK Flat for Sale in Jubilee Hills, Hyderabad",55000000.0,3800.0,14473.68421052632,3,4,Apartment,,,
"Jubilee Hills, Hyderabad",Hyderabad,"Plot for Sale in Jubilee Hills, Hyderabad",195000000.0,590.0,295051.2315086969,1,2,Apartment,,,
"Jubilee Hills, Hyderabad",Hyderabad,"3 BHK Flat for Sale in Jubilee Hills, Hyderabad",42000000.0,3100.0,13548.38709677419,4,3,Apartment,,,
"Jubilee Hills, Hyderabad",Hyderabad,"Office Space for Sale in Jubilee Hills, Hyderabad",165000000.0,805.0,204968.9440993789,3,2,Apartment,,,
Jubilee Hills,Hyderabad,"Plot for Sale in Jubilee Hills, Hyderabad",50000000.0,330.0,151515.1515151515,3,3,Apartment,,,
"Jubilee Hills, Hyderabad",Hyderabad,"Office Space for Sale in Jubilee Hills, Hyderabad",75000000.0,5000.0,15000.0,5,5,Apartment,,,
Jubilee Hills,Hyderabad,"3 BHK Flat for Sale in Jubilee Hills, Hyderabad",30000000.0,2500.0,12000.0,3,3,Apartment,,,
Jubilee Hills,Hyderabad,"3 BHK Flat for Sale in Jubilee Hills, Hyderabad",16000000.0,1636.0,9779.9511002445,3,3,Apartment,,,
Jubilee Hills,Hyderabad,"4 BHK Flat for Sale in Jubilee Hills, Hyderabad",90000000.0,3200.0,28125.0,4,3,Apartment,,,
"Jubilee Hills, Hyderabad",Hyderabad,"5 BHK Penthouse for Sale in Jubilee Hills, Hyderabad",45000000.0,5000.0,9000.0,5,6,Apartment,,,
Jubilee Hills,Hyderabad,"3 BHK Flat for Sale in Jubilee Hills, Hyderabad",12500000.0,1200.0,10416.66666666667,2,2,Apartment,,,
Jubilee Hills,Hyderabad,"Plot for Sale in Jubilee Hills, Hyderabad",15600000.0,1200.0,13000.0,2,2,Apartment,,,
"Jubilee Hills, Hyderabad",Hyderabad,"Plot for Sale in Jubilee Hills, Hyderabad",100000000.0,500.0,200000.0,1,3,Apartment,,,
"Jubilee Hills, Hyderabad",Hyderabad,"Plot for Sale in Jubilee Hills, Hyderabad",222800000.0,750.0,295051.2315086969,4,2,Apartment,,,
"Jubilee Hills, Hyderabad",Hyderabad,"Office Space for Sale in Jubilee Hills, Hyderabad",60000000.0,6000.0,10000.0,5,4,Apartment,,,
"Jubilee Hills, Hyderabad",Hyderabad,"4 BHK House for Sale in Jubilee Hills, Hyderabad",222800000.0,7000.0,32857.14285714286,4,6,House,,,
Kapra,Hyderabad,"3 BHK Flat for Sale in Kapra, Hyderabad",14500000.0,2410.0,6016.597510373444,3,3,Apartment,,,
Kapra,Hyderabad,2 BHK 1310 Sq. Ft. Apartment,11100000.0,1310.0,8473.282442748094,2,2,Apartment,,,
Kapra,Hyderabad,3 BHK 1505 Sq. Ft. Apartment,14300000.0,1505.0,9501.661129568109,3,3,Apartment,,,
Kapra,Hyderabad,3 BHK 1860 Sq. Ft. Apartment,17700000.0,1860.0,9516.129032258064,3,3,Apartment,,,
"Kapra, Hyderabad",Hyderabad,"2 BHK Flat for Sale in Kapra, Hyderabad",5500000.0,855.0,6432.748538011696,2,2,Apartment,,,
Kapra,Hyderabad,3 BHK 1265 Sq. Ft. Apartment,6958000.0,1265.0,5500.395256916996,3,2,Apartment,,,
Kapra,Hyderabad,3 BHK 1825 Sq. Ft. Apartment,10000000.0,1825.0,5479.45205479452,3,3,Apartment,,,
Kapra,Hyderabad,,28393436.88031823,2082.34965034965,13635.28784685638,3,3,Apartment,,,
"Kapra, Hyderabad",Hyderabad,"3 BHK Flat for Sale in Kapra, Hyderabad",9900000.0,1899.0,5213.270142180095,3,3,Apartment,,,
Kapra,Hyderabad,"3 BHK House for Sale in Kapra, Hyderabad",19000000.0,240.0,79166.66666666667,5,2,House,,,
Kapra,Hyderabad,2 BHK 1210 Sq. Ft. Apartment,6895999.999999999,1210.0,5699.173553719008,2,2,Apartment,,,
Kapra,Hyderabad,3 BHK 1475 Sq. Ft. Apartment,8406000.0,1475.0,5698.983050847458,3,3,Apartment,,,
"Kapra, Hyderabad",Hyderabad,"Plot for Sale in Kapra, Hyderabad",9920000.0,160.0,62000.0,5,3,Apartment,,,
"Kapra, Hyderabad",Hyderabad,"4 BHK Villa for Sale in Kapra, Hyderabad",23000000.0,3400.0,6764.705882352941,3,5,Villa,,,
Kapra,Hyderabad,3 BHK 1635 Sq. Ft. Apartment,9810000.0,1635.0,6000.0,3,3,Apartment,,,
Kapra,Hyderabad,3 BHK 2435 Sq. Ft. Apartment,14600000.0,2435.0,5995.893223819302,3,3,Apartment,,,
"Kapra, Hyderabad",Hyderabad,"2 BHK Flat for Sale in Kapra, Hyderabad",5300000.0,910.0,5824.175824175824,2,2,Apartment,,,
"Kapra, Hyderabad",Hyderabad,"Plot for Sale in Kapra, Hyderabad",33200000.0,2500.0,13280.0,3,4,Apartment,,,
"Kapra, Hyderabad",Hyderabad,"Plot for Sale in Kapra, Hyderabad",10400000.0,160.0,65000.0,5,3,Apartment,,,
"Kapra, Hyderabad",Hyderabad,"2 BHK Flat for Sale in Kapra, Hyderabad",6798999.999999999,1300.0,5229.999999999999,3,2,Apartment,,,
Kapra,Hyderabad,"3 BHK Builder Floor for Sale in Kapra, Hyderabad",16500000.0,150.0,110000.0,5,3,Apartment,,,
Kapra,Hyderabad,"3 BHK Villa for Sale in Kapra, Hyderabad",16500000.0,150.0,110000.0,5,3,Villa,,,
Kapra,Hyderabad,"2 BHK Flat for Sale in Kapra, Hyderabad",4800000.0,920.0,5217.391304347826,2,2,Apartment,,,
Kapra,Hyderabad,"3 BHK Villa for Sale in Kapra, Hyderabad",13500000.0,2400.0,5625.0,3,3,Villa,,,
Kapra,Hyderabad,"2 BHK Flat for Sale in Kapra, Hyderabad",4100000.0,1004.0,4083.665338645418,2,2,Apartment,,,
Kapra,Hyderabad,"3 BHK Flat for Sale in Kapra, Hyderabad",14000000.0,2500.0,5600.0,3,3,Apartment,,,
Kapra,Hyderabad,"3 BHK Villa for Sale in Kapra, Hyderabad",11000000.0,2410.0,4564.315352697096,3,3,Villa,,,
"Kapra, Hyderabad",Hyderabad,"4 BHK House for Sale in Kapra, Hyderabad",13000000.0,135.0,96296.29629629628,5,4,House,,,
"Kapra, Hyderabad",Hyderabad,"Plot for Sale in Kapra, Hyderabad",18000000.0,275.0,65454.54545454546,5,3,Apartment,,,
Khairatabad,Hyderabad,"3 BHK Flat for Sale in Khairatabad, Hyderabad",10000000.0,1265.0,7905.138339920949,2,3,Apartment,,,
Khairatabad,Hyderabad,3 BHK 2025 Sq. Ft. Apartment,24100000.0,2025.0,11901.23456790123,3,3,Apartment,,,
Khairatabad,Hyderabad,3 BHK 1868 Sq. Ft. Apartment,21000000.0,1868.0,11241.97002141328,3,3,Apartment,,,
Khairatabad,Hyderabad,4 BHK 2530 Sq. Ft. Apartment,28500000.0,2530.0,11264.82213438735,4,3,Apartment,,,
Khairatabad,Hyderabad,4 BHK 2635 Sq. Ft. Apartment,31500000.0,2635.0,11954.45920303605,4,4,Apartment,,,
"Khairatabad, Hyderabad",Hyderabad,"Office Space for Sale in Khairatabad, Hyderabad",6500000.0,918.0,7080.610021786492,2,2,Apartment,,,
Khairatabad,Hyderabad,3 BHK 2125 Sq. Ft. Apartment,25360000.0,2125.0,11934.11764705882,3,3,Apartment,,,
Khairatabad,Hyderabad,4 BHK 3500 Sq. Ft. Apartment,63180000.0,3500.0,18051.42857142857,4,5,Apartment,,,
Khairatabad,Hyderabad,,28393436.88031823,2082.34965034965,13635.28784685638,3,3,Apartment,,,
Khairatabad,Hyderabad,"6 BHK House for Sale in Khairatabad, Hyderabad",70000000.0,398.0,175879.3969849246,1,6,House,,,
"Khairatabad, Hyderabad",Hyderabad,"Plot for Sale in Khairatabad, Hyderabad",12100000.0,1000.0,12100.0,2,2,Apartment,,,
"Khairatabad, Hyderabad",Hyderabad,"3 BHK Flat for Sale in Khairatabad, Hyderabad",23000000.0,2610.0,8812.260536398468,5,3,Apartment,,,
"Khairatabad, Hyderabad",Hyderabad,"Land for Sale in Khairatabad, Hyderabad",3600000.0,423.8,8494.572911750825,2,2,Apartment,,,
Khairatabad,Hyderabad,"2 BHK Flat for Sale in Khairatabad, Hyderabad",6500000.0,1213.0,5358.615004122012,2,2,Apartment,,,
"Khairatabad, Hyderabad",Hyderabad,"Plot for Sale in Khairatabad, Hyderabad",4185000.0,150.0,27900.0,5,3,Apartment,,,
"Khairatabad, Hyderabad",Hyderabad,"2.5 BHK Flat for Sale in Khairatabad, Hyderabad",222800000.0,1352.0,191760.3550295858,2,2,Apartment,,,
"Khairatabad, Hyderabad",Hyderabad,"Plot for Sale in Khairatabad, Hyderabad",8985000.0,150.0,59900.0,5,3,Apartment,,,
Kismatpur,Hyderabad,"3 BHK Flat for Sale in Kismatpur, Hyderabad",8708000.0,1340.0,6498.507462686567,2,3,Apartment,,,
Kismatpur,Hyderabad,2 BHK 1352 Sq. Ft. Apartment,12200000.0,1352.0,9023.668639053254,2,2,Apartment,,,
Kismatpur,Hyderabad,3 BHK 1680 Sq. Ft. Apartment,15100000.0,1680.0,8988.095238095239,3,3,Apartment,,,
Kismatpur,Hyderabad,3 BHK 2017 Sq. Ft. Apartment,18200000.0,2017.0,9023.3019335647,3,3,Apartment,,,
Kismatpur,Hyderabad,4 BHK 2904 Sq. Ft. Apartment,26100000.0,2904.0,8987.603305785124,4,4,Apartment,,,
Kismatpur,Hyderabad,4 BHK 3571 Sq. Ft. Apartment,32100000.0,3571.0,8989.078689442733,4,4,Apartment,,,
"Kismatpur, Hyderabad",Hyderabad,"Plot for Sale in Kismatpur, Hyderabad",11000000.0,200.0,55000.0,5,4,Apartment,,,
Kismatpur,Hyderabad,"5 BHK Villa for Sale in Kismatpur, Hyderabad",61500000.0,5100.0,12058.82352941176,5,5,Villa,,,
Kismatpur,Hyderabad,"4 BHK Villa for Sale in Kismatpur, Hyderabad",76000000.0,4750.0,16000.0,5,4,Villa,,,
Kismatpur,Hyderabad,3 BHK 1571 Sq. Ft. Apartment,12900000.0,1571.0,8211.330362826226,3,3,Apartment,,,
Kismatpur,Hyderabad,3 BHK 2101 Sq. Ft. Apartment,17200000.0,2101.0,8186.577820085674,3,4,Apartment,,,
Kismatpur,Hyderabad,4 BHK 2407 Sq. Ft. Apartment,19700000.0,2407.0,8184.461985874533,4,4,Apartment,,,
Kismatpur,Hyderabad,4 BHK 3233 Sq. Ft. Apartment,26500000.0,3233.0,8196.72131147541,4,4,Apartment,,,
Kismatpur,Hyderabad,,28393436.88031823,2082.34965034965,13635.28784685638,3,3,Apartment,,,
"Kismatpur, Hyderabad",Hyderabad,"3.5 BHK House for Sale in Kismatpur, Hyderabad",15000000.0,125.0,120000.0,5,2,House,,,
"Kismatpur, Hyderabad",Hyderabad,"4 BHK Villa for Sale in Kismatpur, Hyderabad",53000000.0,280.0,189285.7142857143,5,4,Villa,,,
"Kismatpur, Hyderabad",Hyderabad,"4 BHK House for Sale in Kismatpur, Hyderabad",26000000.0,3200.0,8125.0,4,3,House,,,
Kismatpur,Hyderabad,3 BHK 2290 Sq. Ft. Apartment,17400000.0,2290.0,7598.25327510917,3,3,Apartment,,,
Kismatpur,Hyderabad,3 BHK 2875 Sq. Ft. Apartment,21900000.0,2875.0,7617.391304347826,3,4,Apartment,,,
Kismatpur,Hyderabad,4 BHK 3370 Sq. Ft. Apartment,25600000.0,3370.0,7596.439169139466,4,4,Apartment,,,
Kismatpur,Hyderabad,4 BHK 4100 Sq. Ft. Apartment,31200000.0,4100.0,7609.756097560976,4,4,Apartment,,,
Kismatpur,Hyderabad,"3 BHK Villa for Sale in Kismatpur, Hyderabad",42000000.0,2125.0,19764.70588235294,3,3,Villa,,,
"Kismatpur, Hyderabad",Hyderabad,"5 BHK Villa for Sale in Kismatpur, Hyderabad",73000000.0,4050.0,18024.69135802469,3,5,Villa,,,
Kismatpur,Hyderabad,"3 BHK Flat for Sale in Kismatpur, Hyderabad",11200000.0,1559.0,7184.092366901861,3,3,Apartment,,,
Kismatpur,Hyderabad,5 BHK 10634 Sq. Ft. Villa,152460000.0,10200.0,14337.03216099304,5,4,Villa,,,
Kismatpur,Hyderabad,5 BHK 11635 Sq. Ft. Villa,133160000.0,10200.0,11444.77868500215,5,3,Villa,,,
Kismatpur,Hyderabad,"4 BHK Flat for Sale in Kismatpur, Hyderabad",33500000.0,5000.0,6700.0,5,4,Apartment,,,
Kismatpur,Hyderabad,"4 BHK Villa for Sale in Kismatpur, Hyderabad",130000000.0,5497.0,23649.26323449154,5,5,Villa,,,
"Kismatpur, Hyderabad",Hyderabad,"Plot for Sale in Kismatpur, Hyderabad",16200000.0,270.0,60000.00000000001,5,3,Apartment,,,
Kismatpur,Hyderabad,2 BHK 1179 Sq. Ft. Apartment,11100000.0,1179.0,9414.758269720103,2,2,Apartment,,,
Kismatpur,Hyderabad,2 BHK 1548 Sq. Ft. Apartment,14500000.0,1548.0,9366.925064599483,2,3,Apartment,,,
Kismatpur,Hyderabad,3 BHK 1631 Sq. Ft. Apartment,15300000.0,1631.0,9380.74800735745,3,3,Apartment,,,
Kismatpur,Hyderabad,3 BHK 2433 Sq. Ft. Apartment,22800000.0,2433.0,9371.1467324291,3,4,Apartment,,,
Kismatpur,Hyderabad,4 BHK 3348 Sq. Ft. Apartment,31400000.0,3348.0,9378.73357228196,4,4,Apartment,,,
Kismatpur,Hyderabad,4 BHK 3400 Sq. Ft. Apartment,31900000.0,3400.0,9382.35294117647,4,4,Apartment,,,
"Kismatpur, Hyderabad",Hyderabad,"3 BHK House for Sale in Kismatpur, Hyderabad",12000000.0,117.0,102564.1025641026,5,3,House,,,
"Kismatpur, Hyderabad",Hyderabad,"3.5 BHK Villa for Sale in Kismatpur, Hyderabad",25100000.0,430.0,58372.0930232558,1,3,Villa,,,
Kismatpur,Hyderabad,"4 BHK Villa for Sale in Kismatpur, Hyderabad",30000000.0,2880.0,10416.66666666667,5,4,Villa,,,
Kismatpur,Hyderabad,4 BHK 3591 Sq. Ft. Villa,69300000.0,3591.0,19298.24561403509,4,4,Villa,,,
Kismatpur,Hyderabad,5 BHK 5700 Sq. Ft. Villa,110000000.0,5700.0,19298.24561403509,5,4,Villa,,,
Kismatpur,Hyderabad,5 BHK 6932 Sq. Ft. Villa,133800000.0,6932.0,19301.78880553953,5,4,Villa,,,
"Kismatpur, Hyderabad",Hyderabad,"Plot for Sale in Kismatpur, Hyderabad",29000000.0,267.0,108614.2322097378,5,3,Apartment,,,
"Kismatpur, Hyderabad",Hyderabad,"Plot for Sale in Kismatpur, Hyderabad",60000000.0,600.0,100000.0,1,2,Apartment,,,
Kismatpur,Hyderabad,"4 BHK Villa for Sale in Kismatpur, Hyderabad",65800000.0,4593.0,14326.14848682778,5,4,Villa,,,
Kismatpur,Hyderabad,3 BHK 2231 Sq. Ft. Apartment,16300000.0,2231.0,7306.140744060958,3,4,Apartment,,,
Kismatpur,Hyderabad,3 BHK 2386 Sq. Ft. Apartment,17400000.0,2386.0,7292.539815590947,3,3,Apartment,,,
Kismatpur,Hyderabad,4 BHK 2791 Sq. Ft. Apartment,20400000.0,2791.0,7309.208169115012,4,4,Apartment,,,
Kismatpur,Hyderabad,4 BHK 3720 Sq. Ft. Apartment,27200000.0,3720.0,7311.827956989248,4,4,Apartment,,,
Locality,Hyderabad,"3 BHK Flat for Sale in Kokapet, Hyderabad",29000000.0,2235.0,12975.39149888143,3,3,Apartment,,,
Kokapet,Hyderabad,3 BHK 2350 Sq. Ft. Apartment,28200000.0,2350.0,12000.0,3,3,Apartment,,,
Kokapet,Hyderabad,3 BHK 2650 Sq. Ft. Apartment,31800000.0,2650.0,12000.0,3,4,Apartment,,,
Kokapet,Hyderabad,4 BHK 2800 Sq. Ft. Apartment,33600000.0,2800.0,12000.0,4,4,Apartment,,,
Kokapet,Hyderabad,4 BHK 3600 Sq. Ft. Apartment,43200000.0,3600.0,12000.0,4,4,Apartment,,,
Kokapet,Hyderabad,"3 BHK Flat for Sale in Kokapet, Hyderabad",27500000.0,2256.0,12189.71631205674,3,3,Apartment,,,
Kokapet,Hyderabad,"4 BHK Flat for Sale in Kokapet, Hyderabad",46100000.0,4617.0,9984.8386398094,5,5,Apartment,,,
Kokapet,Hyderabad,"3 BHK Flat for Sale in Kokapet, Hyderabad",27900000.0,2260.0,12345.13274336283,3,4,Apartment,,,
Kokapet,Hyderabad,"4 BHK Flat for Sale in Kokapet, Hyderabad",57699999.99999999,4617.0,12497.29261425168,5,5,Apartment,,,
"Kokapet, Hyderabad",Hyderabad,"Office Space for Sale in Kokapet, Hyderabad",222800000.0,10200.0,15000.0,5,5,Apartment,,,
Kokapet,Hyderabad,"3 BHK Flat for Sale in Kokapet, Hyderabad",18000000.0,2075.0,8674.698795180722,3,3,Apartment,,,
Kokapet,Hyderabad,"3 BHK Flat for Sale in Kokapet, Hyderabad",24000000.0,1957.0,12263.66888094022,3,3,Apartment,,,
Kokapet,Hyderabad,3 BHK 2850 Sq. Ft. Apartment,29900000.0,2850.0,10491.22807017544,3,4,Apartment,,,
Kokapet,Hyderabad,4 BHK 3303 Sq. Ft. Apartment,34700000.0,3303.0,10505.60096881623,4,4,Apartment,,,
Kokapet,Hyderabad,4 BHK 3850 Sq. Ft. Apartment,40400000.0,3850.0,10493.50649350649,4,4,Apartment,,,
Kokapet,Hyderabad,"— Habeeb Omar Bin Abood, Owner",28393436.88031823,2082.34965034965,13635.28784685638,3,3,Apartment,,,
Kokapet,Hyderabad,,28393436.88031823,2082.34965034965,13635.28784685638,3,3,Apartment,,,
Kokapet,Hyderabad,"3 BHK Flat for Sale in Kokapet, Hyderabad",33600000.0,2655.0,12655.36723163842,5,3,Apartment,,,
Kokapet,Hyderabad,"5 BHK Villa for Sale in Kokapet, Hyderabad",135000000.0,7000.0,19285.71428571429,4,5,Villa,,,
"Kokapet, Hyderabad",Hyderabad,"3 BHK Flat for Sale in Kokapet, Hyderabad",19800000.0,1730.0,11445.08670520231,3,3,Apartment,,,
Kokapet,Hyderabad,3 BHK 2003 Sq. Ft. Apartment,23000000.0,2003.0,11482.77583624563,3,3,Apartment,,,
Kokapet,Hyderabad,3 BHK 2870 Sq. Ft. Apartment,33000000.0,2870.0,11498.25783972126,3,4,Apartment,,,
Kokapet,Hyderabad,4 BHK 3500 Sq. Ft. Apartment,40300000.0,3500.0,11514.28571428571,4,4,Apartment,,,
Kokapet,Hyderabad,4 BHK 4037 Sq. Ft. Apartment,46400000.0,4037.0,11493.68342828833,4,4,Apartment,,,
Kokapet,Hyderabad,"2 BHK Flat for Sale in Kokapet, Hyderabad",11600000.0,1380.0,8405.797101449276,3,2,Apartment,,,
Kokapet,Hyderabad,"3 BHK Flat for Sale in Kokapet, Hyderabad",15900000.0,1700.0,9352.941176470587,3,3,Apartment,,,
"Kokapet, Hyderabad",Hyderabad,"3 BHK Flat for Sale in Kokapet, Hyderabad",11400000.0,1985.0,5743.073047858941,3,3,Apartment,,,
Kokapet,Hyderabad,3 BHK 1796 Sq. Ft. Apartment,18000000.0,1796.0,10022.27171492205,3,2,Apartment,,,
Kokapet,Hyderabad,3 BHK 2124 Sq. Ft. Apartment,21200000.0,2124.0,9981.167608286252,3,4,Apartment,,,
Kokapet,Hyderabad,4 BHK 2708 Sq. Ft. Apartment,27100000.0,2708.0,10007.38552437223,4,3,Apartment,,,
Kokapet,Hyderabad,"4 BHK Flat for Sale in Kokapet, Hyderabad",130000000.0,8811.0,14754.28441720576,4,4,Apartment,,,
Kokapet,Hyderabad,"3 BHK Flat for Sale in Kokapet, Hyderabad",42000000.0,3860.0,10880.82901554404,3,4,Apartment,,,
Kokapet,Hyderabad,"3 BHK Flat for Sale in Kokapet, Hyderabad",20900000.0,1905.0,10971.12860892388,3,3,Apartment,,,
Kokapet,Hyderabad,3 BHK 2152 Sq. Ft. Apartment,26000000.0,2152.0,12081.7843866171,3,4,Apartment,,,
Kokapet,Hyderabad,3 BHK 3036 Sq. Ft. Apartment,36700000.0,3036.0,12088.27404479578,3,4,Apartment,,,
Kokapet,Hyderabad,4 BHK 4187 Sq. Ft. Apartment,50700000.0,4187.0,12108.90852639121,4,4,Apartment,,,
Kokapet,Hyderabad,5 BHK 5266 Sq. Ft. Apartment,63700000.0,5266.0,12096.46790733004,5,4,Apartment,,,
Kokapet,Hyderabad,5 BHK 5472 Sq. Ft. Apartment,66200000.0,5472.0,12097.95321637427,5,4,Apartment,,,
Kokapet,Hyderabad,"4 BHK Flat for Sale in Kokapet, Hyderabad",43400000.0,4825.0,8994.81865284974,5,4,Apartment,,,
Kokapet,Hyderabad,"Office Space for Sale in Kokapet, Hyderabad",8009999.999999999,1000.0,8009.999999999999,2,2,Apartment,,,
Kokapet,Hyderabad,"3 BHK Flat for Sale in Kokapet, Hyderabad",25000000.0,1769.0,14132.27812323347,3,3,Apartment,,,
Kokapet,Hyderabad,3 BHK 2640 Sq. Ft. Apartment,29000000.0,2640.0,10984.84848484848,3,3,Apartment,,,
Kokapet,Hyderabad,4 BHK 3260 Sq. Ft. Apartment,35900000.0,3260.0,11012.26993865031,4,4,Apartment,,,
Kokapet,Hyderabad,4 BHK 3775 Sq. Ft. Apartment,41500000.0,3775.0,10993.37748344371,4,4,Apartment,,,
Kokapet,Hyderabad,"3 BHK Flat for Sale in Kokapet, Hyderabad",23500000.0,2185.0,10755.14874141876,3,3,Apartment,,,
Kokapet,Hyderabad,"3 BHK Flat for Sale in Kokapet, Hyderabad",21500000.0,1825.0,11780.82191780822,3,3,Apartment,,,
Kokapet,Hyderabad,"4 BHK Flat for Sale in Kokapet, Hyderabad",90000000.0,4980.0,18072.2891566265,5,4,Apartment,,,
Kokapet,Hyderabad,3 BHK 2180 Sq. Ft. Apartment,20900000.0,2180.0,9587.155963302752,3,4,Apartment,,,
Kokapet,Hyderabad,3 BHK 1750 Sq. Ft. Apartment,16800000.0,1750.0,9600.0,3,3,Apartment,,,
Kokapet,Hyderabad,4 BHK 3020 Sq. Ft. Apartment,29000000.0,3020.0,9602.649006622516,4,4,Apartment,,,
"Kokapet, Hyderabad",Hyderabad,"6+ BHK Villa for Sale in Kokapet, Hyderabad",222800000.0,600.0,295051.2315086969,1,6,Villa,,,
"Kokapet, Hyderabad",Hyderabad,"3 BHK Flat for Sale in Kokapet, Hyderabad",12500000.0,1715.0,7288.62973760933,3,3,Apartment,,,
"Kokapet, Hyderabad",Hyderabad,"3.5 BHK Flat for Sale in Kokapet, Hyderabad",22600000.0,2160.0,10462.96296296296,3,4,Apartment,,,
Kokapet,Hyderabad,"3 BHK Flat for Sale in Kokapet, Hyderabad",31200000.0,2505.0,12455.08982035928,3,4,Apartment,,,
Kokapet,Hyderabad,"4 BHK Flat for Sale in Kokapet, Hyderabad",90000000.0,6333.0,14211.27427759356,5,4,Villa,,,
"Kokapet, Hyderabad",Hyderabad,"3 BHK Flat for Sale in Kokapet, Hyderabad",32000000.0,2800.0,11428.57142857143,4,3,Apartment,,,
Kompally,Hyderabad,"2 BHK Flat for Sale in Kompally, Hyderabad",7258000.0,1210.0,5998.347107438017,2,2,Apartment,,,
Kompally,Hyderabad,"3 BHK Flat for Sale in Kompally, Hyderabad",16000000.0,2225.0,7191.011235955056,3,3,Apartment,,,
"Kompally, Hyderabad",Hyderabad,"5 BHK Villa for Sale in Kompally, Hyderabad",35000000.0,3545.0,9873.060648801127,3,5,Villa,,,
Kompally,Hyderabad,"3 BHK Flat for Sale in Kompally, Hyderabad",13900000.0,1820.0,7637.362637362637,3,3,Apartment,,,
Kompally,Hyderabad,"3 BHK Flat for Sale in Kompally, Hyderabad",10500000.0,1440.0,7291.666666666667,3,3,Apartment,,,
Kompally,Hyderabad,"— Sattya, Tenant",28393436.88031823,2082.34965034965,13635.28784685638,3,3,Apartment,,,
Kompally,Hyderabad,,28393436.88031823,2082.34965034965,13635.28784685638,3,3,Apartment,,,
Kompally,Hyderabad,"3 BHK Flat for Sale in Kompally, Hyderabad",14800000.0,1800.0,8222.222222222223,3,3,Apartment,,,
Kompally,Hyderabad,"3 BHK Flat for Sale in Kompally, Hyderabad",17000000.0,2076.0,8188.824662813102,3,3,Apartment,,,
"Kompally, Hyderabad",Hyderabad,"Plot for Sale in Kompally, Hyderabad",5800000.0,200.0,29000.0,5,3,Apartment,,,
"Kompally, Hyderabad",Hyderabad,"Plot for Sale in Kompally, Hyderabad",78000000.0,1200.0,65000.0,2,2,Apartment,,,
"Kompally, Hyderabad",Hyderabad,"3 BHK Flat for Sale in Kompally, Hyderabad",11000000.0,1800.0,6111.111111111111,3,3,Apartment,,,
"Kompally, Hyderabad",Hyderabad,"3 BHK Villa for Sale in Kompally, Hyderabad",22000000.0,2654.0,8289.37452901281,5,3,Villa,,,
Kompally,Hyderabad,"3 BHK Flat for Sale in Kompally, Hyderabad",18000000.0,2225.0,8089.887640449439,3,3,Apartment,,,
Kompally,Hyderabad,"3 BHK Flat for Sale in Kompally, Hyderabad",17400000.0,2079.0,8369.40836940837,3,3,Apartment,,,
Kompally,Hyderabad,"Plot for Sale in Kompally, Hyderabad",25500000.0,300.0,85000.0,5,4,Apartment,,,
Kompally,Hyderabad,"Plot for Sale in Kompally, Hyderabad",1450000.0,200.0,7250.0,5,3,Apartment,,,
Kompally,Hyderabad,"2 BHK Flat for Sale in Kompally, Hyderabad",7500000.0,1269.0,5910.16548463357,2,2,Apartment,,,
Kompally,Hyderabad,"3 BHK Flat for Sale in Kompally, Hyderabad",9000000.0,1520.0,5921.052631578948,3,2,Apartment,,,
Kompally,Hyderabad,"2 BHK Flat for Sale in Kompally, Hyderabad",8500000.0,1200.0,7083.333333333333,2,2,Apartment,,,
Kompally,Hyderabad,"3 BHK Flat for Sale in Kompally, Hyderabad",13500000.0,1985.0,6801.007556675063,3,3,Apartment,,,
"Kompally, Hyderabad",Hyderabad,"3 BHK Flat for Sale in Kompally, Hyderabad",17000000.0,1927.0,8822.003113648158,3,3,Apartment,,,
Kompally,Hyderabad,"3 BHK Flat for Sale in Kompally, Hyderabad",14000000.0,2178.0,6427.91551882461,3,4,Apartment,,,
Kompally,Hyderabad,"3 BHK Flat for Sale in Kompally, Hyderabad",14000000.0,2235.0,6263.982102908278,3,3,Apartment,,,
Kompally,Hyderabad,"3 BHK Flat for Sale in Kompally, Hyderabad",9600000.0,1395.0,6881.720430107527,3,3,Apartment,,,
Kompally,Hyderabad,"2 BHK Flat for Sale in Kompally, Hyderabad",8200000.0,1351.0,6069.578090303479,3,2,Apartment,,,
Locality,Hyderabad,"2 BHK Flat for Sale in Kondapur, Hyderabad",11200000.0,1225.0,9142.857142857143,3,2,Apartment,,,
Kondapur,Hyderabad,2 BHK 1296 Sq. Ft. Apartment,11300000.0,1296.0,8719.135802469134,2,2,Apartment,,,
Kondapur,Hyderabad,2 BHK 1340 Sq. Ft. Apartment,11700000.0,1340.0,8731.34328358209,2,2,Apartment,,,
Kondapur,Hyderabad,3 BHK 1909 Sq. Ft. Apartment,16700000.0,1909.0,8748.035620743845,3,3,Apartment,,,
Kondapur,Hyderabad,3 BHK 2044 Sq. Ft. Apartment,17900000.0,2044.0,8757.3385518591,3,3,Apartment,,,
Kondapur,Hyderabad,"3 BHK Flat for Sale in Kondapur, Hyderabad",16200000.0,1775.0,9126.760563380283,3,3,Apartment,,,
Kondapur,Hyderabad,"3.5 BHK Flat for Sale in Kondapur, Hyderabad",26500000.0,2410.0,10995.85062240664,3,3,Apartment,,,
Kondapur,Hyderabad,"4 BHK Flat for Sale in Kondapur, Hyderabad",26100000.0,3075.0,8487.80487804878,5,5,Apartment,,,
Kondapur,Hyderabad,"2 BHK Flat for Sale in Kondapur, Hyderabad",12600000.0,1490.0,8456.375838926175,3,3,Apartment,,,
Kondapur,Hyderabad,"3 BHK Flat for Sale in Kondapur, Hyderabad",18500000.0,1497.0,12358.04943219773,3,3,Apartment,,,
Kondapur,Hyderabad,"3 BHK Flat for Sale in Kondapur, Hyderabad",21000000.0,1585.0,13249.21135646688,3,3,Apartment,,,
Kondapur,Hyderabad,"3 BHK Flat for Sale in Kondapur, Hyderabad",27100000.0,2170.0,12488.47926267281,3,3,Apartment,,,
Kondapur,Hyderabad,3 BHK 2350 Sq. Ft. Apartment,28200000.0,2350.0,12000.0,3,3,Apartment,,,
Kondapur,Hyderabad,3 BHK 2650 Sq. Ft. Apartment,31800000.0,2650.0,12000.0,3,4,Apartment,,,
Kondapur,Hyderabad,4 BHK 2800 Sq. Ft. Apartment,33600000.0,2800.0,12000.0,4,4,Apartment,,,
Kondapur,Hyderabad,4 BHK 3600 Sq. Ft. Apartment,43200000.0,3600.0,12000.0,4,4,Apartment,,,
Know More About Kondapur,Hyderabad,"— Ramu Thota, Owner",28393436.88031823,2082.34965034965,13635.28784685638,3,3,Apartment,,,
Kondapur,Hyderabad,,28393436.88031823,2082.34965034965,13635.28784685638,3,3,Apartment,,,
Kondapur,Hyderabad,"3 BHK Flat for Sale in Kondapur, Hyderabad",24000000.0,1893.0,12678.28843106181,3,3,Apartment,,,
Kondapur,Hyderabad,"3 BHK Flat for Sale in Kondapur, Hyderabad",18000000.0,2190.0,8219.17808219178,3,3,Apartment,,,
Kondapur,Hyderabad,3 BHK 2850 Sq. Ft. Apartment,29900000.0,2850.0,10491.22807017544,3,4,Apartment,,,
Kondapur,Hyderabad,4 BHK 3303 Sq. Ft. Apartment,34700000.0,3303.0,10505.60096881623,4,4,Apartment,,,
Kondapur,Hyderabad,4 BHK 3850 Sq. Ft. Apartment,40400000.0,3850.0,10493.50649350649,4,4,Apartment,,,
"Kondapur, Hyderabad",Hyderabad,"4 BHK Flat for Sale in Kondapur, Hyderabad",72000000.0,5999.0,12002.0003333889,5,4,Apartment,,,
Kondapur,Hyderabad,"3 BHK Flat for Sale in Kondapur, Hyderabad",24000000.0,1326.0,18099.54751131222,2,3,Apartment,,,
Kondapur,Hyderabad,"3 BHK Flat for Sale in Kondapur, Hyderabad",16800000.0,1497.0,11222.44488977956,3,3,Apartment,,,
Kondapur,Hyderabad,3 BHK 2180 Sq. Ft. Apartment,20900000.0,2180.0,9587.155963302752,3,4,Apartment,,,
Kondapur,Hyderabad,3 BHK 1750 Sq. Ft. Apartment,16800000.0,1750.0,9600.0,3,3,Apartment,,,
Kondapur,Hyderabad,4 BHK 3020 Sq. Ft. Apartment,29000000.0,3020.0,9602.649006622516,4,4,Apartment,,,
Kondapur,Hyderabad,"4 BHK Flat for Sale in Kondapur, Hyderabad",37500000.0,2052.0,18274.85380116959,3,4,Apartment,,,
Kondapur,Hyderabad,"3 BHK Flat for Sale in Kondapur, Hyderabad",15800000.0,1236.0,12783.1715210356,3,3,Apartment,,,
"Kondapur, Hyderabad",Hyderabad,"2 BHK Flat for Sale in Kondapur, Hyderabad",8200000.0,1265.0,6482.213438735178,2,2,Apartment,,,
Kondapur,Hyderabad,3 BHK 2003 Sq. Ft. Apartment,23000000.0,2003.0,11482.77583624563,3,3,Apartment,,,
Kondapur,Hyderabad,3 BHK 2870 Sq. Ft. Apartment,33000000.0,2870.0,11498.25783972126,3,4,Apartment,,,
Kondapur,Hyderabad,4 BHK 3500 Sq. Ft. Apartment,40300000.0,3500.0,11514.28571428571,4,4,Apartment,,,
Kondapur,Hyderabad,4 BHK 4037 Sq. Ft. Apartment,46400000.0,4037.0,11493.68342828833,4,4,Apartment,,,
"Kondapur, Hyderabad",Hyderabad,"Plot for Sale in Kondapur, Hyderabad",32200000.0,280.0,115000.0,5,3,Apartment,,,
Kondapur,Hyderabad,"3 BHK Flat for Sale in Kondapur, Hyderabad",22600000.0,2060.0,10970.87378640776,3,3,Apartment,,,
"Kondapur, Hyderabad",Hyderabad,"Shop for Sale in Kondapur, Hyderabad",12000000.0,8200.0,1463.414634146342,5,3,Apartment,,,
Kondapur,Hyderabad,3 BHK 1796 Sq. Ft. Apartment,18000000.0,1796.0,10022.27171492205,3,2,Apartment,,,
Kondapur,Hyderabad,3 BHK 2124 Sq. Ft. Apartment,21200000.0,2124.0,9981.167608286252,3,4,Apartment,,,
Kondapur,Hyderabad,4 BHK 2708 Sq. Ft. Apartment,27100000.0,2708.0,10007.38552437223,4,3,Apartment,,,
Kondapur,Hyderabad,"2 BHK Flat for Sale in Kondapur, Hyderabad",12200000.0,1470.0,8299.319727891156,3,2,Apartment,,,
"Kondapur, Hyderabad",Hyderabad,"3 BHK Flat for Sale in Kondapur, Hyderabad",20400000.0,2270.0,8986.784140969163,3,3,Apartment,,,
Kondapur,Hyderabad,"3 BHK Flat for Sale in Kondapur, Hyderabad",23000000.0,1950.0,11794.8717948718,3,3,Apartment,,,
Kondapur,Hyderabad,3 BHK 1601 Sq. Ft. Apartment,15200000.0,1601.0,9494.066208619612,3,3,Apartment,,,
Kondapur,Hyderabad,3 BHK 2656 Sq. Ft. Apartment,25200000.0,2656.0,9487.951807228916,3,4,Apartment,,,
Kondapur,Hyderabad,3 BHK 2064 Sq. Ft. Apartment,19600000.0,2064.0,9496.124031007752,3,3,Apartment,,,
Kondapur,Hyderabad,3 BHK 1537 Sq. Ft. Apartment,14600000.0,1537.0,9499.024072869226,3,3,Apartment,,,
Kondapur,Hyderabad,"4 BHK Flat for Sale in Kondapur, Hyderabad",38100000.0,2925.0,13025.64102564102,5,4,Apartment,,,
Kondapur,Hyderabad,"3 BHK Flat for Sale in Kondapur, Hyderabad",26300000.0,1880.0,13989.36170212766,3,3,Apartment,,,
Kondapur,Hyderabad,"3 BHK Flat for Sale in Kondapur, Hyderabad",17300000.0,1726.0,10023.17497103129,3,3,Apartment,,,
Kondapur,Hyderabad,"3 BHK Flat for Sale in Kondapur, Hyderabad",18500000.0,1500.0,12333.33333333333,3,3,Apartment,,,
"Kondapur, Hyderabad",Hyderabad,"4 BHK Villa for Sale in Kondapur, Hyderabad",120000000.0,4290.0,27972.02797202797,3,5,Villa,,,
Kondapur,Hyderabad,"3 BHK Flat for Sale in Kondapur, Hyderabad",20200000.0,2025.0,9975.308641975307,3,3,Apartment,,,
Koti,Hyderabad,"1 BHK Flat for Sale in Koti, Hyderabad",2900000.0,720.0,4027.777777777778,4,1,Apartment,,,
Koti,Hyderabad,3 BHK 2025 Sq. Ft. Apartment,24100000.0,2025.0,11901.23456790123,3,3,Apartment,,,
Koti,Hyderabad,3 BHK 1868 Sq. Ft. Apartment,21000000.0,1868.0,11241.97002141328,3,3,Apartment,,,
Koti,Hyderabad,4 BHK 2530 Sq. Ft. Apartment,28500000.0,2530.0,11264.82213438735,4,3,Apartment,,,
Koti,Hyderabad,4 BHK 2635 Sq. Ft. Apartment,31500000.0,2635.0,11954.45920303605,4,4,Apartment,,,
"Koti, Hyderabad",Hyderabad,"Shop for Sale in Koti, Hyderabad",150000000.0,10200.0,10714.28571428571,5,5,Apartment,,,
Koti,Hyderabad,3 BHK 2125 Sq. Ft. Apartment,25360000.0,2125.0,11934.11764705882,3,3,Apartment,,,
Koti,Hyderabad,4 BHK 3500 Sq. Ft. Apartment,63180000.0,3500.0,18051.42857142857,4,5,Apartment,,,
"Hyderguda, Hyderabad",Hyderabad,"5 BHK Flat for Sale in Hyderguda, Hyderabad",36300000.0,5200.0,6980.769230769231,5,5,Apartment,,,
Koti,Hyderabad,"4 BHK Flat for Sale in Gun Foundry, Hyderabad",70000000.0,4446.0,15744.48942869996,5,4,Apartment,,,
Koti,Hyderabad,"4 BHK Flat for Sale in Gun Foundry, Hyderabad",60000000.0,4109.0,14602.09296665855,3,4,Apartment,,,
Koti,Hyderabad,"4 BHK Flat for Sale in Gun Foundry, Hyderabad",80000000.0,4446.0,17993.70220422852,5,4,Apartment,,,
Koti,Hyderabad,"4 BHK Flat for Sale in Gun Foundry, Hyderabad",65000000.0,4109.0,15818.93404721343,3,4,Apartment,,,
Koti,Hyderabad,"4 BHK Flat for Sale in Gun Foundry, Hyderabad",69000000.0,4109.0,16792.40691165734,3,4,Apartment,,,
Koti,Hyderabad,"4 BHK Flat for Sale in Gun Foundry, Hyderabad",70000000.0,4109.0,17035.77512776831,3,4,Apartment,,,
Koti,Hyderabad,"4 BHK Flat for Sale in Gun Foundry, Hyderabad",59200000.0,4231.0,13991.96407468684,3,4,Apartment,,,
Koti,Hyderabad,"4 BHK Flat for Sale in Gun Foundry, Hyderabad",62200000.0,4446.0,13990.10346378768,5,4,Apartment,,,
Koti,Hyderabad,"4 BHK Flat for Sale in Gun Foundry, Hyderabad",53300000.0,4110.0,12968.3698296837,3,3,Apartment,,,
Koti,Hyderabad,"4 BHK Flat for Sale in Gun Foundry, Hyderabad",54400000.00000001,4188.0,12989.49379178606,3,3,Apartment,,,
Kukatpally,Hyderabad,"3 BHK Flat for Sale in Kukatpally, Hyderabad",18000000.0,2001.0,8995.502248875562,3,3,Apartment,,,
Kukatpally,Hyderabad,3 BHK 2350 Sq. Ft. Apartment,28200000.0,2350.0,12000.0,3,3,Apartment,,,
Kukatpally,Hyderabad,3 BHK 2650 Sq. Ft. Apartment,31800000.0,2650.0,12000.0,3,4,Apartment,,,
Kukatpally,Hyderabad,4 BHK 2800 Sq. Ft. Apartment,33600000.0,2800.0,12000.0,4,4,Apartment,,,
Kukatpally,Hyderabad,4 BHK 3600 Sq. Ft. Apartment,43200000.0,3600.0,12000.0,4,4,Apartment,,,
Kukatpally,Hyderabad,"2 BHK Flat for Sale in Kukatpally, Hyderabad",9000000.0,1213.0,7419.62077493817,2,2,Apartment,,,
Kukatpally,Hyderabad,"2 BHK Flat for Sale in Kukatpally, Hyderabad",15200000.0,1296.0,11728.3950617284,2,2,Apartment,,,
Kukatpally,Hyderabad,"2 BHK Flat for Sale in Kukatpally, Hyderabad",7000000.0,1184.0,5912.162162162163,2,2,Apartment,,,
Kukatpally,Hyderabad,3 BHK 2850 Sq. Ft. Apartment,29900000.0,2850.0,10491.22807017544,3,4,Apartment,,,
Kukatpally,Hyderabad,4 BHK 3303 Sq. Ft. Apartment,34700000.0,3303.0,10505.60096881623,4,4,Apartment,,,
Kukatpally,Hyderabad,4 BHK 3850 Sq. Ft. Apartment,40400000.0,3850.0,10493.50649350649,4,4,Apartment,,,
Know More About Kukatpally,Hyderabad,"— Deepthi Rao, Owner",28393436.88031823,2082.34965034965,13635.28784685638,3,3,Apartment,,,
Kukatpally,Hyderabad,,28393436.88031823,2082.34965034965,13635.28784685638,3,3,Apartment,,,
Kukatpally,Hyderabad,"2 BHK Flat for Sale in Kukatpally, Hyderabad",8500000.0,930.0,9139.78494623656,2,2,Apartment,,,
Kukatpally,Hyderabad,"3 BHK Flat for Sale in Kukatpally, Hyderabad",14900000.0,1988.0,7494.969818913481,3,3,Apartment,,,
"Kukatpally, Hyderabad",Hyderabad,"3 BHK Flat for Sale in Kukatpally, Hyderabad",8835000.0,1425.0,6200.0,3,3,Apartment,,,
Kukatpally,Hyderabad,3 BHK 2180 Sq. Ft. Apartment,20900000.0,2180.0,9587.155963302752,3,4,Apartment,,,
Kukatpally,Hyderabad,3 BHK 1750 Sq. Ft. Apartment,16800000.0,1750.0,9600.0,3,3,Apartment,,,
Kukatpally,Hyderabad,4 BHK 3020 Sq. Ft. Apartment,29000000.0,3020.0,9602.649006622516,4,4,Apartment,,,
"Hydernagar, Hyderabad",Hyderabad,"2 BHK Flat for Sale in Hydernagar, Hyderabad",7129000.000000001,1050.0,6789.52380952381,2,2,Apartment,,,
"Kukatpally, Hyderabad",Hyderabad,"3 BHK Flat for Sale in Kukatpally, Hyderabad",12000000.0,2580.0,4651.162790697675,3,3,Apartment,,,
Kukatpally,Hyderabad,"3 BHK Flat for Sale in Kukatpally, Hyderabad",24300000.0,2214.0,10975.60975609756,3,3,Apartment,,,
Kukatpally,Hyderabad,3 BHK 2003 Sq. Ft. Apartment,23000000.0,2003.0,11482.77583624563,3,3,Apartment,,,
Kukatpally,Hyderabad,3 BHK 2870 Sq. Ft. Apartment,33000000.0,2870.0,11498.25783972126,3,4,Apartment,,,
Kukatpally,Hyderabad,4 BHK 3500 Sq. Ft. Apartment,40300000.0,3500.0,11514.28571428571,4,4,Apartment,,,
Kukatpally,Hyderabad,4 BHK 4037 Sq. Ft. Apartment,46400000.0,4037.0,11493.68342828833,4,4,Apartment,,,
"Kukatpally, Hyderabad",Hyderabad,"4 BHK Villa for Sale in Kukatpally, Hyderabad",170000000.0,5615.0,30276.04630454141,5,5,Villa,,,
Kukatpally,Hyderabad,"2 BHK Flat for Sale in Kukatpally, Hyderabad",8700000.0,1135.0,7665.198237885463,2,2,Apartment,,,
Kukatpally,Hyderabad,"3 BHK Flat for Sale in A S Rao Nagar, Hyderabad",7500000.0,1050.0,7142.857142857143,2,3,Villa,,,
Kukatpally,Hyderabad,3 BHK 1796 Sq. Ft. Apartment,18000000.0,1796.0,10022.27171492205,3,2,Apartment,,,
Kukatpally,Hyderabad,3 BHK 2124 Sq. Ft. Apartment,21200000.0,2124.0,9981.167608286252,3,4,Apartment,,,
Kukatpally,Hyderabad,4 BHK 2708 Sq. Ft. Apartment,27100000.0,2708.0,10007.38552437223,4,3,Apartment,,,
"Kukatpally, Hyderabad",Hyderabad,"3 BHK Flat for Sale in Kukatpally, Hyderabad",16000000.0,2000.0,8000.0,3,3,Apartment,,,
Kukatpally,Hyderabad,"3 BHK Flat for Sale in Kukatpally, Hyderabad",35000000.0,2560.0,13671.875,3,3,Apartment,,,
"A S Rao Nagar, Hyderabad",Hyderabad,"Plot for Sale in A S Rao Nagar, Hyderabad",110000000.0,2000.0,55000.0,3,4,Apartment,,,
Kukatpally,Hyderabad,2 BHK 1296 Sq. Ft. Apartment,11300000.0,1296.0,8719.135802469134,2,2,Apartment,,,
Kukatpally,Hyderabad,2 BHK 1340 Sq. Ft. Apartment,11700000.0,1340.0,8731.34328358209,2,2,Apartment,,,
Kukatpally,Hyderabad,3 BHK 1909 Sq. Ft. Apartment,16700000.0,1909.0,8748.035620743845,3,3,Apartment,,,
Kukatpally,Hyderabad,3 BHK 2044 Sq. Ft. Apartment,17900000.0,2044.0,8757.3385518591,3,3,Apartment,,,
"Sai Nagar, Hyderabad",Hyderabad,"Plot for Sale in Sai Nagar, Hyderabad",3040000.0,320.0,9500.0,5,3,Apartment,,,
Kukatpally,Hyderabad,"3 BHK Flat for Sale in Kukatpally, Hyderabad",46500000.0,3500.0,13285.71428571429,4,4,Villa,,,
"Kukatpally, Hyderabad",Hyderabad,"5 BHK Villa for Sale in Kukatpally, Hyderabad",158700000.0,6349.0,24996.06237202709,5,5,Villa,,,
Kukatpally,Hyderabad,3 BHK 1601 Sq. Ft. Apartment,15200000.0,1601.0,9494.066208619612,3,3,Apartment,,,
Kukatpally,Hyderabad,3 BHK 2656 Sq. Ft. Apartment,25200000.0,2656.0,9487.951807228916,3,4,Apartment,,,
Kukatpally,Hyderabad,3 BHK 2064 Sq. Ft. Apartment,19600000.0,2064.0,9496.124031007752,3,3,Apartment,,,
Kukatpally,Hyderabad,3 BHK 1537 Sq. Ft. Apartment,14600000.0,1537.0,9499.024072869226,3,3,Apartment,,,
Kukatpally,Hyderabad,"3 BHK Flat for Sale in Kukatpally, Hyderabad",16900000.0,1636.0,10330.07334963325,3,3,Apartment,,,
"Kukatpally, Hyderabad",Hyderabad,"2 BHK Flat for Sale in Kukatpally, Hyderabad",7500000.0,1250.0,6000.0,3,2,Apartment,,,
"Kukatpally, Hyderabad",Hyderabad,"Office Space for Sale in Kukatpally, Hyderabad",150000000.0,5040.0,29761.90476190476,5,5,Apartment,,,
Kukatpally,Hyderabad,"3 BHK Flat for Sale in Kukatpally, Hyderabad",9600000.0,1510.0,6357.615894039735,3,4,Apartment,,,
"Kukatpally, Hyderabad",Hyderabad,"2 BHK Flat for Sale in Kukatpally, Hyderabad",6200000.0,1050.0,5904.761904761905,2,2,Apartment,,,
Kukatpally,Hyderabad,"3 BHK Flat for Sale in Kukatpally, Hyderabad",14500000.0,1735.0,8357.34870317003,3,2,Apartment,,,
LB,Hyderabad,"2 BHK Flat for Sale in Lb Nagar, Hyderabad",10400000.0,1400.0,7428.571428571428,3,2,Apartment,,,
LB Nagar,Hyderabad,2 BHK 1310 Sq. Ft. Apartment,11100000.0,1310.0,8473.282442748094,2,2,Apartment,,,
LB Nagar,Hyderabad,3 BHK 1505 Sq. Ft. Apartment,14300000.0,1505.0,9501.661129568109,3,3,Apartment,,,
LB Nagar,Hyderabad,3 BHK 1860 Sq. Ft. Apartment,17700000.0,1860.0,9516.129032258064,3,3,Apartment,,,
"Lb Nagar, Hyderabad",Hyderabad,"3 BHK Flat for Sale in Lb Nagar, Hyderabad",12500000.0,1800.0,6944.444444444444,3,3,Apartment,,,
"Lb Nagar, Hyderabad",Hyderabad,"Plot for Sale in Lb Nagar, Hyderabad",33000000.0,300.0,110000.0,5,3,Apartment,,,
LB Nagar,Hyderabad,3 BHK 1265 Sq. Ft. Apartment,6958000.0,1265.0,5500.395256916996,3,2,Apartment,,,
LB Nagar,Hyderabad,3 BHK 1825 Sq. Ft. Apartment,10000000.0,1825.0,5479.45205479452,3,3,Apartment,,,
"Lb Nagar, Hyderabad",Hyderabad,"Plot for Sale in Lb Nagar, Hyderabad",34200000.0,311.0,109967.845659164,5,3,Apartment,,,
"Lb Nagar, Hyderabad",Hyderabad,"3 BHK Flat for Sale in Lb Nagar, Hyderabad",14900000.0,2076.0,7177.263969171484,3,3,Apartment,,,
LB Nagar,Hyderabad,2 BHK 1210 Sq. Ft. Apartment,6895999.999999999,1210.0,5699.173553719008,2,2,Apartment,,,
LB Nagar,Hyderabad,3 BHK 1475 Sq. Ft. Apartment,8406000.0,1475.0,5698.983050847458,3,3,Apartment,,,
"Lb Nagar, Hyderabad",Hyderabad,"6+ BHK House for Sale in Lb Nagar, Hyderabad",23000000.0,120.0,191666.6666666666,5,6,House,,,
LB Nagar,Hyderabad,"3 BHK Flat for Sale in Lb Nagar, Hyderabad",12900000.0,2270.0,5682.819383259912,3,3,Apartment,,,
LB Nagar,Hyderabad,3 BHK 1635 Sq. Ft. Apartment,9810000.0,1635.0,6000.0,3,3,Apartment,,,
LB Nagar,Hyderabad,3 BHK 2435 Sq. Ft. Apartment,14600000.0,2435.0,5995.893223819302,3,3,Apartment,,,
"Lb Nagar, Hyderabad",Hyderabad,"3 BHK Builder Floor for Sale in Lb Nagar, Hyderabad",13600000.0,1700.0,8000.000000000001,3,3,Apartment,,,
LB Nagar,Hyderabad,"2 BHK Flat for Sale in Lb Nagar, Hyderabad",8145000.0,1390.0,5859.712230215828,3,2,Apartment,,,
LB Nagar,Hyderabad,"2 BHK Builder Floor for Sale in Lb Nagar, Hyderabad",4700000.0,1150.0,4086.95652173913,3,2,Apartment,,,
"Lb Nagar, Hyderabad",Hyderabad,"Plot for Sale in Lb Nagar, Hyderabad",14000000.0,200.0,70000.0,5,3,Apartment,,,
"Lb Nagar, Hyderabad",Hyderabad,"Showroom for Sale in Lb Nagar, Hyderabad",100000000.0,569.0,175746.9244288225,1,3,Apartment,,,
"Lb Nagar, Hyderabad",Hyderabad,"Plot for Sale in Lb Nagar, Hyderabad",26400000.0,300.0,88000.0,5,3,Apartment,,,
"Lb Nagar, Hyderabad",Hyderabad,"2 BHK House for Sale in Lb Nagar, Hyderabad",12000000.0,1250.0,9600.0,3,3,House,,,
LB Nagar,Hyderabad,"3 BHK Flat for Sale in Lb Nagar, Hyderabad",17400000.0,1650.0,10545.45454545455,3,3,Apartment,,,
LB Nagar,Hyderabad,"2 BHK Flat for Sale in Lb Nagar, Hyderabad",9000000.0,1300.0,6923.076923076923,3,2,Apartment,,,
Lakdikapul,Hyderabad,,17500000.0,2460.0,7113.821138211382,4,3,Apartment,,,
Lakdikapul,Hyderabad,,25640000.0,2460.0,10422.76422764228,4,3,Apartment,,,
Lakdikapul,Hyderabad,,13503600.0,1585.0,8519.621451104102,3,3,Apartment,,,
Lakdikapul,Hyderabad,,25520000.0,1330.0,19187.96992481203,3,3,Apartment,,,
Lakdikapul,Hyderabad,,28393436.88031823,2082.34965034965,13635.28784685638,3,3,Apartment,,,
Lakdikapul,Hyderabad,,9600000.0,1257.2,7636.016544702513,3,3,Apartment,,,
Lakdikapul,Hyderabad,,6056.0,260.6,23.23867996930161,2,2,Apartment,,,
Lakdikapul,Hyderabad,,75680000.0,5000.0,15136.0,8,5,Villa,,,
Lakdikapul,Hyderabad,,119520000.0,2337.2,51138.11398254322,8,3,Apartment,,,
Lakdikapul,Hyderabad,,75680000.0,5000.0,15136.0,8,5,Plot,,,
Lakdikapul,Hyderabad,,31000000.0,1562.4,19841.26984126984,4,4,Apartment,,,
Lakdikapul,Hyderabad,,6200.0,260.6,23.79125095932463,2,2,Apartment,,,
Lakdikapul,Hyderabad,,82080000.0,5000.0,16416.0,6,5,Plot,,,
Lakdikapul,Hyderabad,,5840000.0,780.0,7487.179487179487,2,2,Apartment,,,
Lakdikapul,Hyderabad,,12060000.0,1066.0,11313.32082551595,2,2,Apartment,,,
Lakdikapul,Hyderabad,,5000000.0,676.8,7387.706855791963,2,2,Apartment,,,
Lakdikapul,Hyderabad,,6410.0,260.6,24.59708365310821,2,2,Apartment,,,
Lakdikapul,Hyderabad,,5840000.0,780.0,7487.179487179487,4,2,Apartment,,,
Lakdikapul,Hyderabad,,10000000.0,1710.0,5847.953216374269,3,4,Apartment,,,
Lakdikapul,Hyderabad,,6309.0,260.6,24.20951650038373,2,2,Apartment,,,
Lakdikapul,Hyderabad,,15260000.0,1590.0,9597.48427672956,3,3,Apartment,,,
Lakdikapul,Hyderabad,,15000000.0,343.6,43655.41327124563,3,3,Apartment,,,
Lakdikapul,Hyderabad,,9433.0,260.6,36.19723714504988,2,2,Apartment,,,
Lakdikapul,Hyderabad,,13323600.0,1590.0,8379.622641509433,3,3,Apartment,,,
Lakdikapul,Hyderabad,,222800000.0,1600.0,161312.5,3,3,Apartment,,,
Lakdikapul,Hyderabad,,10260000.0,1465.0,7003.412969283277,3,3,Apartment,,,
Lakdikapul,Hyderabad,,9500000.0,640.2,14839.1127772571,3,2,Apartment,,,
Lakdikapul,Hyderabad,,6484.0,260.6,24.88104374520337,2,2,Apartment,,,
Lakdikapul,Hyderabad,,10760000.0,1465.0,7344.709897610922,3,3,Apartment,,,
Lakdikapul,Hyderabad,,222800000.0,1465.0,183139.9317406143,3,3,Apartment,,,
Lakdikapul,Hyderabad,,22800000.0,2432.0,9374.999999999998,4,3,Apartment,,,
Lakdikapul,Hyderabad,,31980000.0,3399.6,9406.98905753618,4,3,Apartment,,,
Lakdikapul,Hyderabad,,24300000.0,2057.8,11808.72776751871,3,3,Apartment,,,
Lakdikapul,Hyderabad,,9990.0,260.6,38.33461243284727,2,2,Apartment,,,
Lakdikapul,Hyderabad,,22800000.0,2432.0,9374.999999999998,3,3,Apartment,,,
Lakdikapul,Hyderabad,,18140000.0,1989.0,9120.160884866767,3,3,Apartment,,,
Lakdikapul,Hyderabad,,18140000.0,1989.0,9120.160884866767,3,3,Plot,,,
Lakdikapul,Hyderabad,,19900000.0,1893.6,10509.08322771441,4,3,Apartment,,,
Lakdikapul,Hyderabad,,13942000.0,1754.0,7948.688711516534,3,3,Apartment,,,
Lakdikapul,Hyderabad,,17200000.0,1360.6,12641.48169925033,3,4,Apartment,,,
Lakdikapul,Hyderabad,,9800.0,260.6,37.60552570990023,2,2,Apartment,,,
Lakdikapul,Hyderabad,,50822000.0,1754.0,28974.91448118586,3,3,Apartment,,,
Lakdikapul,Hyderabad,,18200000.0,2165.6,8404.137421499816,3,3,Apartment,,,
Lakdikapul,Hyderabad,,10376.0,260.6,39.81580966999232,2,2,Apartment,,,
Lakdikapul,Hyderabad,,46780000.0,2250.0,20791.11111111111,3,3,Apartment,,,
Lakdikapul,Hyderabad,,23000000.0,1982.4,11602.09846650525,3,4,Apartment,,,
Lakdikapul,Hyderabad,,10222.0,260.6,39.22486569455104,2,2,Apartment,,,
Lakdikapul,Hyderabad,,7258000.0,1084.0,6695.571955719557,2,2,Apartment,,,
Lakdikapul,Hyderabad,,8130000.0,1238.0,6567.043618739903,3,2,Apartment,,,
Lakdikapul,Hyderabad,,7500.0,260.6,28.77973906369916,2,2,Apartment,,,
Lakdikapul,Hyderabad,,7578000.0,1084.0,6990.774907749077,2,2,Apartment,,,
Lakdikapul,Hyderabad,,222800000.0,1084.0,237638.3763837639,2,2,Apartment,,,
Lakdikapul,Hyderabad,,14720000.0,1603.0,9182.782283218963,3,3,Apartment,,,
Lakdikapul,Hyderabad,,12000000.0,2565.4,4677.633117642473,2,3,Apartment,,,
Lakdikapul,Hyderabad,,7485.0,260.6,28.72217958557176,2,2,Apartment,,,
Lakdikapul,Hyderabad,,222800000.0,1603.0,162345.601996257,3,3,Apartment,,,
Lakdikapul,Hyderabad,,6605800.0,1050.0,6291.238095238095,2,2,Apartment,,,
Lakdikapul,Hyderabad,,5500000.0,1114.0,4937.163375224416,2,2,Apartment,,,
Lakdikapul,Hyderabad,,6875.0,260.6,26.38142747505756,2,2,Apartment,,,
Lakdikapul,Hyderabad,,6871600.0,1050.0,6544.380952380952,2,2,Apartment,,,
Lakdikapul,Hyderabad,,29460000.0,1875.0,15712.0,3,2,Plot,,,
Lakdikapul,Hyderabad,,29440000.0,1875.0,15701.33333333333,3,3,Plot,,,
Lakdikapul,Hyderabad,,8000.0,260.6,30.69838833461243,2,2,Apartment,,,
Lakdikapul,Hyderabad,,28393436.88031823,2082.34965034965,13635.28784685638,3,3,Plot,,,
Lakdikapul,Hyderabad,,13060000.0,1360.0,9602.941176470587,2,2,Other,,,
Lakdikapul,Hyderabad,,12060000.0,1066.0,11313.32082551595,2,2,Other,,,
Lakdikapul,Hyderabad,,13060000.0,1360.0,9602.941176470587,2,2,Apartment,,,
Lakdikapul,Hyderabad,,4044.0,260.6,15.51803530314658,2,2,Apartment,,,
Lakdikapul,Hyderabad,,13540000.0,1360.0,9955.882352941177,2,3,Apartment,,,
Lakdikapul,Hyderabad,,222800000.0,1360.0,189882.3529411765,2,2,Other,,,
Lakdikapul,Hyderabad,,27020000.0,2700.0,10007.40740740741,6,3,Apartment,,,
Lakdikapul,Hyderabad,,119520000.0,10200.0,9260.521911609743,6,3,Apartment,,,
Lakdikapul,Hyderabad,,19000000.0,1596.0,11904.7619047619,3,2,Apartment,,,
Lakdikapul,Hyderabad,,7037.0,260.6,27.00306983883345,2,2,Apartment,,,
Lakdikapul,Hyderabad,,27020000.0,2700.0,10007.40740740741,5,4,Apartment,,,
Lakdikapul,Hyderabad,,222800000.0,2700.0,99837.03703703704,6,6,Apartment,,,
Lakdikapul,Hyderabad,,10120000.0,1500.0,6746.666666666667,3,3,Other,,,
Lakdikapul,Hyderabad,,25520000.0,1330.0,19187.96992481203,3,3,Other,,,
Lakdikapul,Hyderabad,,10120000.0,1500.0,6746.666666666667,3,3,Apartment,,,
Lakdikapul,Hyderabad,,11500000.0,1470.0,7823.12925170068,2,4,Apartment,,,
Lakdikapul,Hyderabad,,7666.0,260.6,29.41673062164236,2,2,Apartment,,,
Lakdikapul,Hyderabad,,11100000.0,1500.0,7400.0,3,3,Apartment,,,
Lakdikapul,Hyderabad,,10940000.0,1500.0,7293.333333333333,3,3,Other,,,
Lakdikapul,Hyderabad,,6465200.0,1160.0,5573.448275862069,2,2,Apartment,,,
Lakdikapul,Hyderabad,,5900000.0,953.8,6185.783183057245,2,2,Apartment,,,
Lakdikapul,Hyderabad,,5086.0,260.6,19.51650038372985,2,2,Apartment,,,
Lakdikapul,Hyderabad,,6165200.0,1160.0,5314.827586206897,2,2,Apartment,,,
Lakdikapul,Hyderabad,,6411600.0,1160.0,5527.241379310345,2,2,Apartment,,,
Lakdikapul,Hyderabad,,6720000.0,1020.0,6588.235294117647,2,2,Other,,,
Lakdikapul,Hyderabad,,6720000.0,1020.0,6588.235294117647,2,2,Apartment,,,
Lakdikapul,Hyderabad,,5392.0,260.6,20.69071373752877,2,2,Apartment,,,
Lakdikapul,Hyderabad,,11195000.0,1086.6,10302.77931161421,2,2,Other,,,
Lakdikapul,Hyderabad,,9261600.0,1220.0,7591.475409836065,2,2,Plot,,,
Lakdikapul,Hyderabad,,9700000.0,1587.8,6109.081748331024,3,3,Apartment,,,
Lakdikapul,Hyderabad,,7950.0,260.6,30.5065234075211,2,2,Apartment,,,
Lakdikapul,Hyderabad,,6580000.0,1150.0,5721.739130434783,2,2,Apartment,,,
Lakdikapul,Hyderabad,,7000000.0,1022.6,6845.296303539996,3,2,Apartment,,,
Lakdikapul,Hyderabad,,6086.0,260.6,23.35379892555641,2,2,Apartment,,,
Lakdikapul,Hyderabad,,7280000.0,1150.0,6330.434782608696,2,2,Apartment,,,
Lakdikapul,Hyderabad,,89280000.0,692.0,129017.3410404624,1,2,Apartment,,,
Lakdikapul,Hyderabad,,12060000.0,1105.8,10906.13130765057,1,2,Apartment,,,
Lakdikapul,Hyderabad,,3100000.0,430.4,7202.602230483271,2,1,Apartment,,,
Lakdikapul,Hyderabad,,4479.0,260.6,17.18726016884114,2,2,Apartment,,,
Lakdikapul,Hyderabad,,89280000.0,692.0,129017.3410404624,1,1,Apartment,,,
Lakdikapul,Hyderabad,,222800000.0,692.0,295051.2315086969,1,1,Apartment,,,
Lakdikapul,Hyderabad,,29440000.0,1854.0,15879.18015102481,3,3,Apartment,,,
Lakdikapul,Hyderabad,,14000000.0,1744.6,8024.762123122779,3,3,Apartment,,,
Lakdikapul,Hyderabad,,7551.0,260.6,28.97544128933231,2,2,Apartment,,,
Lakdikapul,Hyderabad,,10120000.0,1500.0,6746.666666666667,3,3,Villa,,,
Lakdikapul,Hyderabad,,10120000.0,1500.0,6746.666666666667,3,3,Plot,,,
Lakdikapul,Hyderabad,,5200000.0,660.0,7878.787878787879,2,2,Apartment,,,
Lakdikapul,Hyderabad,,3466.0,260.6,13.30007674597084,2,2,Apartment,,,
Lakdikapul,Hyderabad,,5726400.0,1100.0,5205.818181818182,3,2,Apartment,,,
Lakdikapul,Hyderabad,,6000000.0,1160.0,5172.413793103448,2,2,Apartment,,,
Lakdikapul,Hyderabad,,5454.0,260.6,20.92862624712203,2,2,Apartment,,,
Lakdikapul,Hyderabad,,6540000.0,1100.0,5945.454545454545,3,2,Apartment,,,
Lakdikapul,Hyderabad,,5550400.0,1100.0,5045.818181818182,3,2,Apartment,,,
Lakdikapul,Hyderabad,,5240000.0,950.0,5515.789473684211,2,2,Apartment,,,
Lakdikapul,Hyderabad,,5263.0,260.6,20.19570222563315,2,2,Apartment,,,
Lakdikapul,Hyderabad,,5099800.0,950.0,5368.210526315789,2,2,Apartment,,,
Lakdikapul,Hyderabad,,6900000.0,1191.2,5792.478173270652,2,2,Apartment,,,
Lakdikapul,Hyderabad,,6272.0,260.6,24.06753645433614,2,2,Apartment,,,
Lakdikapul,Hyderabad,,9978800.0,1553.0,6425.499034127495,3,2,Apartment,,,
Lakdikapul,Hyderabad,,8000000.0,1185.0,6751.054852320675,3,2,Apartment,,,
Lakdikapul,Hyderabad,,5151.0,260.6,19.76592478894858,2,2,Apartment,,,
Lakdikapul,Hyderabad,,9678800.0,1553.0,6232.324533161623,2,2,Apartment,,,
Lakdikapul,Hyderabad,,4000000.0,504.8,7923.930269413629,2,2,Apartment,,,
Lakdikapul,Hyderabad,,4210.0,260.6,16.15502686108979,2,2,Apartment,,,
Lakdikapul,Hyderabad,,7182000.0,900.0,7980.0,2,2,Apartment,,,
Lakdikapul,Hyderabad,,4444.0,260.6,17.05295471987721,2,2,Apartment,,,
Lakdikapul,Hyderabad,,7100000.0,900.0,7888.888888888889,2,2,Apartment,,,
Lakdikapul,Hyderabad,,7874800.0,1130.0,6968.849557522124,2,2,Apartment,,,
Lakdikapul,Hyderabad,,6194.0,260.6,23.76822716807368,2,2,Apartment,,,
Lakdikapul,Hyderabad,,9674800.0,1130.0,8561.769911504425,2,2,Apartment,,,
Lakdikapul,Hyderabad,,222800000.0,1130.0,226938.0530973452,2,2,Apartment,,,
Lakdikapul,Hyderabad,,7760000.0,910.0,8527.472527472528,2,2,Apartment,,,
Lakdikapul,Hyderabad,,4600000.0,435.2,10569.85294117647,2,2,Apartment,,,
Lakdikapul,Hyderabad,,5054.0,260.6,19.3937068303914,2,2,Apartment,,,
Lakdikapul,Hyderabad,,222800000.0,910.0,281868.1318681319,2,2,Apartment,,,
Lakdikapul,Hyderabad,,11300000.0,1296.0,8719.135802469134,2,2,Apartment,,,
Lakdikapul,Hyderabad,,7800000.0,1022.0,7632.093933463797,3,2,Apartment,,,
Lakdikapul,Hyderabad,,6018.0,260.6,23.0928626247122,2,2,Apartment,,,
Lakdikapul,Hyderabad,,10360000.0,1296.0,7993.827160493827,2,2,Apartment,,,
Lakdikapul,Hyderabad,,8800000.0,1250.0,7040.0,3,2,Apartment,,,
Lakdikapul,Hyderabad,,7850000.0,1000.0,7850.0,3,2,Apartment,,,
Lakdikapul,Hyderabad,,6280.0,260.6,24.09823484267076,2,2,Apartment,,,
Lakdikapul,Hyderabad,,7215000.0,1250.0,5772.0,3,2,Apartment,,,
Lakdikapul,Hyderabad,,7265000.0,1111.0,6539.153915391539,2,2,Apartment,,,
Lakdikapul,Hyderabad,,7500000.0,1064.0,7048.872180451128,3,2,Apartment,,,
Lakdikapul,Hyderabad,,6750.0,260.6,25.90176515732924,2,2,Apartment,,,
Lakdikapul,Hyderabad,,6420200.0,1111.0,5778.757875787579,2,2,Apartment,,,
Lakdikapul,Hyderabad,,5726400.0,1100.0,5205.818181818182,2,2,Apartment,,,
Lakdikapul,Hyderabad,,5000.0,260.6,19.18649270913277,2,2,Apartment,,,
Lakdikapul,Hyderabad,,6080000.0,1100.0,5527.272727272727,2,2,Apartment,,,
Lakdikapul,Hyderabad,,34480000.0,1200.0,28733.33333333333,2,2,Apartment,,,
Lakdikapul,Hyderabad,,4583.0,260.6,17.5863392171911,2,2,Apartment,,,
Lakdikapul,Hyderabad,,11220000.0,1200.0,9350.0,2,2,Apartment,,,
Lakdikapul,Hyderabad,,222800000.0,810.0,295051.2315086969,2,2,Apartment,,,
Lakdikapul,Hyderabad,,4727.0,260.6,18.13891020721412,2,2,Apartment,,,
Lakdikapul,Hyderabad,,9700000.0,1000.0,9700.0,2,3,Apartment,,,
Lakdikapul,Hyderabad,,5500.0,260.6,21.10514198004605,2,2,Apartment,,,
Lakdikapul,Hyderabad,,9520000.0,1000.0,9520.0,2,2,Apartment,,,
Lakdikapul,Hyderabad,,222800000.0,1000.0,256982.0,2,2,Apartment,,,
Lakdikapul,Hyderabad,,6111.0,260.6,23.44973138910207,2,2,Apartment,,,
Lakdikapul,Hyderabad,,8240000.0,960.0,8583.333333333334,2,2,Apartment,,,
Lakdikapul,Hyderabad,,5729.0,260.6,21.98388334612433,2,2,Apartment,,,
Lakdikapul,Hyderabad,,9232000.0,1300.0,7101.538461538462,3,2,Apartment,,,
Lakdikapul,Hyderabad,,5769.0,260.6,22.13737528779739,2,2,Apartment,,,
Lakdikapul,Hyderabad,,10060000.0,1300.0,7738.461538461538,3,2,Apartment,,,
Lakdikapul,Hyderabad,,8239800.0,1300.0,6338.307692307692,3,2,Apartment,,,
Lakdikapul,Hyderabad,,7079.0,260.6,27.16423637759017,2,2,Apartment,,,
Lakdikapul,Hyderabad,,89280000.0,680.0,131294.1176470589,2,2,Apartment,,,
Lakdikapul,Hyderabad,,4300000.0,708.6,6068.303697431555,2,1,Apartment,,,
Lakdikapul,Hyderabad,,6323.0,260.6,24.26323867996929,2,2,Apartment,,,
Lakdikapul,Hyderabad,,89280000.0,680.0,131294.1176470589,2,1,Apartment,,,
Lakdikapul,Hyderabad,,222800000.0,680.0,295051.2315086969,2,2,Apartment,,,
Lakdikapul,Hyderabad,,4400.0,260.6,16.88411358403684,2,2,Apartment,,,
Lakdikapul,Hyderabad,,6495000.0,1250.0,5196.0,3,2,Apartment,,,
Lakdikapul,Hyderabad,,4230.0,260.6,16.23177283192632,2,2,Apartment,,,
Lakdikapul,Hyderabad,,8920000.0,1350.0,6607.407407407408,3,2,Apartment,,,
Lakdikapul,Hyderabad,,5185.0,260.6,19.89639293937068,2,2,Apartment,,,
Lakdikapul,Hyderabad,,11800000.0,1350.0,8740.74074074074,3,2,Apartment,,,
Lakdikapul,Hyderabad,,7040000.0,1350.0,5214.814814814815,3,3,Apartment,,,
Lakdikapul,Hyderabad,,5384.0,260.6,20.66001534919416,2,2,Apartment,,,
Lakdikapul,Hyderabad,,4761.0,260.6,18.26937835763622,2,2,Apartment,,,
Lakdikapul,Hyderabad,,34480000.0,1200.0,28733.33333333333,3,2,Apartment,,,
Lakdikapul,Hyderabad,,5833.0,260.6,22.38296239447429,2,2,Apartment,,,
Lakdikapul,Hyderabad,,17060000.0,980.0,17408.16326530612,2,2,Apartment,,,
Lakdikapul,Hyderabad,,7142.0,260.6,27.40598618572525,2,2,Apartment,,,
Lakdikapul,Hyderabad,,7080000.0,980.0,7224.489795918367,2,2,Apartment,,,
Lakdikapul,Hyderabad,,7100000.0,886.0,8013.544018058691,3,2,Apartment,,,
Lakdikapul,Hyderabad,,7395.0,260.6,28.37682271680736,2,2,Apartment,,,
Lakdikapul,Hyderabad,,222800000.0,960.0,268458.3333333333,2,2,Apartment,,,
Lakdikapul,Hyderabad,,13358600.0,1380.0,9680.144927536232,3,2,Apartment,,,
Lakdikapul,Hyderabad,,3985.0,260.6,15.29163468917882,2,2,Apartment,,,
Lakdikapul,Hyderabad,,11360000.0,1329.0,8547.78028592927,1,2,Apartment,,,
Lakdikapul,Hyderabad,,7973999.999999999,1204.6,6619.624771708451,3,2,Apartment,,,
Lakdikapul,Hyderabad,,6000.0,260.6,23.02379125095932,2,2,Apartment,,,
Lakdikapul,Hyderabad,,13360000.0,1329.0,10052.67118133935,1,2,Apartment,,,
Lakdikapul,Hyderabad,,222800000.0,1329.0,193739.6538750941,1,1,Apartment,,,
Lingampally,Hyderabad,"Plot for Sale in Lingampally, Hyderabad",1949000.0,150.0,12993.33333333333,5,3,Apartment,,,
Lingampally,Hyderabad,"Plot for Sale in Lingampally, Hyderabad",1949000.0,150.0,12993.33333333333,5,4,Apartment,,,
Lingampally,Hyderabad,3 BHK 2350 Sq. Ft. Apartment,28200000.0,2350.0,12000.0,3,3,Apartment,,,
Lingampally,Hyderabad,3 BHK 2650 Sq. Ft. Apartment,31800000.0,2650.0,12000.0,3,4,Apartment,,,
Lingampally,Hyderabad,4 BHK 2800 Sq. Ft. Apartment,33600000.0,2800.0,12000.0,4,4,Apartment,,,
Lingampally,Hyderabad,4 BHK 3600 Sq. Ft. Apartment,43200000.0,3600.0,12000.0,4,4,Apartment,,,
Lingampally,Hyderabad,"Plot for Sale in Lingampally, Hyderabad",2880000.0,240.0,12000.0,5,4,Apartment,,,
Lingampally,Hyderabad,"3 BHK Flat for Sale in Lingampally, Hyderabad",10000000.0,1490.0,6711.409395973154,3,3,Apartment,,,
Lingampally,Hyderabad,3 BHK 2850 Sq. Ft. Apartment,29900000.0,2850.0,10491.22807017544,3,4,Apartment,,,
Lingampally,Hyderabad,4 BHK 3303 Sq. Ft. Apartment,34700000.0,3303.0,10505.60096881623,4,4,Apartment,,,
Lingampally,Hyderabad,4 BHK 3850 Sq. Ft. Apartment,40400000.0,3850.0,10493.50649350649,4,4,Apartment,,,
Know More About Lingampally,Hyderabad,"— Shanasa Batra, Former resident",28393436.88031823,2082.34965034965,13635.28784685638,3,3,Apartment,,,
Lingampally,Hyderabad,,28393436.88031823,2082.34965034965,13635.28784685638,3,3,Apartment,,,
"Lingampally, Hyderabad",Hyderabad,"6+ BHK House for Sale in Lingampally, Hyderabad",42500000.0,227.0,187224.6696035242,5,6,House,,,
Lingampally,Hyderabad,"3 BHK House for Sale in Lingampally, Hyderabad",22400000.0,224.0,100000.0,5,2,House,,,
Lingampally,Hyderabad,3 BHK 2180 Sq. Ft. Apartment,20900000.0,2180.0,9587.155963302752,3,4,Apartment,,,
Lingampally,Hyderabad,3 BHK 1750 Sq. Ft. Apartment,16800000.0,1750.0,9600.0,3,3,Apartment,,,
Lingampally,Hyderabad,4 BHK 3020 Sq. Ft. Apartment,29000000.0,3020.0,9602.649006622516,4,4,Apartment,,,
Lingampally,Hyderabad,"3 BHK Flat for Sale in Lingampally, Hyderabad",19500000.0,2600.0,7500.0,4,3,Apartment,,,
"Lingampally, Hyderabad",Hyderabad,"Plot for Sale in Lingampally, Hyderabad",51000000.0,300.0,170000.0,5,3,Apartment,,,
Lingampally,Hyderabad,3 BHK 2003 Sq. Ft. Apartment,23000000.0,2003.0,11482.77583624563,3,3,Apartment,,,
Lingampally,Hyderabad,3 BHK 2870 Sq. Ft. Apartment,33000000.0,2870.0,11498.25783972126,3,4,Apartment,,,
Lingampally,Hyderabad,4 BHK 3500 Sq. Ft. Apartment,40300000.0,3500.0,11514.28571428571,4,4,Apartment,,,
Lingampally,Hyderabad,4 BHK 4037 Sq. Ft. Apartment,46400000.0,4037.0,11493.68342828833,4,4,Apartment,,,
Lingampally,Hyderabad,"3 BHK Flat for Sale in Lingampally, Hyderabad",22000000.0,2641.0,8330.177962892843,5,4,Apartment,,,
Lingampally,Hyderabad,3 BHK 1796 Sq. Ft. Apartment,18000000.0,1796.0,10022.27171492205,3,2,Apartment,,,
Lingampally,Hyderabad,3 BHK 2124 Sq. Ft. Apartment,21200000.0,2124.0,9981.167608286252,3,4,Apartment,,,
Lingampally,Hyderabad,4 BHK 2708 Sq. Ft. Apartment,27100000.0,2708.0,10007.38552437223,4,3,Apartment,,,
Lingampally,Hyderabad,2 BHK 1296 Sq. Ft. Apartment,11300000.0,1296.0,8719.135802469134,2,2,Apartment,,,
Lingampally,Hyderabad,2 BHK 1340 Sq. Ft. Apartment,11700000.0,1340.0,8731.34328358209,2,2,Apartment,,,
Lingampally,Hyderabad,3 BHK 1909 Sq. Ft. Apartment,16700000.0,1909.0,8748.035620743845,3,3,Apartment,,,
Lingampally,Hyderabad,3 BHK 2044 Sq. Ft. Apartment,17900000.0,2044.0,8757.3385518591,3,3,Apartment,,,
Lingampally,Hyderabad,3 BHK 1601 Sq. Ft. Apartment,15200000.0,1601.0,9494.066208619612,3,3,Apartment,,,
Lingampally,Hyderabad,3 BHK 2656 Sq. Ft. Apartment,25200000.0,2656.0,9487.951807228916,3,4,Apartment,,,
Lingampally,Hyderabad,3 BHK 2064 Sq. Ft. Apartment,19600000.0,2064.0,9496.124031007752,3,3,Apartment,,,
Lingampally,Hyderabad,3 BHK 1537 Sq. Ft. Apartment,14600000.0,1537.0,9499.024072869226,3,3,Apartment,,,
Madhapur,Hyderabad,"3 BHK Flat for Sale in Madhapur, Hyderabad",27000000.0,2280.0,11842.1052631579,3,3,Apartment,,,
Madhapur,Hyderabad,3 BHK 2350 Sq. Ft. Apartment,28200000.0,2350.0,12000.0,3,3,Apartment,,,
Madhapur,Hyderabad,3 BHK 2650 Sq. Ft. Apartment,31800000.0,2650.0,12000.0,3,4,Apartment,,,
Madhapur,Hyderabad,4 BHK 2800 Sq. Ft. Apartment,33600000.0,2800.0,12000.0,4,4,Apartment,,,
Madhapur,Hyderabad,4 BHK 3600 Sq. Ft. Apartment,43200000.0,3600.0,12000.0,4,4,Apartment,,,
"Madhapur, Hyderabad",Hyderabad,"3 BHK Builder Floor for Sale in Madhapur, Hyderabad",13500000.0,1775.0,7605.633802816901,3,3,Apartment,,,
Madhapur,Hyderabad,"4 BHK Flat for Sale in Madhapur, Hyderabad",51000000.0,3190.0,15987.46081504702,4,4,Apartment,,,
Madhapur,Hyderabad,"4 BHK Flat for Sale in Madhapur, Hyderabad",41000000.0,3270.0,12538.22629969419,3,5,Apartment,,,
Madhapur,Hyderabad,3 BHK 2850 Sq. Ft. Apartment,29900000.0,2850.0,10491.22807017544,3,4,Apartment,,,
Madhapur,Hyderabad,4 BHK 3303 Sq. Ft. Apartment,34700000.0,3303.0,10505.60096881623,4,4,Apartment,,,
Madhapur,Hyderabad,4 BHK 3850 Sq. Ft. Apartment,40400000.0,3850.0,10493.50649350649,4,4,Apartment,,,
Know More About Madhapur,Hyderabad,"— Shilpa Choudhary, Tenant",28393436.88031823,2082.34965034965,13635.28784685638,3,3,Apartment,,,
Madhapur,Hyderabad,,28393436.88031823,2082.34965034965,13635.28784685638,3,3,Apartment,,,
Madhapur,Hyderabad,"5 BHK Flat for Sale in Madhapur, Hyderabad",48000000.0,4160.0,11538.46153846154,3,6,Apartment,,,
Madhapur,Hyderabad,"4 BHK Flat for Sale in Madhapur, Hyderabad",57300000.00000001,4095.0,13992.67399267399,3,5,Apartment,,,
"Madhapur, Hyderabad",Hyderabad,"3 BHK Flat for Sale in Madhapur, Hyderabad",19200000.0,2037.0,9425.62592047128,3,3,Apartment,,,
Madhapur,Hyderabad,3 BHK 2180 Sq. Ft. Apartment,20900000.0,2180.0,9587.155963302752,3,4,Apartment,,,
Madhapur,Hyderabad,3 BHK 1750 Sq. Ft. Apartment,16800000.0,1750.0,9600.0,3,3,Apartment,,,
Madhapur,Hyderabad,4 BHK 3020 Sq. Ft. Apartment,29000000.0,3020.0,9602.649006622516,4,4,Apartment,,,
Madhapur,Hyderabad,"1 RK Flat for Sale in Madhapur, Hyderabad",4200000.0,950.0,4421.052631578948,2,1,Apartment,,,
"Madhapur, Hyderabad",Hyderabad,"Office Space for Sale in Madhapur, Hyderabad",160000000.0,10200.0,10666.66666666667,5,4,Apartment,,,
"Madhapur, Hyderabad",Hyderabad,"Land for Sale in Madhapur, Hyderabad",211200000.0,880.0,240000.0,2,2,Apartment,,,
Madhapur,Hyderabad,3 BHK 2003 Sq. Ft. Apartment,23000000.0,2003.0,11482.77583624563,3,3,Apartment,,,
Madhapur,Hyderabad,3 BHK 2870 Sq. Ft. Apartment,33000000.0,2870.0,11498.25783972126,3,4,Apartment,,,
Madhapur,Hyderabad,4 BHK 3500 Sq. Ft. Apartment,40300000.0,3500.0,11514.28571428571,4,4,Apartment,,,
Madhapur,Hyderabad,4 BHK 4037 Sq. Ft. Apartment,46400000.0,4037.0,11493.68342828833,4,4,Apartment,,,
"Madhapur, Hyderabad",Hyderabad,"3 BHK Flat for Sale in Madhapur, Hyderabad",31600000.0,2640.0,11969.69696969697,5,3,Apartment,,,
"Madhapur, Hyderabad",Hyderabad,"Plot for Sale in Madhapur, Hyderabad",222800000.0,500.0,295051.2315086969,1,3,Apartment,,,
"Madhapur, Hyderabad",Hyderabad,"Plot for Sale in Madhapur, Hyderabad",5600000.0,200.0,28000.0,5,3,Apartment,,,
Madhapur,Hyderabad,3 BHK 1796 Sq. Ft. Apartment,18000000.0,1796.0,10022.27171492205,3,2,Apartment,,,
Madhapur,Hyderabad,3 BHK 2124 Sq. Ft. Apartment,21200000.0,2124.0,9981.167608286252,3,4,Apartment,,,
Madhapur,Hyderabad,4 BHK 2708 Sq. Ft. Apartment,27100000.0,2708.0,10007.38552437223,4,3,Apartment,,,
Madhapur,Hyderabad,"4 BHK Flat for Sale in Madhapur, Hyderabad",222800000.0,3420.0,75807.01754385965,4,5,Apartment,,,
Madhapur,Hyderabad,"2.5 BHK Flat for Sale in Madhapur, Hyderabad",12800000.0,1500.0,8533.333333333334,3,2,Apartment,,,
"Madhapur, Hyderabad",Hyderabad,"3 BHK Builder Floor for Sale in Madhapur, Hyderabad",12100000.0,1595.0,7586.206896551724,3,3,Apartment,,,
Madhapur,Hyderabad,2 BHK 1296 Sq. Ft. Apartment,11300000.0,1296.0,8719.135802469134,2,2,Apartment,,,
Madhapur,Hyderabad,2 BHK 1340 Sq. Ft. Apartment,11700000.0,1340.0,8731.34328358209,2,2,Apartment,,,
Madhapur,Hyderabad,3 BHK 1909 Sq. Ft. Apartment,16700000.0,1909.0,8748.035620743845,3,3,Apartment,,,
Madhapur,Hyderabad,3 BHK 2044 Sq. Ft. Apartment,17900000.0,2044.0,8757.3385518591,3,3,Apartment,,,
Madhapur,Hyderabad,"3 BHK Flat for Sale in Madhapur, Hyderabad",27000000.0,2345.0,11513.8592750533,3,3,Apartment,,,
Madhapur,Hyderabad,"3 BHK Flat for Sale in Madhapur, Hyderabad",13000000.0,1578.0,8238.2762991128,3,3,Apartment,,,
"Sri Sai Nagar, Hyderabad",Hyderabad,"2 BHK House for Sale in Sri Sai Nagar, Hyderabad",30000000.0,120.0,250000.0,5,4,House,,,
Madhapur,Hyderabad,3 BHK 1601 Sq. Ft. Apartment,15200000.0,1601.0,9494.066208619612,3,3,Apartment,,,
Madhapur,Hyderabad,3 BHK 2656 Sq. Ft. Apartment,25200000.0,2656.0,9487.951807228916,3,4,Apartment,,,
Madhapur,Hyderabad,3 BHK 2064 Sq. Ft. Apartment,19600000.0,2064.0,9496.124031007752,3,3,Apartment,,,
Madhapur,Hyderabad,3 BHK 1537 Sq. Ft. Apartment,14600000.0,1537.0,9499.024072869226,3,3,Apartment,,,
Madhapur,Hyderabad,"5 BHK Flat for Sale in Madhapur, Hyderabad",35000000.0,3500.0,10000.0,4,6,Apartment,,,
"Madhapur, Hyderabad",Hyderabad,"Office Space for Sale in Madhapur, Hyderabad",2220000.0,3972.0,558.9123867069486,3,5,Apartment,,,
"Madhapur, Hyderabad",Hyderabad,"2 BHK Flat for Sale in Madhapur, Hyderabad",20000000.0,2400.0,8333.333333333334,3,1,Apartment,,,
"Madhapur, Hyderabad",Hyderabad,"Office Space for Sale in Madhapur, Hyderabad",140000000.0,10000.0,14000.0,5,5,Apartment,,,
Madhapur,Hyderabad,"3 BHK Flat for Sale in Madhapur, Hyderabad",32000000.0,2640.0,12121.21212121212,5,3,Apartment,,,
Madhapur,Hyderabad,"3 BHK Flat for Sale in Madhapur, Hyderabad",26000000.0,1787.0,14549.52434247342,3,3,Apartment,,,
Madinaguda,Hyderabad,"2 BHK Flat for Sale in Madinaguda, Hyderabad",13000000.0,1245.0,10441.76706827309,2,2,Apartment,,,
Madinaguda,Hyderabad,3 BHK 2350 Sq. Ft. Apartment,28200000.0,2350.0,12000.0,3,3,Apartment,,,
Madinaguda,Hyderabad,3 BHK 2650 Sq. Ft. Apartment,31800000.0,2650.0,12000.0,3,4,Apartment,,,
Madinaguda,Hyderabad,4 BHK 2800 Sq. Ft. Apartment,33600000.0,2800.0,12000.0,4,4,Apartment,,,
Madinaguda,Hyderabad,4 BHK 3600 Sq. Ft. Apartment,43200000.0,3600.0,12000.0,4,4,Apartment,,,
Madinaguda,Hyderabad,"3 BHK Flat for Sale in Madinaguda, Hyderabad",17100000.0,1900.0,9000.0,3,3,Apartment,,,
Madinaguda,Hyderabad,"3 BHK Flat for Sale in Madinaguda, Hyderabad",18000000.0,1685.0,10682.49258160237,3,3,Apartment,,,
Madinaguda,Hyderabad,"3 BHK Flat for Sale in Madinaguda, Hyderabad",16500000.0,1685.0,9792.284866468844,3,3,Apartment,,,
Madinaguda,Hyderabad,3 BHK 2850 Sq. Ft. Apartment,29900000.0,2850.0,10491.22807017544,3,4,Apartment,,,
Madinaguda,Hyderabad,4 BHK 3303 Sq. Ft. Apartment,34700000.0,3303.0,10505.60096881623,4,4,Apartment,,,
Madinaguda,Hyderabad,4 BHK 3850 Sq. Ft. Apartment,40400000.0,3850.0,10493.50649350649,4,4,Apartment,,,
Madinaguda,Hyderabad,,28393436.88031823,2082.34965034965,13635.28784685638,3,3,Apartment,,,
"Madinaguda, Hyderabad",Hyderabad,"Shop for Sale in Madinaguda, Hyderabad",30000000.0,10200.0,2307.692307692308,5,5,Apartment,,,
Madinaguda,Hyderabad,"2 BHK Flat for Sale in Madinaguda, Hyderabad",10300000.0,1330.0,7744.360902255639,1,2,Apartment,,,
Madinaguda,Hyderabad,"3 BHK Flat for Sale in Madinaguda, Hyderabad",30000000.0,2454.0,12224.93887530562,3,3,Apartment,,,
Madinaguda,Hyderabad,3 BHK 2180 Sq. Ft. Apartment,20900000.0,2180.0,9587.155963302752,3,4,Apartment,,,
Madinaguda,Hyderabad,3 BHK 1750 Sq. Ft. Apartment,16800000.0,1750.0,9600.0,3,3,Apartment,,,
Madinaguda,Hyderabad,4 BHK 3020 Sq. Ft. Apartment,29000000.0,3020.0,9602.649006622516,4,4,Apartment,,,
"Madinaguda, Hyderabad",Hyderabad,"3 BHK Flat for Sale in Madinaguda, Hyderabad",8500000.0,1600.0,5312.5,3,3,Apartment,,,
Madinaguda,Hyderabad,"3 BHK Flat for Sale in Madinaguda, Hyderabad",13400000.0,1670.0,8023.952095808383,3,3,Apartment,,,
Madinaguda,Hyderabad,"3 BHK Flat for Sale in Madinaguda, Hyderabad",15000000.0,1610.0,9316.770186335403,3,3,Apartment,,,
Madinaguda,Hyderabad,3 BHK 2003 Sq. Ft. Apartment,23000000.0,2003.0,11482.77583624563,3,3,Apartment,,,
Madinaguda,Hyderabad,3 BHK 2870 Sq. Ft. Apartment,33000000.0,2870.0,11498.25783972126,3,4,Apartment,,,
Madinaguda,Hyderabad,4 BHK 3500 Sq. Ft. Apartment,40300000.0,3500.0,11514.28571428571,4,4,Apartment,,,
Madinaguda,Hyderabad,4 BHK 4037 Sq. Ft. Apartment,46400000.0,4037.0,11493.68342828833,4,4,Apartment,,,
Madinaguda,Hyderabad,"3 BHK Flat for Sale in Madinaguda, Hyderabad",12000000.0,1480.0,8108.108108108108,3,3,Apartment,,,
"Madinaguda, Hyderabad",Hyderabad,"Office Space for Sale in Madinaguda, Hyderabad",222800000.0,10200.0,18750.0,5,5,Apartment,,,
"Madinaguda, Hyderabad",Hyderabad,"2 BHK Flat for Sale in Madinaguda, Hyderabad",8000000.0,1060.0,7547.169811320755,2,2,Apartment,,,
Madinaguda,Hyderabad,3 BHK 1796 Sq. Ft. Apartment,18000000.0,1796.0,10022.27171492205,3,2,Apartment,,,
Madinaguda,Hyderabad,3 BHK 2124 Sq. Ft. Apartment,21200000.0,2124.0,9981.167608286252,3,4,Apartment,,,
Madinaguda,Hyderabad,4 BHK 2708 Sq. Ft. Apartment,27100000.0,2708.0,10007.38552437223,4,3,Apartment,,,
Madinaguda,Hyderabad,"2 BHK Flat for Sale in Madinaguda, Hyderabad",7900000.0,1210.0,6528.925619834711,2,2,Apartment,,,
Madinaguda,Hyderabad,"2 BHK Flat for Sale in Madinaguda, Hyderabad",7173999.999999999,1121.0,6399.64317573595,2,2,Apartment,,,
Madinaguda,Hyderabad,2 BHK 1296 Sq. Ft. Apartment,11300000.0,1296.0,8719.135802469134,2,2,Apartment,,,
Madinaguda,Hyderabad,2 BHK 1340 Sq. Ft. Apartment,11700000.0,1340.0,8731.34328358209,2,2,Apartment,,,
Madinaguda,Hyderabad,3 BHK 1909 Sq. Ft. Apartment,16700000.0,1909.0,8748.035620743845,3,3,Apartment,,,
Madinaguda,Hyderabad,3 BHK 2044 Sq. Ft. Apartment,17900000.0,2044.0,8757.3385518591,3,3,Apartment,,,
"Madinaguda, Hyderabad",Hyderabad,"2 BHK Flat for Sale in Madinaguda, Hyderabad",13500000.0,1150.0,11739.13043478261,3,2,Apartment,,,
"Madinaguda, Hyderabad",Hyderabad,"2 BHK Flat for Sale in Madinaguda, Hyderabad",7000000.0,1045.0,6698.564593301436,2,2,Apartment,,,
Madinaguda,Hyderabad,3 BHK 1601 Sq. Ft. Apartment,15200000.0,1601.0,9494.066208619612,3,3,Apartment,,,
Madinaguda,Hyderabad,3 BHK 2656 Sq. Ft. Apartment,25200000.0,2656.0,9487.951807228916,3,4,Apartment,,,
Madinaguda,Hyderabad,3 BHK 2064 Sq. Ft. Apartment,19600000.0,2064.0,9496.124031007752,3,3,Apartment,,,
Madinaguda,Hyderabad,3 BHK 1537 Sq. Ft. Apartment,14600000.0,1537.0,9499.024072869226,3,3,Apartment,,,
"Madinaguda, Hyderabad",Hyderabad,"3 BHK Flat for Sale in Madinaguda, Hyderabad",13500000.0,1675.0,8059.701492537313,3,3,Apartment,,,
"Madinaguda, Hyderabad",Hyderabad,"Plot for Sale in Madinaguda, Hyderabad",47200000.0,350.0,134857.1428571429,3,3,Apartment,,,
Madinaguda,Hyderabad,"2 BHK Flat for Sale in Madinaguda, Hyderabad",7000000.0,1060.0,6603.773584905661,2,2,Apartment,,,
Malakpet,Hyderabad,"3 BHK Flat for Sale in Malakpet, Hyderabad",16800000.0,1850.0,9081.081081081082,3,3,Apartment,,,
Malakpet,Hyderabad,3 BHK 2025 Sq. Ft. Apartment,24100000.0,2025.0,11901.23456790123,3,3,Apartment,,,
Malakpet,Hyderabad,3 BHK 1868 Sq. Ft. Apartment,21000000.0,1868.0,11241.97002141328,3,3,Apartment,,,
Malakpet,Hyderabad,4 BHK 2530 Sq. Ft. Apartment,28500000.0,2530.0,11264.82213438735,4,3,Apartment,,,
Malakpet,Hyderabad,4 BHK 2635 Sq. Ft. Apartment,31500000.0,2635.0,11954.45920303605,4,4,Apartment,,,
Malakpet,Hyderabad,"2 BHK Flat for Sale in Malakpet, Hyderabad",14100000.0,2010.0,7014.925373134329,3,2,Apartment,,,
Malakpet,Hyderabad,3 BHK 2125 Sq. Ft. Apartment,25360000.0,2125.0,11934.11764705882,3,3,Apartment,,,
Malakpet,Hyderabad,4 BHK 3500 Sq. Ft. Apartment,63180000.0,3500.0,18051.42857142857,4,5,Apartment,,,
Know More About Malakpet,Hyderabad,"— Rajani Laghari, Former resident",28393436.88031823,2082.34965034965,13635.28784685638,3,3,Apartment,,,
Malakpet,Hyderabad,,28393436.88031823,2082.34965034965,13635.28784685638,3,3,Apartment,,,
"Malakpet, Hyderabad",Hyderabad,"4 BHK House for Sale in Malakpet, Hyderabad",19500000.0,156.0,125000.0,5,3,House,,,
"Malakpet, Hyderabad",Hyderabad,"Land for Sale in Malakpet, Hyderabad",40000000.0,800.8,49950.04995004995,4,4,Apartment,,,
"Malakpet, Hyderabad",Hyderabad,"6+ BHK House for Sale in Malakpet, Hyderabad",45000000.0,260.0,173076.9230769231,5,6,House,,,
"Malakpet, Hyderabad",Hyderabad,"Plot for Sale in Malakpet, Hyderabad",20100000.0,161.0,124844.7204968944,5,3,Apartment,,,
"Malakpet, Hyderabad",Hyderabad,"3 BHK Flat for Sale in Malakpet, Hyderabad",7750000.0,1550.0,5000.0,3,3,Apartment,,,
Malakpet,Hyderabad,"2 BHK Flat for Sale in Malakpet, Hyderabad",8491000.0,1080.0,7862.037037037037,3,2,Apartment,,,
"Malakpet, Hyderabad",Hyderabad,"2 BHK Flat for Sale in Malakpet, Hyderabad",15000000.0,1140.0,13157.8947368421,2,2,Apartment,,,
"Koti, Hyderabad",Hyderabad,"Shop for Sale in Koti, Hyderabad",150000000.0,10200.0,10714.28571428571,4,3,Apartment,,,
"Yakhutpura, Hyderabad",Hyderabad,"Plot for Sale in Yakhutpura, Hyderabad",55900000.0,373.0,149865.9517426273,2,3,Apartment,,,
"Begum Bazar, Hyderabad",Hyderabad,"Plot for Sale in Begum Bazar, Hyderabad",666000.0,121.0,5504.132231404959,5,3,Apartment,,,
Malakpet,Hyderabad,"3 BHK Flat for Sale in Feelkhana, Hyderabad",14100000.0,1610.0,8757.76397515528,3,3,Apartment,,,
"Koti, Hyderabad",Hyderabad,"1 BHK Flat for Sale in Koti, Hyderabad",2900000.0,720.0,4027.777777777778,4,1,Apartment,,,
"Kachiguda, Hyderabad",Hyderabad,"2 BHK Flat for Sale in Kachiguda, Hyderabad",10000000.0,1055.0,9478.67298578199,2,2,Apartment,,,
Malakpet,Hyderabad,"4 BHK Flat for Sale in Kachiguda, Hyderabad",21500000.0,2636.0,8156.297420333839,5,5,Apartment,,,
"Charminar, Hyderabad",Hyderabad,"6 BHK Flat for Sale in Charminar, Hyderabad",222800000.0,2000.0,146330.0,3,6,Apartment,,,
"Barkatpura, Hyderabad",Hyderabad,"2 BHK Flat for Sale in Barkatpura, Hyderabad",5200000.0,800.0,6500.0,2,2,Apartment,,,
"Narayanguda, Hyderabad",Hyderabad,"Plot for Sale in Narayanguda, Hyderabad",761000.0,810.0,939.506172839506,3,2,Apartment,,,
Malkajgiri,Hyderabad,"4 BHK Villa for Sale in Malkajgiri, Hyderabad",19900000.0,4000.0,4975.0,3,4,Apartment,,,
Malkajgiri,Hyderabad,"3 BHK Flat for Sale in Malkajgiri, Hyderabad",10200000.0,2055.0,4963.503649635037,3,3,Apartment,,,
"Malkajgiri, Hyderabad",Hyderabad,"2 BHK House for Sale in Malkajgiri, Hyderabad",9500000.0,106.0,89622.64150943396,5,3,House,,,
Malkajgiri,Hyderabad,,28393436.88031823,2082.34965034965,13635.28784685638,3,3,Apartment,,,
Malkajgiri,Hyderabad,"2 BHK Flat for Sale in Malkajgiri, Hyderabad",5900000.0,1075.0,5488.372093023256,3,2,Apartment,,,
"Malkajgiri, Hyderabad",Hyderabad,"Plot for Sale in Malkajgiri, Hyderabad",21500000.0,333.0,64564.56456456456,3,4,Apartment,,,
Malkajgiri,Hyderabad,"Plot for Sale in Malkajgiri, Hyderabad",22600000.0,2166.0,10433.97968605725,3,4,Apartment,,,
"Malkajgiri, Hyderabad",Hyderabad,"2 BHK Flat for Sale in Malkajgiri, Hyderabad",4100000.0,1090.0,3761.467889908257,2,1,Apartment,,,
Malkajgiri,Hyderabad,"4 BHK House for Sale in Malkajgiri, Hyderabad",20000000.0,320.0,62500.0,5,4,House,,,
"Malkajgiri, Hyderabad",Hyderabad,"6 BHK House for Sale in Malkajgiri, Hyderabad",22500000.0,5000.0,4500.0,5,6,House,,,
Malkajgiri,Hyderabad,"2 BHK Flat for Sale in Malkajgiri, Hyderabad",222800000.0,1000.0,257940.0,2,2,Apartment,,,
Malkajgiri,Hyderabad,"2 BHK Flat for Sale in Malkajgiri, Hyderabad",6500000.0,1100.0,5909.090909090909,3,2,Apartment,,,
"Malkajgiri, Hyderabad",Hyderabad,"2 BHK House for Sale in Malkajgiri, Hyderabad",25000000.0,250.0,100000.0,5,2,House,,,
Manikonda,Hyderabad,"3 BHK Flat for Sale in Manikonda, Hyderabad",22000000.0,3250.0,6769.23076923077,3,3,Apartment,,,
Manikonda,Hyderabad,3 BHK 2350 Sq. Ft. Apartment,28200000.0,2350.0,12000.0,3,3,Apartment,,,
Manikonda,Hyderabad,3 BHK 2650 Sq. Ft. Apartment,31800000.0,2650.0,12000.0,3,4,Apartment,,,
Manikonda,Hyderabad,4 BHK 2800 Sq. Ft. Apartment,33600000.0,2800.0,12000.0,4,4,Apartment,,,
Manikonda,Hyderabad,4 BHK 3600 Sq. Ft. Apartment,43200000.0,3600.0,12000.0,4,4,Apartment,,,
"Manikonda, Hyderabad",Hyderabad,"6+ BHK House for Sale in Manikonda, Hyderabad",59000000.0,9690.0,6088.75128998968,4,6,House,,,
Manikonda,Hyderabad,"2 BHK Flat for Sale in Manikonda, Hyderabad",10800000.0,1083.0,9972.299168975069,2,2,Apartment,,,
Manikonda,Hyderabad,"3 BHK Flat for Sale in Manikonda, Hyderabad",18000000.0,1920.0,9375.0,3,4,Apartment,,,
Manikonda,Hyderabad,3 BHK 2850 Sq. Ft. Apartment,29900000.0,2850.0,10491.22807017544,3,4,Apartment,,,
Manikonda,Hyderabad,4 BHK 3303 Sq. Ft. Apartment,34700000.0,3303.0,10505.60096881623,4,4,Apartment,,,
Manikonda,Hyderabad,4 BHK 3850 Sq. Ft. Apartment,40400000.0,3850.0,10493.50649350649,4,4,Apartment,,,
Know More About Manikonda,Hyderabad,"— Govind Lal Mathur, Owner",28393436.88031823,2082.34965034965,13635.28784685638,3,3,Apartment,,,
Manikonda,Hyderabad,,28393436.88031823,2082.34965034965,13635.28784685638,3,3,Apartment,,,
Manikonda,Hyderabad,"3 BHK Flat for Sale in Manikonda, Hyderabad",222800000.0,1912.0,135606.6945606694,3,3,Apartment,,,
"Manikonda, Hyderabad",Hyderabad,"Plot for Sale in Manikonda, Hyderabad",27000000.0,208.0,129807.6923076923,5,4,Apartment,,,
"Manikonda, Hyderabad",Hyderabad,"5 BHK Flat for Sale in Manikonda, Hyderabad",35000000.0,3400.0,10294.11764705882,3,5,Apartment,,,
Manikonda,Hyderabad,3 BHK 2180 Sq. Ft. Apartment,20900000.0,2180.0,9587.155963302752,3,4,Apartment,,,
Manikonda,Hyderabad,3 BHK 1750 Sq. Ft. Apartment,16800000.0,1750.0,9600.0,3,3,Apartment,,,
Manikonda,Hyderabad,4 BHK 3020 Sq. Ft. Apartment,29000000.0,3020.0,9602.649006622516,4,4,Apartment,,,
"Manikonda, Hyderabad",Hyderabad,"3 BHK Flat for Sale in Manikonda, Hyderabad",14000000.0,2350.0,5957.446808510638,3,3,Apartment,,,
"Manikonda, Hyderabad",Hyderabad,"4 BHK Flat for Sale in Manikonda, Hyderabad",33800000.0,3983.0,8486.065779563143,3,4,Apartment,,,
Manikonda,Hyderabad,"3 BHK Flat for Sale in Manikonda, Hyderabad",29000000.0,3263.0,8887.526815813668,3,3,Apartment,,,
Manikonda,Hyderabad,3 BHK 2003 Sq. Ft. Apartment,23000000.0,2003.0,11482.77583624563,3,3,Apartment,,,
Manikonda,Hyderabad,3 BHK 2870 Sq. Ft. Apartment,33000000.0,2870.0,11498.25783972126,3,4,Apartment,,,
Manikonda,Hyderabad,4 BHK 3500 Sq. Ft. Apartment,40300000.0,3500.0,11514.28571428571,4,4,Apartment,,,
Manikonda,Hyderabad,4 BHK 4037 Sq. Ft. Apartment,46400000.0,4037.0,11493.68342828833,4,4,Apartment,,,
"Manikonda, Hyderabad",Hyderabad,"3 BHK Flat for Sale in Manikonda, Hyderabad",13800000.0,1385.0,9963.898916967508,3,3,Apartment,,,
"Manikonda, Hyderabad",Hyderabad,"5 BHK House for Sale in Manikonda, Hyderabad",70000000.0,5200.0,13461.53846153846,5,5,House,,,
"Manikonda, Hyderabad",Hyderabad,"6+ BHK Flat for Sale in Manikonda, Hyderabad",53000000.0,200.0,265000.0,5,6,Apartment,,,
Manikonda,Hyderabad,3 BHK 1796 Sq. Ft. Apartment,18000000.0,1796.0,10022.27171492205,3,2,Apartment,,,
Manikonda,Hyderabad,3 BHK 2124 Sq. Ft. Apartment,21200000.0,2124.0,9981.167608286252,3,4,Apartment,,,
Manikonda,Hyderabad,4 BHK 2708 Sq. Ft. Apartment,27100000.0,2708.0,10007.38552437223,4,3,Apartment,,,
"Manikonda, Hyderabad",Hyderabad,"Land for Sale in Manikonda, Hyderabad",36900000.0,231.0,159740.2597402597,5,3,Apartment,,,
Manikonda,Hyderabad,"3 BHK Flat for Sale in Manikonda, Hyderabad",17900000.0,1912.0,9361.92468619247,3,3,Apartment,,,
"Manikonda, Hyderabad",Hyderabad,"3 BHK Flat for Sale in Manikonda, Hyderabad",11000000.0,1640.0,6707.317073170731,3,3,Apartment,,,
Manikonda,Hyderabad,2 BHK 1296 Sq. Ft. Apartment,11300000.0,1296.0,8719.135802469134,2,2,Apartment,,,
Manikonda,Hyderabad,2 BHK 1340 Sq. Ft. Apartment,11700000.0,1340.0,8731.34328358209,2,2,Apartment,,,
Manikonda,Hyderabad,3 BHK 1909 Sq. Ft. Apartment,16700000.0,1909.0,8748.035620743845,3,3,Apartment,,,
Manikonda,Hyderabad,3 BHK 2044 Sq. Ft. Apartment,17900000.0,2044.0,8757.3385518591,3,3,Apartment,,,
"Manikonda, Hyderabad",Hyderabad,"4 BHK Flat for Sale in Manikonda, Hyderabad",60000000.0,4477.0,13401.83158364977,5,4,Apartment,,,
"Manikonda, Hyderabad",Hyderabad,"Plot for Sale in Manikonda, Hyderabad",50500000.0,266.0,189849.6240601504,5,3,Apartment,,,
"Manikonda, Hyderabad",Hyderabad,"Co-working Space for Sale in Manikonda, Hyderabad",120000000.0,366.0,295051.2315086969,2,3,Apartment,,,
Manikonda,Hyderabad,3 BHK 1601 Sq. Ft. Apartment,15200000.0,1601.0,9494.066208619612,3,3,Apartment,,,
Manikonda,Hyderabad,3 BHK 2656 Sq. Ft. Apartment,25200000.0,2656.0,9487.951807228916,3,4,Apartment,,,
Manikonda,Hyderabad,3 BHK 2064 Sq. Ft. Apartment,19600000.0,2064.0,9496.124031007752,3,3,Apartment,,,
Manikonda,Hyderabad,3 BHK 1537 Sq. Ft. Apartment,14600000.0,1537.0,9499.024072869226,3,3,Apartment,,,
"Manikonda, Hyderabad",Hyderabad,"6+ BHK Builder Floor for Sale in Manikonda, Hyderabad",53000000.0,9690.0,5469.556243550052,4,6,Apartment,,,
Manikonda,Hyderabad,"2 BHK Flat for Sale in Manikonda, Hyderabad",37000000.0,5400.0,6851.851851851852,5,2,Apartment,,,
"Manikonda, Hyderabad",Hyderabad,"2.5 BHK Flat for Sale in Manikonda, Hyderabad",14000000.0,1350.0,10370.37037037037,3,3,Apartment,,,
"Manikonda, Hyderabad",Hyderabad,"3 BHK Flat for Sale in Manikonda, Hyderabad",9990000.0,1350.0,7400.0,3,3,Apartment,,,
"Manikonda, Hyderabad",Hyderabad,"3 BHK Flat for Sale in Manikonda, Hyderabad",10600000.0,1660.0,6385.542168674699,3,3,Apartment,,,
"Manikonda, Hyderabad",Hyderabad,"3 BHK Flat for Sale in Manikonda, Hyderabad",10700000.0,1530.0,6993.464052287582,3,2,Apartment,,,
Masab,Hyderabad,"3 BHK Flat for Sale in Shanthi Nagar, Hyderabad",22200000.0,1855.0,11967.65498652291,3,3,Apartment,,,
Masab Tank,Hyderabad,3 BHK 2025 Sq. Ft. Apartment,24100000.0,2025.0,11901.23456790123,3,3,Apartment,,,
Masab Tank,Hyderabad,3 BHK 1868 Sq. Ft. Apartment,21000000.0,1868.0,11241.97002141328,3,3,Apartment,,,
Masab Tank,Hyderabad,4 BHK 2530 Sq. Ft. Apartment,28500000.0,2530.0,11264.82213438735,4,3,Apartment,,,
Masab Tank,Hyderabad,4 BHK 2635 Sq. Ft. Apartment,31500000.0,2635.0,11954.45920303605,4,4,Apartment,,,
"Masab Tank, Hyderabad",Hyderabad,"3 BHK House for Sale in Masab Tank, Hyderabad",50000000.0,238.0,210084.0336134454,5,2,House,,,
"Masab Tank, Hyderabad",Hyderabad,"3 BHK Flat for Sale in Masab Tank, Hyderabad",12500000.0,1740.0,7183.908045977011,3,3,Apartment,,,
Masab Tank,Hyderabad,"3 BHK Flat for Sale in Masab Tank, Hyderabad",20000000.0,1887.0,10598.83412824589,3,3,Apartment,,,
Masab Tank,Hyderabad,3 BHK 2125 Sq. Ft. Apartment,25360000.0,2125.0,11934.11764705882,3,3,Apartment,,,
Masab Tank,Hyderabad,4 BHK 3500 Sq. Ft. Apartment,63180000.0,3500.0,18051.42857142857,4,5,Apartment,,,
Masab Tank,Hyderabad,,28393436.88031823,2082.34965034965,13635.28784685638,3,3,Apartment,,,
Masab Tank,Hyderabad,"3 BHK Flat for Sale in Masab Tank, Hyderabad",12000000.0,1500.0,8000.0,3,2,Apartment,,,
"Masab Tank, Hyderabad",Hyderabad,"3 BHK Flat for Sale in Masab Tank, Hyderabad",8500000.0,1520.0,5592.105263157895,3,3,Apartment,,,
"Masab Tank, Hyderabad",Hyderabad,"Plot for Sale in Masab Tank, Hyderabad",3740000.0,220.0,17000.0,5,3,Apartment,,,
"Masab Tank, Hyderabad",Hyderabad,"Plot for Sale in Masab Tank, Hyderabad",15920000.0,205.0,77658.53658536586,5,4,Apartment,,,
"Masab Tank, Hyderabad",Hyderabad,"Plot for Sale in Masab Tank, Hyderabad",4505000.0,265.0,17000.0,5,3,Apartment,,,
"Masab Tank, Hyderabad",Hyderabad,"Plot for Sale in Masab Tank, Hyderabad",5610000.0,330.0,17000.0,3,3,Apartment,,,
"Masab Tank, Hyderabad",Hyderabad,"3 BHK Flat for Sale in Masab Tank, Hyderabad",10500000.0,1450.0,7241.379310344828,3,2,Apartment,,,
"Masab Tank, Hyderabad",Hyderabad,"Plot for Sale in Masab Tank, Hyderabad",3791000.0,223.0,17000.0,5,3,Apartment,,,
"Masab Tank, Hyderabad",Hyderabad,"Plot for Sale in Masab Tank, Hyderabad",2600000.0,150.0,17333.33333333333,5,3,Apartment,,,
"Masab Tank, Hyderabad",Hyderabad,"Plot for Sale in Masab Tank, Hyderabad",4080000.0,240.0,17000.0,5,3,Apartment,,,
"Masab Tank, Hyderabad",Hyderabad,"Plot for Sale in Masab Tank, Hyderabad",5100000.0,300.0,17000.0,5,3,Apartment,,,
"Masab Tank, Hyderabad",Hyderabad,"Plot for Sale in Masab Tank, Hyderabad",3111000.0,183.0,17000.0,5,3,Apartment,,,
"Masab Tank, Hyderabad",Hyderabad,"3 BHK Flat for Sale in Masab Tank, Hyderabad",19500000.0,2300.0,8478.260869565218,3,3,Apartment,,,
"Masab Tank, Hyderabad",Hyderabad,"2 BHK Flat for Sale in Masab Tank, Hyderabad",6500000.0,1100.0,5909.090909090909,2,2,Apartment,,,
"Masab Tank, Hyderabad",Hyderabad,"3 BHK Flat for Sale in Masab Tank, Hyderabad",19900000.0,2350.0,8468.08510638298,3,3,Apartment,,,
"Masab Tank, Hyderabad",Hyderabad,"6+ BHK House for Sale in Masab Tank, Hyderabad",72500000.0,3200.0,22656.25,4,6,House,,,
"Masab Tank, Hyderabad",Hyderabad,"2 BHK Flat for Sale in Masab Tank, Hyderabad",9300000.0,1300.0,7153.846153846154,3,2,Apartment,,,
"Masab Tank, Hyderabad",Hyderabad,"2 BHK Flat for Sale in Masab Tank, Hyderabad",7800000.0,1080.0,7222.222222222223,3,2,Apartment,,,
"Vijayanagar Colony, Hyderabad",Hyderabad,"3 BHK House for Sale in Vijayanagar Colony, Hyderabad",4986000.0,165.0,30218.18181818182,5,3,Apartment,,,
Masab Tank,Hyderabad,"5 BHK House for Sale in Banjara Hills, Hyderabad",127500000.0,6000.0,21250.0,5,5,Apartment,,,
Masab Tank,Hyderabad,"3 BHK House for Sale in Vijayanagar Colony, Hyderabad",22000000.0,167.0,131736.5269461078,5,3,House,,,
"Ahmed Nagar, Hyderabad",Hyderabad,"3 BHK Flat for Sale in Ahmed Nagar, Hyderabad",18000000.0,2400.0,7500.0,3,3,Apartment,,,
Masab Tank,Hyderabad,"3 BHK Flat for Sale in Lakdi Ka Pul, Hyderabad",20000000.0,1976.0,10121.45748987854,3,3,Apartment,,,
Masab Tank,Hyderabad,"3 BHK Flat for Sale in Banjara Hills, Hyderabad",37600000.0,2354.0,15972.81223449448,3,3,House,,,
Masab Tank,Hyderabad,"4 BHK House for Sale in Banjara Hills, Hyderabad",169900000.0,5000.0,33979.99999999999,5,4,House,,,
"Shadnagar, Hyderabad",Hyderabad,"Plot for Sale in Shadnagar, Hyderabad",2400000.0,200.0,12000.0,5,3,Apartment,,,
"Nandigama, Hyderabad",Hyderabad,"Plot for Sale in Nandigama, Hyderabad",3000000.0,183.0,16393.44262295082,5,3,Apartment,,,
"Kothur, Hyderabad",Hyderabad,"Plot for Sale in Kothur, Hyderabad",3500000.0,244.0,14344.26229508197,5,3,Apartment,,,
"Maheshwaram, Hyderabad",Hyderabad,"Plot for Sale in Maheshwaram, Hyderabad",3800000.0,165.0,23030.30303030303,5,3,Apartment,,,
"Manneguda, Hyderabad",Hyderabad,"2 BHK Villa for Sale in Manneguda, Hyderabad",75000000.0,10200.0,6198.347107438017,4,2,Villa,,,
"Kandukur, Hyderabad",Hyderabad,"Plot for Sale in Kandukur, Hyderabad",4175000.0,150.0,27833.33333333333,5,3,Apartment,,,
Medchal,Hyderabad,"Plot for Sale in Medchal, Hyderabad",3563000.0,220.0,16195.45454545455,5,2,Villa,,,
"Medchal, Hyderabad",Hyderabad,"Plot for Sale in Medchal, Hyderabad",3563000.0,220.0,16195.45454545455,5,3,Apartment,,,
"Medchal, Hyderabad",Hyderabad,"Plot for Sale in Medchal, Hyderabad",5280000.0,165.0,32000.0,5,3,Apartment,,,
"Medchal, Hyderabad",Hyderabad,"2 BHK Flat for Sale in Medchal, Hyderabad",5250000.0,1251.0,4196.642685851319,3,2,Apartment,,,
"Medchal, Hyderabad",Hyderabad,"4 BHK Villa for Sale in Medchal, Hyderabad",9900000.0,167.0,59281.4371257485,5,4,Villa,,,
Know More About Medchal,Hyderabad,"— Deekshaa Datta, Former resident",28393436.88031823,2082.34965034965,13635.28784685638,3,3,Apartment,,,
Medchal,Hyderabad,,28393436.88031823,2082.34965034965,13635.28784685638,3,3,Apartment,,,
"Medchal, Hyderabad",Hyderabad,"6+ BHK House for Sale in Medchal, Hyderabad",17000000.0,1251.0,13589.12869704237,3,6,House,,,
"Medchal, Hyderabad",Hyderabad,"Plot for Sale in Medchal, Hyderabad",2600000.0,179.0,14525.13966480447,5,3,Apartment,,,
Medchal,Hyderabad,"Plot for Sale in Medchal, Hyderabad",3000000.0,100.0,30000.0,5,3,Apartment,,,
"Medchal, Hyderabad",Hyderabad,"Plot for Sale in Medchal, Hyderabad",4256000.0,133.0,32000.0,5,3,Apartment,,,
"Medchal, Hyderabad",Hyderabad,"Plot for Sale in Medchal, Hyderabad",3600000.0,119.0,30252.10084033613,5,3,Apartment,,,
"Medchal, Hyderabad",Hyderabad,"3.5 BHK House for Sale in Medchal, Hyderabad",15000000.0,3000.0,5000.0,4,4,House,,,
"Medchal, Hyderabad",Hyderabad,"Plot for Sale in Medchal, Hyderabad",5190000.0,173.0,30000.0,5,3,Apartment,,,
Medchal,Hyderabad,"Plot for Sale in Medchal, Hyderabad",4000000.0,133.0,30075.18796992481,5,3,Apartment,,,
"Medchal, Hyderabad",Hyderabad,"Plot for Sale in Medchal, Hyderabad",3000000.0,200.0,15000.0,5,3,Apartment,,,
"Medchal, Hyderabad",Hyderabad,"Land for Sale in Medchal, Hyderabad",180000000.0,7200.0,25000.0,5,5,Apartment,,,
"Medchal, Hyderabad",Hyderabad,"Plot for Sale in Medchal, Hyderabad",13600000.0,152.0,89473.68421052633,5,3,Apartment,,,
"Medchal, Hyderabad",Hyderabad,"Plot for Sale in Medchal, Hyderabad",26700000.0,534.0,50000.0,1,2,Apartment,,,
Mehdipatnam,Hyderabad,"3 BHK Flat for Sale in Nanal Nagar, Hyderabad",17000000.0,1986.0,8559.919436052367,3,3,Apartment,,,
Mehdipatnam,Hyderabad,3 BHK 2025 Sq. Ft. Apartment,24100000.0,2025.0,11901.23456790123,3,3,Apartment,,,
Mehdipatnam,Hyderabad,3 BHK 1868 Sq. Ft. Apartment,21000000.0,1868.0,11241.97002141328,3,3,Apartment,,,
Mehdipatnam,Hyderabad,4 BHK 2530 Sq. Ft. Apartment,28500000.0,2530.0,11264.82213438735,4,3,Apartment,,,
Mehdipatnam,Hyderabad,4 BHK 2635 Sq. Ft. Apartment,31500000.0,2635.0,11954.45920303605,4,4,Apartment,,,
"Mehdipatnam, Hyderabad",Hyderabad,"3 BHK Flat for Sale in Mehdipatnam, Hyderabad",9600000.0,1206.0,7960.199004975125,2,2,Apartment,,,
Mehdipatnam,Hyderabad,3 BHK 2125 Sq. Ft. Apartment,25360000.0,2125.0,11934.11764705882,3,3,Apartment,,,
Mehdipatnam,Hyderabad,4 BHK 3500 Sq. Ft. Apartment,63180000.0,3500.0,18051.42857142857,4,5,Apartment,,,
Know More About Mehdipatnam,Hyderabad,"— Sarala Madan, Tenant",28393436.88031823,2082.34965034965,13635.28784685638,3,3,Apartment,,,
Mehdipatnam,Hyderabad,,28393436.88031823,2082.34965034965,13635.28784685638,3,3,Apartment,,,
"Mehdipatnam, Hyderabad",Hyderabad,"3 BHK Flat for Sale in Mehdipatnam, Hyderabad",10100000.0,1231.0,8204.711616571893,3,3,Apartment,,,
"Nanal Nagar, Hyderabad",Hyderabad,"3 BHK Flat for Sale in Nanal Nagar, Hyderabad",9200000.0,1600.0,5750.0,3,2,Apartment,,,
"Mehdipatnam, Hyderabad",Hyderabad,"6+ BHK Builder Floor for Sale in Mehdipatnam, Hyderabad",45000000.0,1810.0,24861.87845303868,3,4,Apartment,,,
"Mehdipatnam, Hyderabad",Hyderabad,"3 BHK Flat for Sale in Mehdipatnam, Hyderabad",8500000.0,1350.0,6296.296296296297,3,2,Apartment,,,
"Mehdipatnam, Hyderabad",Hyderabad,"2 BHK Flat for Sale in Mehdipatnam, Hyderabad",7000000.0,1119.0,6255.585344057194,2,2,Apartment,,,
Mehdipatnam,Hyderabad,"2 BHK Flat for Sale in Mehdipatnam, Hyderabad",7100000.0,956.0,7426.778242677824,2,2,Apartment,,,
"Mehdipatnam, Hyderabad",Hyderabad,"3 BHK Flat for Sale in Mehdipatnam, Hyderabad",9500000.0,1446.0,6569.84785615491,3,3,Apartment,,,
Miyapur,Hyderabad,"2 BHK Flat for Sale in Miyapur, Hyderabad",8608000.0,1230.0,6998.373983739837,3,2,Apartment,,,
Miyapur,Hyderabad,2 BHK 1348 Sq. Ft. Apartment,9839000.0,1348.0,7298.961424332344,2,2,Apartment,,,
Miyapur,Hyderabad,3 BHK 1509 Sq. Ft. Apartment,12000000.0,1509.0,7952.286282306163,3,3,Apartment,,,
Miyapur,Hyderabad,3 BHK 1839 Sq. Ft. Apartment,14000000.0,1839.0,7612.833061446438,3,3,Apartment,,,
Miyapur,Hyderabad,4 BHK 2339 Sq. Ft. Apartment,18600000.0,2339.0,7952.116289012399,4,3,Apartment,,,
Miyapur,Hyderabad,"3 BHK Flat for Sale in Miyapur, Hyderabad",14000000.0,1572.0,8905.852417302798,3,3,Apartment,,,
Miyapur,Hyderabad,"2.5 BHK Flat for Sale in Miyapur, Hyderabad",13800000.0,1350.0,10222.22222222222,3,2,Apartment,,,
Miyapur,Hyderabad,3 BHK 2350 Sq. Ft. Apartment,28200000.0,2350.0,12000.0,3,3,Apartment,,,
Miyapur,Hyderabad,3 BHK 2650 Sq. Ft. Apartment,31800000.0,2650.0,12000.0,3,4,Apartment,,,
Miyapur,Hyderabad,4 BHK 2800 Sq. Ft. Apartment,33600000.0,2800.0,12000.0,4,4,Apartment,,,
Miyapur,Hyderabad,4 BHK 3600 Sq. Ft. Apartment,43200000.0,3600.0,12000.0,4,4,Apartment,,,
Know More About Miyapur,Hyderabad,"— B Narasimha, Real estate agent",28393436.88031823,2082.34965034965,13635.28784685638,3,3,Apartment,,,
Miyapur,Hyderabad,,28393436.88031823,2082.34965034965,13635.28784685638,3,3,Apartment,,,
Miyapur,Hyderabad,"3 BHK Flat for Sale in Miyapur, Hyderabad",16200000.0,2025.0,8000.000000000001,3,3,Apartment,,,
Miyapur,Hyderabad,"2.5 BHK Flat for Sale in Miyapur, Hyderabad",12500000.0,1330.0,9398.496240601504,1,2,Apartment,,,
Miyapur,Hyderabad,"3 BHK Flat for Sale in Miyapur, Hyderabad",15600000.0,1880.0,8297.872340425532,3,3,Apartment,,,
Miyapur,Hyderabad,3 BHK 2850 Sq. Ft. Apartment,29900000.0,2850.0,10491.22807017544,3,4,Apartment,,,
Miyapur,Hyderabad,4 BHK 3303 Sq. Ft. Apartment,34700000.0,3303.0,10505.60096881623,4,4,Apartment,,,
Miyapur,Hyderabad,4 BHK 3850 Sq. Ft. Apartment,40400000.0,3850.0,10493.50649350649,4,4,Apartment,,,
"Miyapur, Hyderabad",Hyderabad,"3 BHK Flat for Sale in Miyapur, Hyderabad",12300000.0,1839.0,6688.4176182708,3,3,Apartment,,,
Miyapur,Hyderabad,"2.5 BHK Flat for Sale in Miyapur, Hyderabad",13000000.0,1490.0,8724.832214765102,3,2,Apartment,,,
Miyapur,Hyderabad,"2 BHK Flat for Sale in Miyapur, Hyderabad",8100000.0,1210.0,6694.214876033057,2,2,Apartment,,,
Miyapur,Hyderabad,3 BHK 2180 Sq. Ft. Apartment,20900000.0,2180.0,9587.155963302752,3,4,Apartment,,,
Miyapur,Hyderabad,3 BHK 1750 Sq. Ft. Apartment,16800000.0,1750.0,9600.0,3,3,Apartment,,,
Miyapur,Hyderabad,4 BHK 3020 Sq. Ft. Apartment,29000000.0,3020.0,9602.649006622516,4,4,Apartment,,,
Miyapur,Hyderabad,"2 BHK Flat for Sale in Miyapur, Hyderabad",11200000.0,1217.0,9202.958093672967,2,2,Apartment,,,
"Miyapur, Hyderabad",Hyderabad,"3 BHK Flat for Sale in Miyapur, Hyderabad",8000000.0,1250.0,6400.0,3,2,Apartment,,,
"Miyapur, Hyderabad",Hyderabad,"6+ BHK Flat for Sale in Miyapur, Hyderabad",45000000.0,200.0,225000.0,5,6,Apartment,,,
Miyapur,Hyderabad,3 BHK 2003 Sq. Ft. Apartment,23000000.0,2003.0,11482.77583624563,3,3,Apartment,,,
Miyapur,Hyderabad,3 BHK 2870 Sq. Ft. Apartment,33000000.0,2870.0,11498.25783972126,3,4,Apartment,,,
Miyapur,Hyderabad,4 BHK 3500 Sq. Ft. Apartment,40300000.0,3500.0,11514.28571428571,4,4,Apartment,,,
Miyapur,Hyderabad,4 BHK 4037 Sq. Ft. Apartment,46400000.0,4037.0,11493.68342828833,4,4,Apartment,,,
Miyapur,Hyderabad,"3 BHK Flat for Sale in Miyapur, Hyderabad",25000000.0,2367.0,10561.89269117026,3,3,Apartment,,,
Miyapur,Hyderabad,"2 BHK Flat for Sale in Miyapur, Hyderabad",9000000.0,1140.0,7894.736842105263,2,2,Apartment,,,
Miyapur,Hyderabad,"3 BHK Flat for Sale in Miyapur, Hyderabad",16000000.0,1590.0,10062.89308176101,3,3,Apartment,,,
Miyapur,Hyderabad,3 BHK 1796 Sq. Ft. Apartment,18000000.0,1796.0,10022.27171492205,3,2,Apartment,,,
Miyapur,Hyderabad,3 BHK 2124 Sq. Ft. Apartment,21200000.0,2124.0,9981.167608286252,3,4,Apartment,,,
Miyapur,Hyderabad,4 BHK 2708 Sq. Ft. Apartment,27100000.0,2708.0,10007.38552437223,4,3,Apartment,,,
Miyapur,Hyderabad,"3 BHK Flat for Sale in Miyapur, Hyderabad",10100000.0,1550.0,6516.129032258064,3,3,Apartment,,,
"Miyapur, Hyderabad",Hyderabad,"4 BHK Villa for Sale in Miyapur, Hyderabad",27500000.0,178.0,154494.3820224719,5,4,Villa,,,
"Miyapur, Hyderabad",Hyderabad,"2 BHK Flat for Sale in Miyapur, Hyderabad",4700000.0,780.0,6025.641025641025,4,2,Apartment,,,
Miyapur,Hyderabad,2 BHK 1296 Sq. Ft. Apartment,11300000.0,1296.0,8719.135802469134,2,2,Apartment,,,
Miyapur,Hyderabad,2 BHK 1340 Sq. Ft. Apartment,11700000.0,1340.0,8731.34328358209,2,2,Apartment,,,
Miyapur,Hyderabad,3 BHK 1909 Sq. Ft. Apartment,16700000.0,1909.0,8748.035620743845,3,3,Apartment,,,
Miyapur,Hyderabad,3 BHK 2044 Sq. Ft. Apartment,17900000.0,2044.0,8757.3385518591,3,3,Apartment,,,
Miyapur,Hyderabad,"2.5 BHK Flat for Sale in Miyapur, Hyderabad",11000000.0,1330.0,8270.676691729323,1,2,Apartment,,,
Miyapur,Hyderabad,"2 BHK Flat for Sale in Miyapur, Hyderabad",6930000.0,1175.0,5897.872340425532,2,2,Apartment,,,
Miyapur,Hyderabad,"3 BHK Flat for Sale in Miyapur, Hyderabad",12000000.0,1590.0,7547.169811320755,3,3,Apartment,,,
Miyapur,Hyderabad,"3 BHK Flat for Sale in Miyapur, Hyderabad",9500000.0,1550.0,6129.032258064516,3,2,Apartment,,,
Miyapur,Hyderabad,"3 BHK Flat for Sale in Miyapur, Hyderabad",11000000.0,1495.0,7357.859531772575,3,3,Apartment,,,
Miyapur,Hyderabad,"2 BHK Flat for Sale in Miyapur, Hyderabad",8105000.0,1210.0,6698.347107438017,2,2,Apartment,,,
Moosapet,Hyderabad,"3 BHK Flat for Sale in Moosapet, Hyderabad",12500000.0,1900.0,6578.947368421052,3,3,Apartment,,,
Moosapet,Hyderabad,3 BHK 2350 Sq. Ft. Apartment,28200000.0,2350.0,12000.0,3,3,Apartment,,,
Moosapet,Hyderabad,3 BHK 2650 Sq. Ft. Apartment,31800000.0,2650.0,12000.0,3,4,Apartment,,,
Moosapet,Hyderabad,4 BHK 2800 Sq. Ft. Apartment,33600000.0,2800.0,12000.0,4,4,Apartment,,,
Moosapet,Hyderabad,4 BHK 3600 Sq. Ft. Apartment,43200000.0,3600.0,12000.0,4,4,Apartment,,,
"Moosapet, Hyderabad",Hyderabad,"Co-working Space for Sale in Moosapet, Hyderabad",83000000.0,456.0,182017.5438596492,1,3,Apartment,,,
"Moosapet, Hyderabad",Hyderabad,"Land for Sale in Moosapet, Hyderabad",201200000.0,1750.0,114971.4285714286,3,3,Apartment,,,
Moosapet,Hyderabad,3 BHK 2850 Sq. Ft. Apartment,29900000.0,2850.0,10491.22807017544,3,4,Apartment,,,
Moosapet,Hyderabad,4 BHK 3303 Sq. Ft. Apartment,34700000.0,3303.0,10505.60096881623,4,4,Apartment,,,
Moosapet,Hyderabad,4 BHK 3850 Sq. Ft. Apartment,40400000.0,3850.0,10493.50649350649,4,4,Apartment,,,
Moosapet,Hyderabad,,28393436.88031823,2082.34965034965,13635.28784685638,3,3,Apartment,,,
"Moosapet, Hyderabad",Hyderabad,"2 BHK Flat for Sale in Moosapet, Hyderabad",6200000.0,1080.0,5740.740740740741,3,2,Apartment,,,
"Moosapet, Hyderabad",Hyderabad,"Plot for Sale in Moosapet, Hyderabad",29200000.0,266.0,109774.4360902256,5,3,Apartment,,,
Moosapet,Hyderabad,3 BHK 2180 Sq. Ft. Apartment,20900000.0,2180.0,9587.155963302752,3,4,Apartment,,,
Moosapet,Hyderabad,3 BHK 1750 Sq. Ft. Apartment,16800000.0,1750.0,9600.0,3,3,Apartment,,,
Moosapet,Hyderabad,4 BHK 3020 Sq. Ft. Apartment,29000000.0,3020.0,9602.649006622516,4,4,Apartment,,,
"Moosapet, Hyderabad",Hyderabad,"Land for Sale in Moosapet, Hyderabad",78500000.0,604.0,129966.8874172186,1,2,Apartment,,,
Moosapet,Hyderabad,"3 BHK Flat for Sale in Moosapet, Hyderabad",10800000.0,1650.0,6545.454545454545,3,3,Apartment,,,
Moosapet,Hyderabad,3 BHK 2003 Sq. Ft. Apartment,23000000.0,2003.0,11482.77583624563,3,3,Apartment,,,
Moosapet,Hyderabad,3 BHK 2870 Sq. Ft. Apartment,33000000.0,2870.0,11498.25783972126,3,4,Apartment,,,
Moosapet,Hyderabad,4 BHK 3500 Sq. Ft. Apartment,40300000.0,3500.0,11514.28571428571,4,4,Apartment,,,
Moosapet,Hyderabad,4 BHK 4037 Sq. Ft. Apartment,46400000.0,4037.0,11493.68342828833,4,4,Apartment,,,
"Moosapet, Hyderabad",Hyderabad,"2 BHK Flat for Sale in Moosapet, Hyderabad",4500000.0,950.0,4736.842105263157,2,2,Apartment,,,
Moosapet,Hyderabad,"3 BHK Flat for Sale in Moosapet, Hyderabad",14800000.0,2230.0,6636.77130044843,3,3,Apartment,,,
Moosapet,Hyderabad,3 BHK 1796 Sq. Ft. Apartment,18000000.0,1796.0,10022.27171492205,3,2,Apartment,,,
Moosapet,Hyderabad,3 BHK 2124 Sq. Ft. Apartment,21200000.0,2124.0,9981.167608286252,3,4,Apartment,,,
Moosapet,Hyderabad,4 BHK 2708 Sq. Ft. Apartment,27100000.0,2708.0,10007.38552437223,4,3,Apartment,,,
Moosapet,Hyderabad,"3 BHK Flat for Sale in Moosapet, Hyderabad",18200000.0,2760.0,6594.202898550725,5,3,Apartment,,,
"Moosapet, Hyderabad",Hyderabad,"Warehouse for Sale in Moosapet, Hyderabad",125000000.0,10200.0,5000.0,5,5,Apartment,,,
Moosapet,Hyderabad,2 BHK 1296 Sq. Ft. Apartment,11300000.0,1296.0,8719.135802469134,2,2,Apartment,,,
Moosapet,Hyderabad,2 BHK 1340 Sq. Ft. Apartment,11700000.0,1340.0,8731.34328358209,2,2,Apartment,,,
Moosapet,Hyderabad,3 BHK 1909 Sq. Ft. Apartment,16700000.0,1909.0,8748.035620743845,3,3,Apartment,,,
Moosapet,Hyderabad,3 BHK 2044 Sq. Ft. Apartment,17900000.0,2044.0,8757.3385518591,3,3,Apartment,,,
Moosapet,Hyderabad,"2 BHK Flat for Sale in Erragadda, Hyderabad",8800000.0,1150.0,7652.173913043478,3,2,Apartment,,,
Moosapet,Hyderabad,"2 BHK Flat for Sale in Erragadda, Hyderabad",8700000.0,1140.0,7631.578947368421,2,2,Apartment,,,
Moosapet,Hyderabad,"2 BHK Flat for Sale in Erragadda, Hyderabad",9000000.0,1155.0,7792.207792207792,2,2,Apartment,,,
Moosapet,Hyderabad,"2 BHK Flat for Sale in Erragadda, Hyderabad",8900000.0,1150.0,7739.130434782609,3,2,Apartment,,,
Moosapet,Hyderabad,"2 BHK Flat for Sale in Erragadda, Hyderabad",9500000.0,1155.0,8225.108225108224,2,2,Apartment,,,
Moosapet,Hyderabad,"2 BHK Flat for Sale in Erragadda, Hyderabad",9000000.0,1150.0,7826.086956521739,3,2,Apartment,,,
Moosapet,Hyderabad,"2 BHK Builder Floor for Sale in Erragadda, Hyderabad",9000000.0,1150.0,7826.086956521739,3,2,Apartment,,,
Moosapet,Hyderabad,"3 BHK Builder Floor for Sale in Erragadda, Hyderabad",11000000.0,1435.0,7665.505226480836,3,3,Apartment,,,
Moosapet,Hyderabad,"3 BHK Flat for Sale in Erragadda, Hyderabad",11500000.0,1435.0,8013.937282229966,3,3,Apartment,,,
Moosapet,Hyderabad,"2 BHK Flat for Sale in Erragadda, Hyderabad",11500000.0,1435.0,8013.937282229966,3,2,Apartment,,,
Moosapet,Hyderabad,"2 BHK Flat for Sale in Erragadda, Hyderabad",9800000.0,1155.0,8484.848484848484,2,2,Apartment,,,
Moula,Hyderabad,"2 BHK Flat for Sale in Moula Ali, Hyderabad",7100000.0,1135.0,6255.506607929516,2,2,Apartment,,,
"Moula Ali, Hyderabad",Hyderabad,"2 BHK House for Sale in Moula Ali, Hyderabad",20000000.0,238.0,84033.61344537816,5,4,House,,,
Moula Ali,Hyderabad,"3 BHK Flat for Sale in Moula Ali, Hyderabad",11000000.0,1900.0,5789.473684210527,3,3,Apartment,,,
Moula Ali,Hyderabad,,28393436.88031823,2082.34965034965,13635.28784685638,3,3,Apartment,,,
"Moula Ali, Hyderabad",Hyderabad,"2 BHK Flat for Sale in Moula Ali, Hyderabad",6500000.0,1050.0,6190.476190476191,2,1,Apartment,,,
Moula Ali,Hyderabad,"2 BHK Flat for Sale in Moula Ali, Hyderabad",5600000.0,1120.0,5000.0,2,1,Apartment,,,
Moula Ali,Hyderabad,"2 BHK Flat for Sale in Moula Ali, Hyderabad",5400000.0,1150.0,4695.652173913043,3,2,Apartment,,,
"Moula Ali, Hyderabad",Hyderabad,"6+ BHK House for Sale in Moula Ali, Hyderabad",15500000.0,4000.0,3875.0,3,6,House,,,
"Moula Ali, Hyderabad",Hyderabad,"2 BHK Flat for Sale in Moula Ali, Hyderabad",6000000.0,1110.0,5405.405405405405,2,2,Apartment,,,
"Moula Ali, Hyderabad",Hyderabad,"Plot for Sale in Moula Ali, Hyderabad",30000000.0,300.0,100000.0,5,4,Apartment,,,
"Moula Ali, Hyderabad",Hyderabad,"Plot for Sale in Moula Ali, Hyderabad",8100000.0,654.0,12385.32110091743,2,1,Apartment,,,
"Moula Ali, Hyderabad",Hyderabad,"6 BHK House for Sale in Moula Ali, Hyderabad",16000000.0,3000.0,5333.333333333333,4,6,House,,,
"Moula Ali, Hyderabad",Hyderabad,"3 BHK Flat for Sale in Moula Ali, Hyderabad",13000000.0,2150.0,6046.511627906977,3,3,Apartment,,,
"Moula Ali, Hyderabad",Hyderabad,"3 BHK Flat for Sale in Moula Ali, Hyderabad",9800000.0,1700.0,5764.705882352941,3,3,Apartment,,,
"East Zone, Hyderabad",Hyderabad,"Plot for Sale in A S Rao Nagar, Hyderabad",2212000.0,158.0,14000.0,5,2,Apartment,,,
Moula Ali,Hyderabad,"Plot for Sale in A S Rao Nagar, Hyderabad",2212000.0,158.0,14000.0,5,3,Apartment,,,
Moula Ali,Hyderabad,"2 BHK Flat for Sale in Old Safilguda, Hyderabad",2800000.0,600.0,4666.666666666667,1,2,Apartment,,,
"East Zone, Hyderabad",Hyderabad,"4 BHK House for Sale in East Zone, Hyderabad",222800000.0,10200.0,24618.18181818182,4,4,House,,,
"Anandbagh, Hyderabad",Hyderabad,"Plot for Sale in Anandbagh, Hyderabad",16000000.0,200.0,80000.0,5,3,Apartment,,,
Moula Ali,Hyderabad,"2.5 BHK Flat for Sale in Old Safilguda, Hyderabad",6300000.0,1300.0,4846.153846153846,3,2,Apartment,,,
"Old Safilguda, Hyderabad",Hyderabad,"5 BHK House for Sale in Old Safilguda, Hyderabad",31000000.0,5700.0,5438.596491228071,5,5,House,,,
Moula Ali,Hyderabad,"Plot for Sale in A S Rao Nagar, Hyderabad",22000000.0,294.0,74829.93197278911,5,3,Apartment,,,
Moula Ali,Hyderabad,"Plot for Sale in A S Rao Nagar, Hyderabad",30500000.0,266.0,114661.6541353384,5,3,Apartment,,,
"Anandbagh, Hyderabad",Hyderabad,"3 BHK House for Sale in Anandbagh, Hyderabad",21000000.0,150.0,140000.0,5,4,House,,,
"Anandbagh, Hyderabad",Hyderabad,"Plot for Sale in Anandbagh, Hyderabad",558000.0,123.0,4536.585365853659,5,3,Apartment,,,
MusheerabadA city with a rich past located in the,Hyderabad,"3 BHK Flat for Sale in Musheerabad, Hyderabad",12000000.0,8000.0,1500.0,4,3,Apartment,,,
Musheerabad,Hyderabad,3 BHK 2025 Sq. Ft. Apartment,24100000.0,2025.0,11901.23456790123,3,3,Apartment,,,
Musheerabad,Hyderabad,3 BHK 1868 Sq. Ft. Apartment,21000000.0,1868.0,11241.97002141328,3,3,Apartment,,,
Musheerabad,Hyderabad,4 BHK 2530 Sq. Ft. Apartment,28500000.0,2530.0,11264.82213438735,4,3,Apartment,,,
Musheerabad,Hyderabad,4 BHK 2635 Sq. Ft. Apartment,31500000.0,2635.0,11954.45920303605,4,4,Apartment,,,
Musheerabad,Hyderabad,"— N Srinaga jyothi, Real estate agent",28393436.88031823,2082.34965034965,13635.28784685638,3,3,Apartment,,,
Musheerabad,Hyderabad,,28393436.88031823,2082.34965034965,13635.28784685638,3,3,Apartment,,,
"Mushirabad, Hyderabad",Hyderabad,"2 BHK Flat for Sale in Mushirabad, Hyderabad",8000000.0,1050.0,7619.047619047619,2,2,Apartment,,,
Musheerabad,Hyderabad,"5 BHK Flat for Sale in Ram Nagar, Hyderabad",39000000.0,300.0,130000.0,5,3,Apartment,,,
"Bhoiguda, Hyderabad",Hyderabad,"3 BHK Flat for Sale in Bhoiguda, Hyderabad",14500000.0,2000.0,7250.0,3,3,Apartment,,,
"Kavadiguda, Hyderabad",Hyderabad,"3 BHK Flat for Sale in Kavadiguda, Hyderabad",10500000.0,1346.0,7800.891530460624,3,3,Apartment,,,
"Kavadiguda, Hyderabad",Hyderabad,"2 BHK Flat for Sale in Kavadiguda, Hyderabad",8400000.0,1220.0,6885.245901639344,3,2,Apartment,,,
"Gandhi Nagar, Hyderabad",Hyderabad,"4 BHK House for Sale in Gandhi Nagar, Hyderabad",21500000.0,133.0,161654.1353383459,5,4,House,,,
Musheerabad,Hyderabad,"3 BHK Flat for Sale in Zamistanpur, Hyderabad",19900000.0,2636.0,7549.317147192716,5,4,Apartment,,,
"Gandhi Nagar, Hyderabad",Hyderabad,"3 BHK Flat for Sale in Gandhi Nagar, Hyderabad",17900000.0,1574.0,11372.2998729352,3,3,Apartment,,,
Musheerabad,Hyderabad,"3 BHK Flat for Sale in Bansilalpet, Hyderabad",14800000.0,1646.0,8991.49453219927,3,3,Apartment,,,
"Kavadiguda, Hyderabad",Hyderabad,"6 BHK House for Sale in Kavadiguda, Hyderabad",15000000.0,153.0,98039.2156862745,5,5,House,,,
Musheerabad,Hyderabad,"2 BHK Flat for Sale in Gandhi Nagar, Hyderabad",4800000.0,900.0,5333.333333333333,2,2,Apartment,,,
Musheerabad,Hyderabad,"Plot for Sale in Warasiguda, Hyderabad",4800000.0,1062.4,4518.072289156627,2,2,Apartment,,,
Musheerabad,Hyderabad,"2.5 BHK Flat for Sale in Kavadiguda, Hyderabad",9120000.0,1200.0,7600.0,2,3,Apartment,,,
"Kavadiguda, Hyderabad",Hyderabad,"Office Space for Sale in Kavadiguda, Hyderabad",150000000.0,10200.0,6818.181818181818,5,5,Apartment,,,
"Warasiguda, Hyderabad",Hyderabad,"Shop for Sale in Warasiguda, Hyderabad",40000000.0,350.0,114285.7142857143,3,4,Apartment,,,
Musheerabad,Hyderabad,"2 BHK Flat for Sale in Srinivasa Nagar, Hyderabad",6000000.0,1300.0,4615.384615384615,3,2,Apartment,,,
Musheerabad,Hyderabad,"2 BHK Flat for Sale in Padmarao Nagar, Hyderabad",6700000.0,1250.0,5360.0,3,2,Apartment,,,
"Ashok Nagar, Hyderabad",Hyderabad,"3 BHK Flat for Sale in Ashok Nagar, Hyderabad",12500000.0,1644.0,7603.406326034064,3,3,Apartment,,,
Nacharam,Hyderabad,"Plot for Sale in Nacharam, Hyderabad",19900000.0,277.0,71841.15523465704,5,4,Apartment,,,
Nacharam,Hyderabad,2 BHK 1310 Sq. Ft. Apartment,11100000.0,1310.0,8473.282442748094,2,2,Apartment,,,
Nacharam,Hyderabad,3 BHK 1505 Sq. Ft. Apartment,14300000.0,1505.0,9501.661129568109,3,3,Apartment,,,
Nacharam,Hyderabad,3 BHK 1860 Sq. Ft. Apartment,17700000.0,1860.0,9516.129032258064,3,3,Apartment,,,
Nacharam,Hyderabad,"4 BHK Flat for Sale in Nacharam, Hyderabad",12300000.0,3100.0,3967.741935483871,4,4,Apartment,,,
Nacharam,Hyderabad,"3 BHK Flat for Sale in Nacharam, Hyderabad",13000000.0,1435.0,9059.233449477351,3,3,Apartment,,,
Nacharam,Hyderabad,"2.5 BHK Flat for Sale in Nacharam, Hyderabad",12500000.0,1440.0,8680.555555555555,3,2,Apartment,,,
Nacharam,Hyderabad,3 BHK 1265 Sq. Ft. Apartment,6958000.0,1265.0,5500.395256916996,3,2,Apartment,,,
Nacharam,Hyderabad,3 BHK 1825 Sq. Ft. Apartment,10000000.0,1825.0,5479.45205479452,3,3,Apartment,,,
Nacharam,Hyderabad,"— Harish Sahgl, Owner",28393436.88031823,2082.34965034965,13635.28784685638,3,3,Apartment,,,
Nacharam,Hyderabad,,28393436.88031823,2082.34965034965,13635.28784685638,3,3,Apartment,,,
Nacharam,Hyderabad,"2 BHK Flat for Sale in Nacharam, Hyderabad",5800000.0,850.0,6823.529411764706,2,2,Apartment,,,
"Nacharam, Hyderabad",Hyderabad,"2 BHK Flat for Sale in Nacharam, Hyderabad",7500000.0,1250.0,6000.0,3,2,Apartment,,,
Nacharam,Hyderabad,2 BHK 1210 Sq. Ft. Apartment,6895999.999999999,1210.0,5699.173553719008,2,2,Apartment,,,
Nacharam,Hyderabad,3 BHK 1475 Sq. Ft. Apartment,8406000.0,1475.0,5698.983050847458,3,3,Apartment,,,
"Nacharam, Hyderabad",Hyderabad,"Land for Sale in Nacharam, Hyderabad",222800000.0,5796.0,100000.0,5,5,Apartment,,,
"Nacharam, Hyderabad",Hyderabad,"Plot for Sale in Nacharam, Hyderabad",222800000.0,7362.0,110024.4498777506,5,5,Apartment,,,
Nacharam,Hyderabad,3 BHK 1635 Sq. Ft. Apartment,9810000.0,1635.0,6000.0,3,3,Apartment,,,
Nacharam,Hyderabad,3 BHK 2435 Sq. Ft. Apartment,14600000.0,2435.0,5995.893223819302,3,3,Apartment,,,
Nacharam,Hyderabad,"3 BHK Flat for Sale in Nacharam, Hyderabad",12900000.0,1458.0,8847.736625514402,3,3,Apartment,,,
"Nacharam, Hyderabad",Hyderabad,"4 BHK Flat for Sale in Nacharam, Hyderabad",10800000.0,2720.0,3970.588235294118,5,4,Apartment,,,
Nacharam,Hyderabad,"3 BHK Flat for Sale in Nacharam, Hyderabad",6500000.0,1000.0,6500.0,2,3,Apartment,,,
Nacharam,Hyderabad,"Plot for Sale in Nacharam, Hyderabad",11000000.0,170.0,64705.88235294117,5,3,Apartment,,,
Nacharam,Hyderabad,"3 BHK Flat for Sale in Nacharam, Hyderabad",12900000.0,1400.0,9214.285714285714,3,3,Apartment,,,
"Nacharam, Hyderabad",Hyderabad,"2 BHK Flat for Sale in Nacharam, Hyderabad",3799000.0,950.0,3998.947368421053,2,2,Apartment,,,
Nacharam,Hyderabad,"3 BHK Flat for Sale in Nacharam, Hyderabad",12900000.0,1461.0,8829.568788501027,3,3,Apartment,,,
"Nacharam, Hyderabad",Hyderabad,"2 BHK Flat for Sale in Nacharam, Hyderabad",6500000.0,1062.0,6120.527306967985,2,2,Apartment,,,
Nacharam,Hyderabad,"2 BHK Flat for Sale in Nacharam, Hyderabad",6600000.0,1142.0,5779.334500875657,2,2,Apartment,,,
Nacharam,Hyderabad,"3 BHK Flat for Sale in Nacharam, Hyderabad",12900000.0,1446.0,8921.161825726142,3,3,Apartment,,,
Nacharam,Hyderabad,"3 BHK Flat for Sale in Nacharam, Hyderabad",12900000.0,1423.0,9065.354884047789,3,3,Apartment,,,
"Nacharam, Hyderabad",Hyderabad,"Office Space for Sale in Nacharam, Hyderabad",3500000.0,600.0,5833.333333333333,1,2,Apartment,,,
Nacharam,Hyderabad,"3 BHK Flat for Sale in Nacharam, Hyderabad",12900000.0,1437.0,8977.035490605427,3,3,Apartment,,,
Nacharam,Hyderabad,"3 BHK Flat for Sale in Nacharam, Hyderabad",12900000.0,1468.0,8787.465940054495,3,3,Apartment,,,
Nagole,Hyderabad,"Plot for Sale in Nagole, Hyderabad",8600000.0,108.0,79629.62962962964,5,5,Apartment,,,
"Nagole, Hyderabad",Hyderabad,"Plot for Sale in Nagole, Hyderabad",8600000.0,108.0,79629.62962962964,5,4,Apartment,,,
Nagole,Hyderabad,2 BHK 1310 Sq. Ft. Apartment,11100000.0,1310.0,8473.282442748094,2,2,Apartment,,,
Nagole,Hyderabad,3 BHK 1505 Sq. Ft. Apartment,14300000.0,1505.0,9501.661129568109,3,3,Apartment,,,
Nagole,Hyderabad,3 BHK 1860 Sq. Ft. Apartment,17700000.0,1860.0,9516.129032258064,3,3,Apartment,,,
Nagole,Hyderabad,"6 BHK Villa for Sale in Nagole, Hyderabad",24600000.0,2742.0,8971.553610503282,5,5,Villa,,,
Nagole,Hyderabad,"2 BHK Flat for Sale in Nagole, Hyderabad",8352000.0,1392.0,6000.0,3,2,Apartment,,,
Nagole,Hyderabad,3 BHK 1265 Sq. Ft. Apartment,6958000.0,1265.0,5500.395256916996,3,2,Apartment,,,
Nagole,Hyderabad,3 BHK 1825 Sq. Ft. Apartment,10000000.0,1825.0,5479.45205479452,3,3,Apartment,,,
Nagole,Hyderabad,,28393436.88031823,2082.34965034965,13635.28784685638,3,3,Apartment,,,
"Nagole, Hyderabad",Hyderabad,"4 BHK House for Sale in Nagole, Hyderabad",23800000.0,150.0,158666.6666666667,5,4,House,,,
"Nagole, Hyderabad",Hyderabad,"3 BHK Villa for Sale in Nagole, Hyderabad",21000000.0,3000.0,7000.0,4,3,Villa,,,
Nagole,Hyderabad,2 BHK 1210 Sq. Ft. Apartment,6895999.999999999,1210.0,5699.173553719008,2,2,Apartment,,,
Nagole,Hyderabad,3 BHK 1475 Sq. Ft. Apartment,8406000.0,1475.0,5698.983050847458,3,3,Apartment,,,
"Nagole, Hyderabad",Hyderabad,"6+ BHK House for Sale in Nagole, Hyderabad",222800000.0,1200.0,291666.6666666667,2,6,House,,,
Nagole,Hyderabad,"4 BHK Villa for Sale in Nagole, Hyderabad",36000000.0,4000.0,9000.0,3,4,Villa,,,
Nagole,Hyderabad,3 BHK 1635 Sq. Ft. Apartment,9810000.0,1635.0,6000.0,3,3,Apartment,,,
Nagole,Hyderabad,3 BHK 2435 Sq. Ft. Apartment,14600000.0,2435.0,5995.893223819302,3,3,Apartment,,,
Nagole,Hyderabad,"Plot for Sale in Nagole, Hyderabad",3120000.0,293.8,10619.46902654867,2,2,Apartment,,,
"Nagole, Hyderabad",Hyderabad,"3 BHK Flat for Sale in Nagole, Hyderabad",4000000.0,1266.0,3159.55766192733,2,3,Apartment,,,
"Nagole, Hyderabad",Hyderabad,"3 BHK Builder Floor for Sale in Nagole, Hyderabad",9000000.0,1500.0,6000.0,3,3,Apartment,,,
"Nagole, Hyderabad",Hyderabad,"Plot for Sale in Nagole, Hyderabad",10400000.0,1125.0,9244.444444444443,2,2,Apartment,,,
Nagole,Hyderabad,"3 BHK Villa for Sale in Nagole, Hyderabad",25000000.0,3822.0,6541.077969649398,3,3,Villa,,,
"Nagole, Hyderabad",Hyderabad,"Plot for Sale in Nagole, Hyderabad",12000000.0,270.0,44444.44444444445,5,3,Apartment,,,
Nagole,Hyderabad,"Office Space for Sale in Nagole, Hyderabad",62500000.0,5800.0,10775.86206896552,5,5,Apartment,,,
Nagole,Hyderabad,"2 BHK Flat for Sale in Nagole, Hyderabad",8442000.0,1340.0,6300.0,2,2,Apartment,,,
"Nagole, Hyderabad",Hyderabad,"6 BHK House for Sale in Nagole, Hyderabad",21000000.0,4700.0,4468.085106382979,5,6,House,,,
"Nagole, Hyderabad",Hyderabad,"2 BHK House for Sale in Nagole, Hyderabad",7000000.0,870.2,8044.127786715697,2,1,House,,,
Nagole,Hyderabad,"3 BHK Flat for Sale in Nagole, Hyderabad",8500000.0,1372.0,6195.33527696793,3,3,Apartment,,,
Nagole,Hyderabad,"2 BHK Flat for Sale in Nagole, Hyderabad",5600000.0,1120.0,5000.0,2,2,Apartment,,,
Locality,Hyderabad,"3 BHK Flat for Sale in Nallagandla, Hyderabad",22000000.0,1905.0,11548.5564304462,3,3,Apartment,,,
Nallagandla,Hyderabad,3 BHK 2350 Sq. Ft. Apartment,28200000.0,2350.0,12000.0,3,3,Apartment,,,
Nallagandla,Hyderabad,3 BHK 2650 Sq. Ft. Apartment,31800000.0,2650.0,12000.0,3,4,Apartment,,,
Nallagandla,Hyderabad,4 BHK 2800 Sq. Ft. Apartment,33600000.0,2800.0,12000.0,4,4,Apartment,,,
Nallagandla,Hyderabad,4 BHK 3600 Sq. Ft. Apartment,43200000.0,3600.0,12000.0,4,4,Apartment,,,
Nallagandla,Hyderabad,"2 BHK Flat for Sale in Nallagandla, Hyderabad",14700000.0,1240.0,11854.83870967742,3,2,Apartment,,,
Nallagandla,Hyderabad,"3 BHK Flat for Sale in Nallagandla, Hyderabad",30400000.0,2290.0,13275.10917030568,4,4,Apartment,,,
Nallagandla,Hyderabad,"2 BHK Flat for Sale in Nallagandla, Hyderabad",16200000.0,1375.0,11781.81818181818,3,2,Apartment,,,
Nallagandla,Hyderabad,"3 BHK Flat for Sale in Nallagandla, Hyderabad",22400000.0,1825.0,12273.97260273973,3,4,Apartment,,,
Nallagandla,Hyderabad,"3 BHK Flat for Sale in Nallagandla, Hyderabad",14800000.0,1800.0,8222.222222222223,3,3,Apartment,,,
Nallagandla,Hyderabad,"3 BHK Flat for Sale in Nallagandla, Hyderabad",16800000.0,1530.0,10980.39215686274,3,3,Apartment,,,
Nallagandla,Hyderabad,"3 BHK Flat for Sale in Nallagandla, Hyderabad",20000000.0,1740.0,11494.25287356322,3,3,Apartment,,,
Nallagandla,Hyderabad,3 BHK 2850 Sq. Ft. Apartment,29900000.0,2850.0,10491.22807017544,3,4,Apartment,,,
Nallagandla,Hyderabad,4 BHK 3303 Sq. Ft. Apartment,34700000.0,3303.0,10505.60096881623,4,4,Apartment,,,
Nallagandla,Hyderabad,4 BHK 3850 Sq. Ft. Apartment,40400000.0,3850.0,10493.50649350649,4,4,Apartment,,,
Nallagandla,Hyderabad,,28393436.88031823,2082.34965034965,13635.28784685638,3,3,Apartment,,,
Nallagandla,Hyderabad,"3 BHK Flat for Sale in Nallagandla, Hyderabad",21900000.0,1282.0,17082.68330733229,2,3,Apartment,,,
Nallagandla,Hyderabad,"3 BHK Flat for Sale in Nallagandla, Hyderabad",20000000.0,1965.0,10178.11704834606,3,3,Apartment,,,
Nallagandla,Hyderabad,3 BHK 2180 Sq. Ft. Apartment,20900000.0,2180.0,9587.155963302752,3,4,Apartment,,,
Nallagandla,Hyderabad,3 BHK 1750 Sq. Ft. Apartment,16800000.0,1750.0,9600.0,3,3,Apartment,,,
Nallagandla,Hyderabad,4 BHK 3020 Sq. Ft. Apartment,29000000.0,3020.0,9602.649006622516,4,4,Apartment,,,
"Nallagandla, Hyderabad",Hyderabad,"4 BHK Villa for Sale in Nallagandla, Hyderabad",66000000.0,3404.0,19388.95417156287,3,4,Villa,,,
Nallagandla,Hyderabad,"3 BHK Flat for Sale in Nallagandla, Hyderabad",22400000.0,2100.0,10666.66666666667,3,3,Apartment,,,
Nallagandla,Hyderabad,"3 BHK Flat for Sale in Nallagandla, Hyderabad",19900000.0,1276.0,15595.61128526646,2,3,Apartment,,,
Nallagandla,Hyderabad,3 BHK 2003 Sq. Ft. Apartment,23000000.0,2003.0,11482.77583624563,3,3,Apartment,,,
Nallagandla,Hyderabad,3 BHK 2870 Sq. Ft. Apartment,33000000.0,2870.0,11498.25783972126,3,4,Apartment,,,
Nallagandla,Hyderabad,4 BHK 3500 Sq. Ft. Apartment,40300000.0,3500.0,11514.28571428571,4,4,Apartment,,,
Nallagandla,Hyderabad,4 BHK 4037 Sq. Ft. Apartment,46400000.0,4037.0,11493.68342828833,4,4,Apartment,,,
Nallagandla,Hyderabad,"3 BHK Flat for Sale in Nallagandla, Hyderabad",19900000.0,1279.0,15559.03049257232,2,3,Apartment,,,
Nallagandla,Hyderabad,"3 BHK Flat for Sale in Nallagandla, Hyderabad",21900000.0,1825.0,12000.0,3,3,Apartment,,,
Nallagandla,Hyderabad,3 BHK 1796 Sq. Ft. Apartment,18000000.0,1796.0,10022.27171492205,3,2,Apartment,,,
Nallagandla,Hyderabad,3 BHK 2124 Sq. Ft. Apartment,21200000.0,2124.0,9981.167608286252,3,4,Apartment,,,
Nallagandla,Hyderabad,4 BHK 2708 Sq. Ft. Apartment,27100000.0,2708.0,10007.38552437223,4,3,Apartment,,,
Nallagandla,Hyderabad,"3 BHK Flat for Sale in Nallagandla, Hyderabad",17500000.0,1860.0,9408.602150537634,3,3,Apartment,,,
Nallagandla,Hyderabad,"3 BHK Flat for Sale in Nallagandla, Hyderabad",21000000.0,1695.0,12389.38053097345,3,3,Apartment,,,
"Nallagandla, Hyderabad",Hyderabad,"2 BHK Builder Floor for Sale in Nallagandla, Hyderabad",8000000.0,1160.0,6896.551724137931,2,2,Apartment,,,
Nallagandla,Hyderabad,2 BHK 1296 Sq. Ft. Apartment,11300000.0,1296.0,8719.135802469134,2,2,Apartment,,,
Nallagandla,Hyderabad,2 BHK 1340 Sq. Ft. Apartment,11700000.0,1340.0,8731.34328358209,2,2,Apartment,,,
Nallagandla,Hyderabad,3 BHK 1909 Sq. Ft. Apartment,16700000.0,1909.0,8748.035620743845,3,3,Apartment,,,
Nallagandla,Hyderabad,3 BHK 2044 Sq. Ft. Apartment,17900000.0,2044.0,8757.3385518591,3,3,Apartment,,,
"Nallagandla, Hyderabad",Hyderabad,"4 BHK Villa for Sale in Nallagandla, Hyderabad",105000000.0,306.0,295051.2315086969,5,4,Villa,,,
Nallagandla,Hyderabad,"2.5 BHK Flat for Sale in Nallagandla, Hyderabad",15000000.0,1452.0,10330.57851239669,3,2,Apartment,,,
Nallagandla,Hyderabad,"4 BHK Villa for Sale in Nallagandla, Hyderabad",91500000.0,4355.0,21010.33295063146,5,4,Villa,,,
Nallagandla,Hyderabad,3 BHK 1601 Sq. Ft. Apartment,15200000.0,1601.0,9494.066208619612,3,3,Apartment,,,
Nallagandla,Hyderabad,3 BHK 2656 Sq. Ft. Apartment,25200000.0,2656.0,9487.951807228916,3,4,Apartment,,,
Nallagandla,Hyderabad,3 BHK 2064 Sq. Ft. Apartment,19600000.0,2064.0,9496.124031007752,3,3,Apartment,,,
Nallagandla,Hyderabad,3 BHK 1537 Sq. Ft. Apartment,14600000.0,1537.0,9499.024072869226,3,3,Apartment,,,
"Nallagandla, Hyderabad",Hyderabad,"3 BHK Flat for Sale in Nallagandla, Hyderabad",11000000.0,1460.0,7534.246575342466,3,4,Apartment,,,
"Nallagandla, Hyderabad",Hyderabad,"2 BHK Flat for Sale in Nallagandla, Hyderabad",6573000.0,1315.0,4998.479087452472,2,2,Apartment,,,
Nallagandla,Hyderabad,"Plot for Sale in Nallagandla, Hyderabad",56200000.0,511.0,109980.4305283757,1,3,Apartment,,,
"Nallagandla, Hyderabad",Hyderabad,"3 BHK Flat for Sale in Nallagandla, Hyderabad",16500000.0,1800.0,9166.666666666666,3,3,Apartment,,,
Nallagandla,Hyderabad,"2 BHK Flat for Sale in Nallagandla, Hyderabad",12500000.0,1255.0,9960.1593625498,2,2,Apartment,,,
Nallagandla,Hyderabad,"3 BHK Flat for Sale in Nallagandla, Hyderabad",13500000.0,1550.0,8709.677419354839,3,2,Apartment,,,
Nanakramguda,Hyderabad,"Office Space in IT/SEZ for Sale in Nanakramguda, Hyderabad",63000000.0,3638.0,17317.20725673447,3,4,Apartment,,,
"Nanakramguda, Hyderabad",Hyderabad,"Office Space in IT/SEZ for Sale in Nanakramguda, Hyderabad",63000000.0,3029.0,20798.94354572466,4,4,Apartment,,,
Nanakramguda,Hyderabad,3 BHK 2350 Sq. Ft. Apartment,28200000.0,2350.0,12000.0,3,3,Apartment,,,
Nanakramguda,Hyderabad,3 BHK 2650 Sq. Ft. Apartment,31800000.0,2650.0,12000.0,3,4,Apartment,,,
Nanakramguda,Hyderabad,4 BHK 2800 Sq. Ft. Apartment,33600000.0,2800.0,12000.0,4,4,Apartment,,,
Nanakramguda,Hyderabad,4 BHK 3600 Sq. Ft. Apartment,43200000.0,3600.0,12000.0,4,4,Apartment,,,
"Nanakramguda, Hyderabad",Hyderabad,"Office Space for Sale in Nanakramguda, Hyderabad",3000000.0,300.0,10000.0,5,3,Apartment,,,
Nanakramguda,Hyderabad,"6+ BHK Flat for Sale in Nanakramguda, Hyderabad",150800000.0,10200.0,14500.0,4,4,Apartment,,,
Nanakramguda,Hyderabad,"3 BHK Flat for Sale in Nanakramguda, Hyderabad",24000000.0,3070.0,7817.589576547231,4,4,Apartment,,,
Nanakramguda,Hyderabad,3 BHK 2850 Sq. Ft. Apartment,29900000.0,2850.0,10491.22807017544,3,4,Apartment,,,
Nanakramguda,Hyderabad,4 BHK 3303 Sq. Ft. Apartment,34700000.0,3303.0,10505.60096881623,4,4,Apartment,,,
Nanakramguda,Hyderabad,4 BHK 3850 Sq. Ft. Apartment,40400000.0,3850.0,10493.50649350649,4,4,Apartment,,,
Nanakramguda,Hyderabad,,28393436.88031823,2082.34965034965,13635.28784685638,3,3,Apartment,,,
"Nanakramguda, Hyderabad",Hyderabad,"3 BHK Flat for Sale in Nanakramguda, Hyderabad",20700000.0,2185.0,9473.684210526317,3,3,Apartment,,,
"Nanakramguda, Hyderabad",Hyderabad,"3 BHK Flat for Sale in Nanakramguda, Hyderabad",20200000.0,1816.0,11123.34801762114,3,3,Apartment,,,
Nanakramguda,Hyderabad,"3 BHK Flat for Sale in Nanakramguda, Hyderabad",25000000.0,2270.0,11013.21585903084,3,3,Apartment,,,
Nanakramguda,Hyderabad,3 BHK 2180 Sq. Ft. Apartment,20900000.0,2180.0,9587.155963302752,3,4,Apartment,,,
Nanakramguda,Hyderabad,3 BHK 1750 Sq. Ft. Apartment,16800000.0,1750.0,9600.0,3,3,Apartment,,,
Nanakramguda,Hyderabad,4 BHK 3020 Sq. Ft. Apartment,29000000.0,3020.0,9602.649006622516,4,4,Apartment,,,
Nanakramguda,Hyderabad,"3 BHK Flat for Sale in Nanakramguda, Hyderabad",18300000.0,2290.0,7991.266375545852,3,3,Apartment,,,
Nanakramguda,Hyderabad,"3 BHK Flat for Sale in Nanakramguda, Hyderabad",35000000.0,3015.0,11608.62354892206,4,3,Apartment,,,
Nanakramguda,Hyderabad,"4 BHK Flat for Sale in Nanakramguda, Hyderabad",28900000.0,3620.0,7983.425414364641,3,5,Apartment,,,
Nanakramguda,Hyderabad,3 BHK 2003 Sq. Ft. Apartment,23000000.0,2003.0,11482.77583624563,3,3,Apartment,,,
Nanakramguda,Hyderabad,3 BHK 2870 Sq. Ft. Apartment,33000000.0,2870.0,11498.25783972126,3,4,Apartment,,,
Nanakramguda,Hyderabad,4 BHK 3500 Sq. Ft. Apartment,40300000.0,3500.0,11514.28571428571,4,4,Apartment,,,
Nanakramguda,Hyderabad,4 BHK 4037 Sq. Ft. Apartment,46400000.0,4037.0,11493.68342828833,4,4,Apartment,,,
"Nanakramguda, Hyderabad",Hyderabad,"Land for Sale in Nanakramguda, Hyderabad",151200000.0,504.0,295051.2315086969,1,3,Apartment,,,
Nanakramguda,Hyderabad,"3 BHK Flat for Sale in Nanakramguda, Hyderabad",27100000.0,2360.0,11483.05084745763,3,3,Apartment,,,
"Nanakramguda, Hyderabad",Hyderabad,"3 BHK Flat for Sale in Nanakramguda, Hyderabad",22100000.0,2580.0,8565.891472868218,3,3,Apartment,,,
Nanakramguda,Hyderabad,3 BHK 1796 Sq. Ft. Apartment,18000000.0,1796.0,10022.27171492205,3,2,Apartment,,,
Nanakramguda,Hyderabad,3 BHK 2124 Sq. Ft. Apartment,21200000.0,2124.0,9981.167608286252,3,4,Apartment,,,
Nanakramguda,Hyderabad,4 BHK 2708 Sq. Ft. Apartment,27100000.0,2708.0,10007.38552437223,4,3,Apartment,,,
"Nanakramguda, Hyderabad",Hyderabad,"Office Space for Sale in Nanakramguda, Hyderabad",3750000.0,300.0,12500.0,5,3,Apartment,,,
Nanakramguda,Hyderabad,"3 BHK Flat for Sale in Nanakramguda, Hyderabad",28500000.0,2320.0,12284.48275862069,3,3,Apartment,,,
"Nanakramguda, Hyderabad",Hyderabad,"3 BHK Flat for Sale in Nanakramguda, Hyderabad",31100000.0,2965.0,10489.03878583474,5,3,Apartment,,,
Nanakramguda,Hyderabad,2 BHK 1296 Sq. Ft. Apartment,11300000.0,1296.0,8719.135802469134,2,2,Apartment,,,
Nanakramguda,Hyderabad,2 BHK 1340 Sq. Ft. Apartment,11700000.0,1340.0,8731.34328358209,2,2,Apartment,,,
Nanakramguda,Hyderabad,3 BHK 1909 Sq. Ft. Apartment,16700000.0,1909.0,8748.035620743845,3,3,Apartment,,,
Nanakramguda,Hyderabad,3 BHK 2044 Sq. Ft. Apartment,17900000.0,2044.0,8757.3385518591,3,3,Apartment,,,
Nanakramguda,Hyderabad,"3 BHK Flat for Sale in Nanakramguda, Hyderabad",37800000.0,3000.0,12600.0,4,3,Apartment,,,
"Nanakramguda, Hyderabad",Hyderabad,"Office Space for Sale in Nanakramguda, Hyderabad",69300000.0,6300.0,11000.0,6,5,Apartment,,,
"Nanakramguda, Hyderabad",Hyderabad,"4 BHK Villa for Sale in Nanakramguda, Hyderabad",90000000.0,4000.0,22500.0,3,4,Villa,,,
Nanakramguda,Hyderabad,3 BHK 1601 Sq. Ft. Apartment,15200000.0,1601.0,9494.066208619612,3,3,Apartment,,,
Nanakramguda,Hyderabad,3 BHK 2656 Sq. Ft. Apartment,25200000.0,2656.0,9487.951807228916,3,4,Apartment,,,
Nanakramguda,Hyderabad,3 BHK 2064 Sq. Ft. Apartment,19600000.0,2064.0,9496.124031007752,3,3,Apartment,,,
Nanakramguda,Hyderabad,3 BHK 1537 Sq. Ft. Apartment,14600000.0,1537.0,9499.024072869226,3,3,Apartment,,,
Nanakramguda,Hyderabad,"3 BHK Flat for Sale in Nanakramguda, Hyderabad",26000000.0,2010.0,12935.32338308458,3,3,Apartment,,,
Nanakramguda,Hyderabad,"3 BHK Flat for Sale in Nanakramguda, Hyderabad",20700000.0,1670.0,12395.20958083832,3,2,Apartment,,,
"Nanakramguda, Hyderabad",Hyderabad,"3 BHK Flat for Sale in Nanakramguda, Hyderabad",16900000.0,2292.0,7373.47294938918,3,3,Apartment,,,
Nanakramguda,Hyderabad,"Office Space for Sale in Nanakramguda, Hyderabad",3000000.0,100.0,30000.0,5,3,Apartment,,,
Nanakramguda,Hyderabad,"Office Space for Sale in Nanakramguda, Hyderabad",11000000.0,1000.0,11000.0,2,2,Apartment,,,
Nanakramguda,Hyderabad,"3 BHK Flat for Sale in Nanakramguda, Hyderabad",28000000.0,2270.0,12334.80176211454,3,3,Apartment,,,
Locality,Hyderabad,"2 BHK Flat for Sale in Narsingi, Hyderabad",9381000.0,1251.0,7498.800959232614,3,2,Apartment,,,
Narsingi,Hyderabad,3 BHK 2180 Sq. Ft. Apartment,20900000.0,2180.0,9587.155963302752,3,4,Apartment,,,
Narsingi,Hyderabad,3 BHK 1750 Sq. Ft. Apartment,16800000.0,1750.0,9600.0,3,3,Apartment,,,
Narsingi,Hyderabad,4 BHK 3020 Sq. Ft. Apartment,29000000.0,3020.0,9602.649006622516,4,4,Apartment,,,
Narsingi,Hyderabad,"3 BHK Flat for Sale in Narsingi, Hyderabad",18600000.0,1860.0,10000.0,3,4,Apartment,,,
Narsingi,Hyderabad,"3 BHK Flat for Sale in Narsingi, Hyderabad",15200000.0,1550.0,9806.451612903224,3,3,Apartment,,,
Narsingi,Hyderabad,"3 BHK Flat for Sale in Narsingi, Hyderabad",26900000.0,2695.0,9981.447124304266,5,4,Apartment,,,
Narsingi,Hyderabad,"3 BHK Flat for Sale in Narsingi, Hyderabad",23000000.0,2225.0,10337.07865168539,3,3,Apartment,,,
Narsingi,Hyderabad,"3 BHK Flat for Sale in Narsingi, Hyderabad",19000000.0,1860.0,10215.05376344086,3,3,Apartment,,,
Narsingi,Hyderabad,"3 BHK Flat for Sale in Narsingi, Hyderabad",15000000.0,2320.0,6465.517241379311,3,3,Apartment,,,
Narsingi,Hyderabad,3 BHK 2350 Sq. Ft. Apartment,28200000.0,2350.0,12000.0,3,3,Apartment,,,
Narsingi,Hyderabad,3 BHK 2650 Sq. Ft. Apartment,31800000.0,2650.0,12000.0,3,4,Apartment,,,
Narsingi,Hyderabad,4 BHK 2800 Sq. Ft. Apartment,33600000.0,2800.0,12000.0,4,4,Apartment,,,
Narsingi,Hyderabad,4 BHK 3600 Sq. Ft. Apartment,43200000.0,3600.0,12000.0,4,4,Apartment,,,
Narsingi,Hyderabad,"— Sanjay Kumar, Owner",28393436.88031823,2082.34965034965,13635.28784685638,3,3,Apartment,,,
Narsingi,Hyderabad,,28393436.88031823,2082.34965034965,13635.28784685638,3,3,Apartment,,,
"Narsingi, Hyderabad",Hyderabad,"3 BHK Flat for Sale in Narsingi, Hyderabad",26900000.0,2695.0,9981.447124304266,5,3,Apartment,,,
Narsingi,Hyderabad,"3 BHK Flat for Sale in Narsingi, Hyderabad",22100000.0,2155.0,10255.22041763341,3,3,Apartment,,,
Narsingi,Hyderabad,"3 BHK Flat for Sale in Narsingi, Hyderabad",14600000.0,1400.0,10428.57142857143,3,3,Apartment,,,
Narsingi,Hyderabad,3 BHK 2850 Sq. Ft. Apartment,29900000.0,2850.0,10491.22807017544,3,4,Apartment,,,
Narsingi,Hyderabad,4 BHK 3303 Sq. Ft. Apartment,34700000.0,3303.0,10505.60096881623,4,4,Apartment,,,
Narsingi,Hyderabad,4 BHK 3850 Sq. Ft. Apartment,40400000.0,3850.0,10493.50649350649,4,4,Apartment,,,
Narsingi,Hyderabad,"4 BHK Flat for Sale in Narsingi, Hyderabad",29100000.0,2630.0,11064.63878326996,5,5,Apartment,,,
Narsingi,Hyderabad,"3 BHK Flat for Sale in Narsingi, Hyderabad",16700000.0,1625.0,10276.92307692308,3,2,Apartment,,,
Narsingi,Hyderabad,3 BHK 2003 Sq. Ft. Apartment,23000000.0,2003.0,11482.77583624563,3,3,Apartment,,,
Narsingi,Hyderabad,3 BHK 2870 Sq. Ft. Apartment,33000000.0,2870.0,11498.25783972126,3,4,Apartment,,,
Narsingi,Hyderabad,4 BHK 3500 Sq. Ft. Apartment,40300000.0,3500.0,11514.28571428571,4,4,Apartment,,,
Narsingi,Hyderabad,4 BHK 4037 Sq. Ft. Apartment,46400000.0,4037.0,11493.68342828833,4,4,Apartment,,,
Narsingi,Hyderabad,"3 BHK Flat for Sale in Narsingi, Hyderabad",18500000.0,1359.0,13612.95069904342,2,3,Apartment,,,
Narsingi,Hyderabad,"3 BHK Flat for Sale in Narsingi, Hyderabad",24500000.0,1569.0,15615.04142766093,3,3,Apartment,,,
Narsingi,Hyderabad,"3 BHK Flat for Sale in Narsingi, Hyderabad",11500000.0,1620.0,7098.765432098766,3,3,Apartment,,,
Narsingi,Hyderabad,3 BHK 1796 Sq. Ft. Apartment,18000000.0,1796.0,10022.27171492205,3,2,Apartment,,,
Narsingi,Hyderabad,3 BHK 2124 Sq. Ft. Apartment,21200000.0,2124.0,9981.167608286252,3,4,Apartment,,,
Narsingi,Hyderabad,4 BHK 2708 Sq. Ft. Apartment,27100000.0,2708.0,10007.38552437223,4,3,Apartment,,,
Narsingi,Hyderabad,"2 BHK Flat for Sale in Narsingi, Hyderabad",15300000.0,1370.0,11167.88321167883,2,2,Apartment,,,
Narsingi,Hyderabad,"3 BHK Flat for Sale in Narsingi, Hyderabad",20500000.0,1715.0,11953.3527696793,3,3,Apartment,,,
Narsingi,Hyderabad,"3 BHK Flat for Sale in Narsingi, Hyderabad",19500000.0,1206.0,16169.15422885572,2,3,Apartment,,,
Narsingi,Hyderabad,2 BHK 1296 Sq. Ft. Apartment,11300000.0,1296.0,8719.135802469134,2,2,Apartment,,,
Narsingi,Hyderabad,2 BHK 1340 Sq. Ft. Apartment,11700000.0,1340.0,8731.34328358209,2,2,Apartment,,,
Narsingi,Hyderabad,3 BHK 1909 Sq. Ft. Apartment,16700000.0,1909.0,8748.035620743845,3,3,Apartment,,,
Narsingi,Hyderabad,3 BHK 2044 Sq. Ft. Apartment,17900000.0,2044.0,8757.3385518591,3,3,Apartment,,,
"Narsingi, Hyderabad",Hyderabad,"3.5 BHK Flat for Sale in Narsingi, Hyderabad",19700000.0,3045.0,6469.622331691297,4,3,Apartment,,,
Narsingi,Hyderabad,"3 BHK Flat for Sale in Narsingi, Hyderabad",16900000.0,1995.0,8471.177944862155,3,3,Apartment,,,
Narsingi,Hyderabad,"2 BHK Flat for Sale in Narsingi, Hyderabad",13700000.0,1370.0,10000.0,2,2,Apartment,,,
Narsingi,Hyderabad,3 BHK 1601 Sq. Ft. Apartment,15200000.0,1601.0,9494.066208619612,3,3,Apartment,,,
Narsingi,Hyderabad,3 BHK 2656 Sq. Ft. Apartment,25200000.0,2656.0,9487.951807228916,3,4,Apartment,,,
Narsingi,Hyderabad,3 BHK 2064 Sq. Ft. Apartment,19600000.0,2064.0,9496.124031007752,3,3,Apartment,,,
Narsingi,Hyderabad,3 BHK 1537 Sq. Ft. Apartment,14600000.0,1537.0,9499.024072869226,3,3,Apartment,,,
Narsingi,Hyderabad,"3 BHK Flat for Sale in Narsingi, Hyderabad",19000000.0,1715.0,11078.71720116618,3,3,Apartment,,,
Narsingi,Hyderabad,"3 BHK Flat for Sale in Narsingi, Hyderabad",23300000.0,2335.0,9978.586723768736,3,4,Apartment,,,
Narsingi,Hyderabad,"3 BHK Flat for Sale in Narsingi, Hyderabad",30500000.0,2660.0,11466.16541353383,5,3,Apartment,,,
Narsingi,Hyderabad,"3 BHK Flat for Sale in Narsingi, Hyderabad",26500000.0,2335.0,11349.03640256959,3,3,Apartment,,,
Narsingi,Hyderabad,"3 BHK Flat for Sale in Narsingi, Hyderabad",33000000.0,2660.0,12406.01503759398,5,3,Apartment,,,
Narsingi,Hyderabad,"3 BHK Flat for Sale in Narsingi, Hyderabad",18500000.0,1765.0,10481.58640226629,3,3,Apartment,,,
Nizampet,Hyderabad,"2 BHK Flat for Sale in Nizampet, Hyderabad",7200000.0,1025.0,7024.390243902439,2,2,Apartment,,,
Nizampet,Hyderabad,3 BHK 2350 Sq. Ft. Apartment,28200000.0,2350.0,12000.0,3,3,Apartment,,,
Nizampet,Hyderabad,3 BHK 2650 Sq. Ft. Apartment,31800000.0,2650.0,12000.0,3,4,Apartment,,,
Nizampet,Hyderabad,4 BHK 2800 Sq. Ft. Apartment,33600000.0,2800.0,12000.0,4,4,Apartment,,,
Nizampet,Hyderabad,4 BHK 3600 Sq. Ft. Apartment,43200000.0,3600.0,12000.0,4,4,Apartment,,,
"Nizampet, Hyderabad",Hyderabad,"3 BHK Flat for Sale in Nizampet, Hyderabad",10000000.0,1900.0,5263.157894736843,3,3,Apartment,,,
"Nizampet, Hyderabad",Hyderabad,"3 BHK Flat for Sale in Nizampet, Hyderabad",13000000.0,1810.0,7182.32044198895,3,3,Apartment,,,
Nizampet,Hyderabad,"3 BHK Flat for Sale in Nizampet, Hyderabad",15400000.0,2088.0,7375.478927203065,3,3,Apartment,,,
Nizampet,Hyderabad,3 BHK 2850 Sq. Ft. Apartment,29900000.0,2850.0,10491.22807017544,3,4,Apartment,,,
Nizampet,Hyderabad,4 BHK 3303 Sq. Ft. Apartment,34700000.0,3303.0,10505.60096881623,4,4,Apartment,,,
Nizampet,Hyderabad,4 BHK 3850 Sq. Ft. Apartment,40400000.0,3850.0,10493.50649350649,4,4,Apartment,,,
Nizampet,Hyderabad,"— MADHU, Real estate agent",28393436.88031823,2082.34965034965,13635.28784685638,3,3,Apartment,,,
Nizampet,Hyderabad,,28393436.88031823,2082.34965034965,13635.28784685638,3,3,Apartment,,,
Nizampet,Hyderabad,"3 BHK Flat for Sale in Nizampet, Hyderabad",18500000.0,1803.0,10260.67665002773,3,3,Apartment,,,
"Nizampet, Hyderabad",Hyderabad,"Plot for Sale in Nizampet, Hyderabad",34000000.0,400.0,85000.0,2,3,Apartment,,,
Nizampet,Hyderabad,"3 BHK Flat for Sale in Nizampet, Hyderabad",11800000.0,1610.0,7329.192546583851,3,3,Apartment,,,
Nizampet,Hyderabad,3 BHK 2180 Sq. Ft. Apartment,20900000.0,2180.0,9587.155963302752,3,4,Apartment,,,
Nizampet,Hyderabad,3 BHK 1750 Sq. Ft. Apartment,16800000.0,1750.0,9600.0,3,3,Apartment,,,
Nizampet,Hyderabad,4 BHK 3020 Sq. Ft. Apartment,29000000.0,3020.0,9602.649006622516,4,4,Apartment,,,
Nizampet,Hyderabad,"2 BHK Flat for Sale in Nizampet, Hyderabad",6820000.0,1100.0,6200.0,2,2,Apartment,,,
Nizampet,Hyderabad,"2 BHK Flat for Sale in Nizampet, Hyderabad",5800000.0,900.0,6444.444444444444,2,2,Apartment,,,
Nizampet,Hyderabad,"3 BHK Flat for Sale in Nizampet, Hyderabad",18100000.0,2476.0,7310.177705977383,3,3,Apartment,,,
Nizampet,Hyderabad,3 BHK 2003 Sq. Ft. Apartment,23000000.0,2003.0,11482.77583624563,3,3,Apartment,,,
Nizampet,Hyderabad,3 BHK 2870 Sq. Ft. Apartment,33000000.0,2870.0,11498.25783972126,3,4,Apartment,,,
Nizampet,Hyderabad,4 BHK 3500 Sq. Ft. Apartment,40300000.0,3500.0,11514.28571428571,4,4,Apartment,,,
Nizampet,Hyderabad,4 BHK 4037 Sq. Ft. Apartment,46400000.0,4037.0,11493.68342828833,4,4,Apartment,,,
"Nizampet, Hyderabad",Hyderabad,"3 BHK Flat for Sale in Nizampet, Hyderabad",8955000.0,1390.0,6442.446043165468,3,3,Apartment,,,
"Nizampet, Hyderabad",Hyderabad,"3 BHK Flat for Sale in Nizampet, Hyderabad",13000000.0,1648.0,7888.349514563107,3,3,Apartment,,,
Nizampet,Hyderabad,"3 BHK Villa for Sale in Nizampet, Hyderabad",25500000.0,180.0,141666.6666666667,5,4,Villa,,,
Nizampet,Hyderabad,3 BHK 1796 Sq. Ft. Apartment,18000000.0,1796.0,10022.27171492205,3,2,Apartment,,,
Nizampet,Hyderabad,3 BHK 2124 Sq. Ft. Apartment,21200000.0,2124.0,9981.167608286252,3,4,Apartment,,,
Nizampet,Hyderabad,4 BHK 2708 Sq. Ft. Apartment,27100000.0,2708.0,10007.38552437223,4,3,Apartment,,,
"Nizampet, Hyderabad",Hyderabad,"4 BHK Villa for Sale in Nizampet, Hyderabad",32000000.0,3200.0,10000.0,4,4,Villa,,,
"Nizampet, Hyderabad",Hyderabad,"6+ BHK House for Sale in Nizampet, Hyderabad",33500000.0,4800.0,6979.166666666667,5,6,House,,,
"Nizampet, Hyderabad",Hyderabad,"2 BHK Builder Floor for Sale in Nizampet, Hyderabad",31000000.0,176.0,176136.3636363636,5,2,Apartment,,,
Nizampet,Hyderabad,2 BHK 1296 Sq. Ft. Apartment,11300000.0,1296.0,8719.135802469134,2,2,Apartment,,,
Nizampet,Hyderabad,2 BHK 1340 Sq. Ft. Apartment,11700000.0,1340.0,8731.34328358209,2,2,Apartment,,,
Nizampet,Hyderabad,3 BHK 1909 Sq. Ft. Apartment,16700000.0,1909.0,8748.035620743845,3,3,Apartment,,,
Nizampet,Hyderabad,3 BHK 2044 Sq. Ft. Apartment,17900000.0,2044.0,8757.3385518591,3,3,Apartment,,,
Nizampet,Hyderabad,"3 BHK Flat for Sale in Nizampet, Hyderabad",6997000.0,1555.0,4499.67845659164,3,2,Apartment,,,
Nizampet,Hyderabad,"4 BHK Flat for Sale in Nizampet, Hyderabad",37000000.0,4600.0,8043.478260869565,5,4,Apartment,,,
Nizampet,Hyderabad,"2 BHK Flat for Sale in Nizampet, Hyderabad",7500000.0,1150.0,6521.739130434783,3,2,House,,,
Nizampet,Hyderabad,3 BHK 1601 Sq. Ft. Apartment,15200000.0,1601.0,9494.066208619612,3,3,Apartment,,,
Nizampet,Hyderabad,3 BHK 2656 Sq. Ft. Apartment,25200000.0,2656.0,9487.951807228916,3,4,Apartment,,,
Nizampet,Hyderabad,3 BHK 2064 Sq. Ft. Apartment,19600000.0,2064.0,9496.124031007752,3,3,Apartment,,,
Nizampet,Hyderabad,3 BHK 1537 Sq. Ft. Apartment,14600000.0,1537.0,9499.024072869226,3,3,Apartment,,,
Old,Hyderabad,"Plot for Sale in Old Bowenpally, Hyderabad",25700000.0,130.0,197692.3076923077,5,2,Villa,,,
"Old Bowenpally, Hyderabad",Hyderabad,"Plot for Sale in Old Bowenpally, Hyderabad",25700000.0,130.0,197692.3076923077,5,3,Apartment,,,
Old Bowenpally,Hyderabad,"2 BHK Flat for Sale in Old Bowenpally, Hyderabad",222800000.0,1475.0,174985.4915254237,3,2,Apartment,,,
"Old Bowenpally, Hyderabad",Hyderabad,"Plot for Sale in Old Bowenpally, Hyderabad",25700000.0,132.0,194696.9696969697,5,3,Apartment,,,
Old Bowenpally,Hyderabad,,28393436.88031823,2082.34965034965,13635.28784685638,3,3,Apartment,,,
"Old Bowenpally, Hyderabad",Hyderabad,"Plot for Sale in Old Bowenpally, Hyderabad",17200000.0,230.0,74782.60869565218,5,3,Apartment,,,
"Old Bowenpally, Hyderabad",Hyderabad,"Plot for Sale in Old Bowenpally, Hyderabad",25200000.0,336.0,75000.0,3,3,Apartment,,,
"Old Bowenpally, Hyderabad",Hyderabad,"3 BHK Flat for Sale in Old Bowenpally, Hyderabad",9360000.0,1560.0,6000.0,3,3,Apartment,,,
"Old Bowenpally, Hyderabad",Hyderabad,"Plot for Sale in Old Bowenpally, Hyderabad",25000000.0,250.0,100000.0,5,5,Apartment,,,
"Old Bowenpally, Hyderabad",Hyderabad,"4 BHK House for Sale in Old Bowenpally, Hyderabad",45000000.0,2800.0,16071.42857142857,6,4,House,,,
Old_Bowenpally,Hyderabad,"3 BHK Flat for Sale in Bowenpally, Hyderabad",7175000.0,1250.0,5740.0,3,2,Villa,,,
Old Bowenpally,Hyderabad,"2 BHK Flat for Sale in Bowenpally, Hyderabad",5600000.0,970.0,5773.19587628866,2,2,Apartment,,,
"Hasmathpet, Hyderabad",Hyderabad,"Plot for Sale in Hasmathpet, Hyderabad",3000000.0,282.0,10638.29787234042,2,2,Apartment,,,
"Hasmathpet, Hyderabad",Hyderabad,"3 BHK House for Sale in Hasmathpet, Hyderabad",26000000.0,4000.0,6500.0,3,3,House,,,
Old Bowenpally,Hyderabad,"Plot for Sale in Hasmathpet, Hyderabad",2700000.0,245.4,11002.44498777506,2,2,Apartment,,,
"Bowenpally, Hyderabad",Hyderabad,"6 BHK House for Sale in Bowenpally, Hyderabad",15000000.0,150.0,100000.0,5,4,House,,,
"Bowenpally, Hyderabad",Hyderabad,"3 BHK Villa for Sale in Bowenpally, Hyderabad",9500000.0,1275.0,7450.980392156863,2,2,Villa,,,
"Bowenpally, Hyderabad",Hyderabad,"3 BHK Flat for Sale in Bowenpally, Hyderabad",8000000.0,1390.0,5755.395683453237,3,1,Apartment,,,
Patancheru,Hyderabad,"4 BHK Villa for Sale in Patancheru, Hyderabad",25000000.0,2400.0,10416.66666666667,3,4,Villa,,,
"Patancheru, Hyderabad",Hyderabad,"3 BHK Villa for Sale in Patancheru, Hyderabad",15100000.0,2060.0,7330.097087378641,3,3,Villa,,,
Patancheru,Hyderabad,"3 BHK Villa for Sale in Patancheru, Hyderabad",15100000.0,2060.0,7330.097087378641,3,4,Apartment,,,
Patancheru,Hyderabad,"3 BHK Villa for Sale in Patancheru, Hyderabad",15000000.0,2060.0,7281.553398058252,3,3,Apartment,,,
Patancheru,Hyderabad,"3 BHK Villa for Sale in Patancheru, Hyderabad",15500000.0,2036.0,7612.966601178782,3,4,Apartment,,,
"Patancheru, Hyderabad",Hyderabad,"Plot for Sale in Patancheru, Hyderabad",7440000.000000001,155.0,48000.00000000001,5,3,Apartment,,,
Patancheru,Hyderabad,,28393436.88031823,2082.34965034965,13635.28784685638,3,3,Apartment,,,
"Patancheru, Hyderabad",Hyderabad,"2 BHK Flat for Sale in Patancheru, Hyderabad",5000000.0,1000.0,5000.0,2,2,Apartment,,,
"Patancheru, Hyderabad",Hyderabad,"3 BHK Villa for Sale in Patancheru, Hyderabad",15500000.0,2036.0,7612.966601178782,3,3,Villa,,,
"Patancheru, Hyderabad",Hyderabad,"3 BHK Villa for Sale in Patancheru, Hyderabad",15000000.0,2060.0,7281.553398058252,3,3,Villa,,,
"Patancheru, Hyderabad",Hyderabad,"3 BHK Villa for Sale in Patancheru, Hyderabad",13500000.0,1800.0,7500.0,3,3,Villa,,,
"Patancheru Shankarpalli Road, Hyderabad",Hyderabad,"Plot for Sale in Peeranchuruvu, Hyderabad",6600000.0,150.0,44000.0,5,3,Villa,,,
Patancheru,Hyderabad,"Plot for Sale in Peeranchuruvu, Hyderabad",6600000.0,150.0,44000.0,5,3,Apartment,,,
Patancheru,Hyderabad,"3 BHK Flat for Sale in Peeranchuruvu, Hyderabad",8500000.0,1369.0,6208.91161431702,2,3,Apartment,,,
Patancheru,Hyderabad,"2 BHK Flat for Sale in Peeranchuruvu, Hyderabad",6500000.0,1110.0,5855.855855855856,2,2,Apartment,,,
Patancheru,Hyderabad,"3 BHK Flat for Sale in Peeranchuruvu, Hyderabad",6600000.0,1101.0,5994.550408719346,3,2,Apartment,,,
Patancheru,Hyderabad,"2 BHK Flat for Sale in Peeranchuruvu, Hyderabad",6500000.0,1101.0,5903.723887375114,3,2,Apartment,,,
Patancheru,Hyderabad,"2 BHK Flat for Sale in Peeranchuruvu, Hyderabad",8400000.0,1101.0,7629.427792915531,3,2,Apartment,,,
"Patancheru Shankarpalli Road, Hyderabad",Hyderabad,"2 BHK Flat for Sale in Patancheru Shankarpalli Road, Hyderabad",4500000.0,1000.0,4500.0,2,2,Apartment,,,
"Patancheru Shankarpalli Road, Hyderabad",Hyderabad,"Plot for Sale in Patancheru Shankarpalli Road, Hyderabad",2662000.0,242.0,11000.0,5,3,Apartment,,,
"Hi Tech City, Hyderabad",Hyderabad,"Studio Villa for Sale in Hi Tech City, Hyderabad",4900000.0,600.0,8166.666666666667,1,1,Villa,,,
"Patancheru Shankarpalli Road, Hyderabad",Hyderabad,"4 BHK Villa for Sale in Patancheru Shankarpalli Road, Hyderabad",28000000.0,183.0,153005.4644808743,5,4,Villa,,,
"Patancheru Shankarpalli Road, Hyderabad",Hyderabad,"4 BHK Villa for Sale in Patancheru Shankarpalli Road, Hyderabad",16000000.0,1930.0,8290.155440414508,3,4,Villa,,,
"Patancheru Shankarpalli Road, Hyderabad",Hyderabad,"2 BHK Flat for Sale in Patancheru Shankarpalli Road, Hyderabad",3829000.0,725.0,5281.379310344828,4,2,Apartment,,,
Patancheru,Hyderabad,"2 BHK Flat for Sale in Patancheru Shankarpalli Road, Hyderabad",4500000.0,1008.0,4464.285714285715,2,2,Apartment,,,
"Patancheru Shankarpalli Road, Hyderabad",Hyderabad,"4 BHK Villa for Sale in Patancheru Shankarpalli Road, Hyderabad",20200000.0,2400.0,8416.666666666666,3,4,Villa,,,
"Patancheru Shankarpalli Road, Hyderabad",Hyderabad,"6+ BHK House for Sale in Patancheru Shankarpalli Road, Hyderabad",27000000.0,5000.0,5400.0,5,6,House,,,
"Patancheru Shankarpalli Road, Hyderabad",Hyderabad,"3 BHK Villa for Sale in Patancheru Shankarpalli Road, Hyderabad",14000000.0,2511.0,5575.467941059339,3,3,Villa,,,
Peerzadiguda,Hyderabad,"2 BHK Flat for Sale in Peerzadiguda, Hyderabad",7500000.0,1300.0,5769.23076923077,3,2,Apartment,,,
Peerzadiguda,Hyderabad,3 BHK 1635 Sq. Ft. Apartment,9810000.0,1635.0,6000.0,3,3,Apartment,,,
Peerzadiguda,Hyderabad,3 BHK 2435 Sq. Ft. Apartment,14600000.0,2435.0,5995.893223819302,3,3,Apartment,,,
"Peerzadiguda, Hyderabad",Hyderabad,"Plot for Sale in Peerzadiguda, Hyderabad",12000000.0,200.0,60000.0,5,3,Apartment,,,
Peerzadiguda,Hyderabad,"3 BHK Flat for Sale in Peerzadiguda, Hyderabad",10400000.0,1820.0,5714.285714285715,3,3,Apartment,,,
Peerzadiguda,Hyderabad,2 BHK 1310 Sq. Ft. Apartment,11100000.0,1310.0,8473.282442748094,2,2,Apartment,,,
Peerzadiguda,Hyderabad,3 BHK 1505 Sq. Ft. Apartment,14300000.0,1505.0,9501.661129568109,3,3,Apartment,,,
Peerzadiguda,Hyderabad,3 BHK 1860 Sq. Ft. Apartment,17700000.0,1860.0,9516.129032258064,3,3,Apartment,,,
Peerzadiguda,Hyderabad,,28393436.88031823,2082.34965034965,13635.28784685638,3,3,Apartment,,,
"Peerzadiguda, Hyderabad",Hyderabad,"6 BHK House for Sale in Peerzadiguda, Hyderabad",14000000.0,2500.0,5600.0,3,2,House,,,
Peerzadiguda,Hyderabad,"3 BHK Flat for Sale in Peerzadiguda, Hyderabad",7200000.0,1500.0,4800.0,3,3,Apartment,,,
Peerzadiguda,Hyderabad,3 BHK 1265 Sq. Ft. Apartment,6958000.0,1265.0,5500.395256916996,3,2,Apartment,,,
Peerzadiguda,Hyderabad,3 BHK 1825 Sq. Ft. Apartment,10000000.0,1825.0,5479.45205479452,3,3,Apartment,,,
"Peerzadiguda, Hyderabad",Hyderabad,"Plot for Sale in Peerzadiguda, Hyderabad",8400000.0,167.0,50299.40119760479,5,3,Apartment,,,
Peerzadiguda,Hyderabad,"2 BHK Flat for Sale in Peerzadiguda, Hyderabad",5568000.0,1160.0,4800.0,2,2,Apartment,,,
Peerzadiguda,Hyderabad,2 BHK 1210 Sq. Ft. Apartment,6895999.999999999,1210.0,5699.173553719008,2,2,Apartment,,,
Peerzadiguda,Hyderabad,3 BHK 1475 Sq. Ft. Apartment,8406000.0,1475.0,5698.983050847458,3,3,Apartment,,,
"Peerzadiguda, Hyderabad",Hyderabad,"2 BHK House for Sale in Peerzadiguda, Hyderabad",9800000.0,850.0,11529.41176470588,2,2,House,,,
Peerzadiguda,Hyderabad,"2 BHK Flat for Sale in Peerzadiguda, Hyderabad",5798000.0,1160.0,4998.275862068966,2,2,Apartment,,,
Peerzadiguda,Hyderabad,"2 BHK Flat for Sale in Peerzadiguda, Hyderabad",6000000.0,1160.0,5172.413793103448,2,2,Apartment,,,
"Peerzadiguda, Hyderabad",Hyderabad,"3 BHK Flat for Sale in Peerzadiguda, Hyderabad",9200000.0,2035.0,4520.88452088452,3,3,Apartment,,,
"Narepally, Hyderabad",Hyderabad,"3 BHK House for Sale in Narepally, Hyderabad",9600000.0,110.0,87272.72727272728,5,3,House,,,
"Narepally, Hyderabad",Hyderabad,"3 BHK Flat for Sale in Narepally, Hyderabad",7559999.999999999,1575.0,4799.999999999999,3,3,Apartment,,,
Peerzadiguda,Hyderabad,"Land for Sale in Bhongiri Warangal Highway, Hyderabad",2600000.0,200.0,13000.0,5,3,Apartment,,,
"Kondamadugu, Hyderabad",Hyderabad,"Plot for Sale in Kondamadugu, Hyderabad",3738000.000000001,267.0,14000.0,5,3,Apartment,,,
Peerzadiguda,Hyderabad,"3 BHK Flat for Sale in Narepally, Hyderabad",11400000.0,1905.0,5984.251968503936,3,3,Apartment,,,
Peerzadiguda,Hyderabad,"2 BHK Flat for Sale in Narepally, Hyderabad",8338000.0,1390.0,5998.561151079137,3,2,Apartment,,,
Peerzadiguda,Hyderabad,"2 BHK Flat for Sale in Narepally, Hyderabad",8993000.0,1378.0,6526.124818577649,3,2,Apartment,,,
"Medipalli, Hyderabad",Hyderabad,"Plot for Sale in Medipalli, Hyderabad",16800000.0,240.0,70000.0,5,4,Apartment,,,
"Medipalli, Hyderabad",Hyderabad,"3 BHK House for Sale in Medipalli, Hyderabad",17600000.0,163.0,107975.4601226994,5,4,House,,,
"Medipalli, Hyderabad",Hyderabad,"3 BHK House for Sale in Medipalli, Hyderabad",19000000.0,200.0,95000.0,5,2,House,,,
"Medipalli, Hyderabad",Hyderabad,"3 BHK Flat for Sale in Medipalli, Hyderabad",7900000.0,1500.0,5266.666666666667,3,3,Apartment,,,
"Medipalli, Hyderabad",Hyderabad,"2 BHK House for Sale in Medipalli, Hyderabad",8500000.0,120.0,70833.33333333333,5,2,House,,,
"Medipalli, Hyderabad",Hyderabad,"Plot for Sale in Medipalli, Hyderabad",11500000.0,150.0,76666.66666666667,5,4,Apartment,,,
Pocharam,Hyderabad,"3 BHK Flat for Sale in Pocharam, Hyderabad",6300000.0,1660.0,3795.180722891566,3,3,Apartment,,,
Pocharam,Hyderabad,3 BHK 1265 Sq. Ft. Apartment,6958000.0,1265.0,5500.395256916996,3,2,Apartment,,,
Pocharam,Hyderabad,3 BHK 1825 Sq. Ft. Apartment,10000000.0,1825.0,5479.45205479452,3,3,Apartment,,,
"Pocharam, Hyderabad",Hyderabad,"2 BHK Flat for Sale in Pocharam, Hyderabad",7800000.0,1200.0,6500.0,2,2,Apartment,,,
Pocharam,Hyderabad,"2.5 BHK Villa for Sale in Pocharam, Hyderabad",25000000.0,200.0,125000.0,5,4,Villa,,,
Pocharam,Hyderabad,2 BHK 1210 Sq. Ft. Apartment,6895999.999999999,1210.0,5699.173553719008,2,2,Apartment,,,
Pocharam,Hyderabad,3 BHK 1475 Sq. Ft. Apartment,8406000.0,1475.0,5698.983050847458,3,3,Apartment,,,
Pocharam,Hyderabad,,28393436.88031823,2082.34965034965,13635.28784685638,3,3,Apartment,,,
Pocharam,Hyderabad,"2 BHK Flat for Sale in Pocharam, Hyderabad",6800000.0,1230.0,5528.455284552845,3,2,Apartment,,,
Pocharam,Hyderabad,"3 BHK Villa for Sale in Pocharam, Hyderabad",24300000.0,2000.0,12150.0,3,3,Villa,,,
Pocharam,Hyderabad,2 BHK 1310 Sq. Ft. Apartment,11100000.0,1310.0,8473.282442748094,2,2,Apartment,,,
Pocharam,Hyderabad,3 BHK 1505 Sq. Ft. Apartment,14300000.0,1505.0,9501.661129568109,3,3,Apartment,,,
Pocharam,Hyderabad,3 BHK 1860 Sq. Ft. Apartment,17700000.0,1860.0,9516.129032258064,3,3,Apartment,,,
Pocharam,Hyderabad,"2.5 BHK Villa for Sale in Pocharam, Hyderabad",20000000.0,1100.0,18181.81818181818,2,2,Villa,,,
"Pocharam, Hyderabad",Hyderabad,"Plot for Sale in Pocharam, Hyderabad",750000.0,100.0,7500.0,5,3,Apartment,,,
Pocharam,Hyderabad,3 BHK 1635 Sq. Ft. Apartment,9810000.0,1635.0,6000.0,3,3,Apartment,,,
Pocharam,Hyderabad,3 BHK 2435 Sq. Ft. Apartment,14600000.0,2435.0,5995.893223819302,3,3,Apartment,,,
Pocharam,Hyderabad,"4 BHK Villa for Sale in Pocharam, Hyderabad",32000000.0,3585.0,8926.08089260809,3,4,Villa,,,
"Pocharam, Hyderabad",Hyderabad,"3 BHK Flat for Sale in Pocharam, Hyderabad",5500000.0,1365.0,4029.304029304029,2,4,Apartment,,,
"Pocharam, Hyderabad",Hyderabad,"Plot for Sale in Pocharam, Hyderabad",7300000.0,245.0,29795.91836734693,5,3,Apartment,,,
"Pocharam, Hyderabad",Hyderabad,"Plot for Sale in Pocharam, Hyderabad",45000000.0,2933.0,15342.65257415616,6,4,Apartment,,,
Pragathi_Nagar,Hyderabad,"3 BHK Flat for Sale in Pragathi Nagar, Hyderabad",27000000.0,138.0,195652.1739130435,5,3,Apartment,,,
Pragathi Nagar,Hyderabad,3 BHK 2350 Sq. Ft. Apartment,28200000.0,2350.0,12000.0,3,3,Apartment,,,
Pragathi Nagar,Hyderabad,3 BHK 2650 Sq. Ft. Apartment,31800000.0,2650.0,12000.0,3,4,Apartment,,,
Pragathi Nagar,Hyderabad,4 BHK 2800 Sq. Ft. Apartment,33600000.0,2800.0,12000.0,4,4,Apartment,,,
Pragathi Nagar,Hyderabad,4 BHK 3600 Sq. Ft. Apartment,43200000.0,3600.0,12000.0,4,4,Apartment,,,
"Pragathi Nagar, Hyderabad",Hyderabad,"2 BHK Flat for Sale in Pragathi Nagar, Hyderabad",8662000.0,1155.0,7499.5670995671,2,2,Apartment,,,
"Pragathi Nagar, Hyderabad",Hyderabad,"Plot for Sale in Pragathi Nagar, Hyderabad",16400000.0,183.0,89617.48633879781,5,3,Apartment,,,
Pragathi Nagar,Hyderabad,3 BHK 2850 Sq. Ft. Apartment,29900000.0,2850.0,10491.22807017544,3,4,Apartment,,,
Pragathi Nagar,Hyderabad,4 BHK 3303 Sq. Ft. Apartment,34700000.0,3303.0,10505.60096881623,4,4,Apartment,,,
Pragathi Nagar,Hyderabad,4 BHK 3850 Sq. Ft. Apartment,40400000.0,3850.0,10493.50649350649,4,4,Apartment,,,
Know More About Pragathi Nagar,Hyderabad,"— Kaishori Jain, Former resident",28393436.88031823,2082.34965034965,13635.28784685638,3,3,Apartment,,,
Pragathi Nagar,Hyderabad,,28393436.88031823,2082.34965034965,13635.28784685638,3,3,Apartment,,,
"Pragathi Nagar, Hyderabad",Hyderabad,"2 BHK Flat for Sale in Pragathi Nagar, Hyderabad",7800000.0,1110.0,7027.027027027027,2,2,Apartment,,,
Pragathi Nagar,Hyderabad,3 BHK 2180 Sq. Ft. Apartment,20900000.0,2180.0,9587.155963302752,3,4,Apartment,,,
Pragathi Nagar,Hyderabad,3 BHK 1750 Sq. Ft. Apartment,16800000.0,1750.0,9600.0,3,3,Apartment,,,
Pragathi Nagar,Hyderabad,4 BHK 3020 Sq. Ft. Apartment,29000000.0,3020.0,9602.649006622516,4,4,Apartment,,,
Pragathi Nagar,Hyderabad,"3 BHK Builder Floor for Sale in Pragathi Nagar, Hyderabad",15000000.0,1900.0,7894.736842105263,3,2,Apartment,,,
Pragathi Nagar,Hyderabad,"2 BHK Flat for Sale in Pragathi Nagar, Hyderabad",7301000.000000001,1110.0,6577.477477477479,2,2,Apartment,,,
Pragathi Nagar,Hyderabad,3 BHK 2003 Sq. Ft. Apartment,23000000.0,2003.0,11482.77583624563,3,3,Apartment,,,
Pragathi Nagar,Hyderabad,3 BHK 2870 Sq. Ft. Apartment,33000000.0,2870.0,11498.25783972126,3,4,Apartment,,,
Pragathi Nagar,Hyderabad,4 BHK 3500 Sq. Ft. Apartment,40300000.0,3500.0,11514.28571428571,4,4,Apartment,,,
Pragathi Nagar,Hyderabad,4 BHK 4037 Sq. Ft. Apartment,46400000.0,4037.0,11493.68342828833,4,4,Apartment,,,
Pragathi Nagar,Hyderabad,"2 BHK Flat for Sale in Pragathi Nagar, Hyderabad",11500000.0,1460.0,7876.712328767123,3,2,Apartment,,,
"Pragathi Nagar, Hyderabad",Hyderabad,"6+ BHK House for Sale in Pragathi Nagar, Hyderabad",26300000.0,186.0,141397.8494623656,5,6,House,,,
Pragathi Nagar,Hyderabad,3 BHK 1796 Sq. Ft. Apartment,18000000.0,1796.0,10022.27171492205,3,2,Apartment,,,
Pragathi Nagar,Hyderabad,3 BHK 2124 Sq. Ft. Apartment,21200000.0,2124.0,9981.167608286252,3,4,Apartment,,,
Pragathi Nagar,Hyderabad,4 BHK 2708 Sq. Ft. Apartment,27100000.0,2708.0,10007.38552437223,4,3,Apartment,,,
"Pragathi Nagar, Hyderabad",Hyderabad,"Plot for Sale in Pragathi Nagar, Hyderabad",26700000.0,267.0,100000.0,5,3,Apartment,,,
"Pragathi Nagar, Hyderabad",Hyderabad,"2 BHK Flat for Sale in Pragathi Nagar, Hyderabad",8900000.0,1260.0,7063.492063492064,2,2,Apartment,,,
Pragathi Nagar,Hyderabad,2 BHK 1296 Sq. Ft. Apartment,11300000.0,1296.0,8719.135802469134,2,2,Apartment,,,
Pragathi Nagar,Hyderabad,2 BHK 1340 Sq. Ft. Apartment,11700000.0,1340.0,8731.34328358209,2,2,Apartment,,,
Pragathi Nagar,Hyderabad,3 BHK 1909 Sq. Ft. Apartment,16700000.0,1909.0,8748.035620743845,3,3,Apartment,,,
Pragathi Nagar,Hyderabad,3 BHK 2044 Sq. Ft. Apartment,17900000.0,2044.0,8757.3385518591,3,3,Apartment,,,
"Pragathi Nagar, Hyderabad",Hyderabad,"2 BHK Flat for Sale in Pragathi Nagar, Hyderabad",8500000.0,1400.0,6071.428571428572,3,1,Apartment,,,
"Pragathi Nagar, Hyderabad",Hyderabad,"2 BHK Flat for Sale in Pragathi Nagar, Hyderabad",5000000.0,950.0,5263.157894736843,2,2,Apartment,,,
Pragathi Nagar,Hyderabad,3 BHK 1601 Sq. Ft. Apartment,15200000.0,1601.0,9494.066208619612,3,3,Apartment,,,
Pragathi Nagar,Hyderabad,3 BHK 2656 Sq. Ft. Apartment,25200000.0,2656.0,9487.951807228916,3,4,Apartment,,,
Pragathi Nagar,Hyderabad,3 BHK 2064 Sq. Ft. Apartment,19600000.0,2064.0,9496.124031007752,3,3,Apartment,,,
Pragathi Nagar,Hyderabad,3 BHK 1537 Sq. Ft. Apartment,14600000.0,1537.0,9499.024072869226,3,3,Apartment,,,
"Pragathi Nagar, Hyderabad",Hyderabad,"2 BHK Flat for Sale in Pragathi Nagar, Hyderabad",10100000.0,1698.0,5948.174322732627,3,1,Apartment,,,
Pragathi Nagar,Hyderabad,"3 BHK Flat for Sale in Pragathi Nagar, Hyderabad",10200000.0,1530.0,6666.666666666667,3,3,Apartment,,,
Qutubullapur,Hyderabad,"4 BHK Villa for Sale in Suchitra, Hyderabad",13000000.0,2675.0,4859.813084112149,5,4,Villa,,,
"Suchitra, Hyderabad",Hyderabad,"3 BHK Flat for Sale in Suchitra, Hyderabad",7000000.0,2000.0,3500.0,3,3,Apartment,,,
"Suchitra, Hyderabad",Hyderabad,"6+ BHK House for Sale in Suchitra, Hyderabad",25000000.0,150.0,166666.6666666667,5,6,House,,,
"Suchitra, Hyderabad",Hyderabad,"2 BHK Flat for Sale in Suchitra, Hyderabad",9114000.0,1519.0,6000.0,3,2,Apartment,,,
Quthbullapur,Hyderabad,,28393436.88031823,2082.34965034965,13635.28784685638,3,3,Apartment,,,
"Suchitra, Hyderabad",Hyderabad,"5 BHK Villa for Sale in Suchitra, Hyderabad",80000000.0,330.0,242424.2424242424,3,6,Villa,,,
"Qutubullapur, Hyderabad",Hyderabad,"2 BHK Builder Floor for Sale in Qutubullapur, Hyderabad",4900000.0,780.0,6282.051282051282,4,2,Apartment,,,
"Suchitra, Hyderabad",Hyderabad,"3 BHK Flat for Sale in Suchitra, Hyderabad",12000000.0,1900.0,6315.789473684211,3,3,Apartment,,,
"Qutubullapur, Hyderabad",Hyderabad,"Land for Sale in Qutubullapur, Hyderabad",7000000.0,847.0,8264.462809917355,2,2,Apartment,,,
"Suchitra, Hyderabad",Hyderabad,"2 BHK Flat for Sale in Suchitra, Hyderabad",8000000.0,1285.0,6225.68093385214,2,2,Apartment,,,
"Suchitra, Hyderabad",Hyderabad,"3 BHK Flat for Sale in Suchitra, Hyderabad",12500000.0,1890.0,6613.756613756614,3,1,Apartment,,,
"Suchitra, Hyderabad",Hyderabad,"2 BHK Flat for Sale in Suchitra, Hyderabad",5500000.0,1200.0,4583.333333333333,2,2,Apartment,,,
"Qutubullapur, Hyderabad",Hyderabad,"5 BHK House for Sale in Qutubullapur, Hyderabad",20000000.0,3000.0,6666.666666666667,4,4,House,,,
Quthbullapur,Hyderabad,"2 BHK Flat for Sale in Qutubullapur, Hyderabad",4900000.0,950.0,5157.894736842105,2,2,Apartment,,,
Quthbullapur,Hyderabad,"3 BHK Flat for Sale in Suchitra, Hyderabad",12200000.0,1970.0,6192.893401015229,3,4,Apartment,,,
Ram,Hyderabad,"5 BHK Flat for Sale in Ram Nagar, Hyderabad",39000000.0,300.0,130000.0,5,3,Apartment,,,
Ram Nagar,Hyderabad,3 BHK 2025 Sq. Ft. Apartment,24100000.0,2025.0,11901.23456790123,3,3,Apartment,,,
Ram Nagar,Hyderabad,3 BHK 1868 Sq. Ft. Apartment,21000000.0,1868.0,11241.97002141328,3,3,Apartment,,,
Ram Nagar,Hyderabad,4 BHK 2530 Sq. Ft. Apartment,28500000.0,2530.0,11264.82213438735,4,3,Apartment,,,
Ram Nagar,Hyderabad,4 BHK 2635 Sq. Ft. Apartment,31500000.0,2635.0,11954.45920303605,4,4,Apartment,,,
"Vidyanagar, Hyderabad",Hyderabad,"6+ BHK House for Sale in Vidyanagar, Hyderabad",39000000.0,266.0,146616.5413533835,5,3,Apartment,,,
Ram Nagar,Hyderabad,"3 BHK Flat for Sale in Zamistanpur, Hyderabad",19900000.0,2636.0,7549.317147192716,5,4,Apartment,,,
Ram Nagar,Hyderabad,"2 BHK Flat for Sale in Padmarao Nagar, Hyderabad",6700000.0,1250.0,5360.0,3,2,Apartment,,,
Ram Nagar,Hyderabad,"2 BHK Flat for Sale in Sitaphalmandi, Hyderabad",6500000.0,1100.0,5909.090909090909,2,2,Apartment,,,
Ram Nagar,Hyderabad,"Plot for Sale in Warasiguda, Hyderabad",4800000.0,1062.4,4518.072289156627,2,2,Apartment,,,
"Musheerabad, Hyderabad",Hyderabad,"3 BHK Flat for Sale in Musheerabad, Hyderabad",12000000.0,8000.0,1500.0,4,3,Apartment,,,
Ram Nagar,Hyderabad,"2 BHK Flat for Sale in Srinivasa Nagar, Hyderabad",6000000.0,1300.0,4615.384615384615,3,2,Apartment,,,
Ram Nagar,Hyderabad,"3 BHK Flat for Sale in New Nallakunta, Hyderabad",6600000.0,1500.0,4400.0,3,3,Apartment,,,
"New Nallakunta, Hyderabad",Hyderabad,"3 BHK Flat for Sale in New Nallakunta, Hyderabad",7500000.0,1350.0,5555.555555555556,3,3,Apartment,,,
"Padmarao Nagar, Hyderabad",Hyderabad,"3 BHK Flat for Sale in Padmarao Nagar, Hyderabad",13900000.0,1550.0,8967.74193548387,3,3,Apartment,,,
"Padmarao Nagar, Hyderabad",Hyderabad,"3 BHK Flat for Sale in Padmarao Nagar, Hyderabad",18400000.0,1850.0,9945.945945945949,3,2,Apartment,,,
Red,Hyderabad,"3 BHK Flat for Sale in Red Hills, Hyderabad",15500000.0,1640.0,9451.219512195124,3,2,Apartment,,,
Red Hills,Hyderabad,3 BHK 2025 Sq. Ft. Apartment,24100000.0,2025.0,11901.23456790123,3,3,Apartment,,,
Red Hills,Hyderabad,3 BHK 1868 Sq. Ft. Apartment,21000000.0,1868.0,11241.97002141328,3,3,Apartment,,,
Red Hills,Hyderabad,4 BHK 2530 Sq. Ft. Apartment,28500000.0,2530.0,11264.82213438735,4,3,Apartment,,,
Red Hills,Hyderabad,4 BHK 2635 Sq. Ft. Apartment,31500000.0,2635.0,11954.45920303605,4,4,Apartment,,,
Red Hills,Hyderabad,,28393436.88031823,2082.34965034965,13635.28784685638,3,3,Apartment,,,
"Abids, Hyderabad",Hyderabad,"3 BHK Flat for Sale in Lakdi Ka Pul, Hyderabad",19000000.0,1875.0,10133.33333333333,3,2,Apartment,,,
Red Hills,Hyderabad,"2.5 BHK Flat for Sale in Manikonda, Hyderabad",10200000.0,1370.0,7445.255474452555,2,3,Apartment,,,
Red Hills,Hyderabad,"3 BHK Flat for Sale in Manikonda, Hyderabad",18000000.0,2325.0,7741.935483870968,3,3,Apartment,,,
Red Hills,Hyderabad,"3 BHK Flat for Sale in Manikonda, Hyderabad",12000000.0,1560.0,7692.307692307692,3,3,Apartment,,,
"Abids, Hyderabad",Hyderabad,"4 BHK Flat for Sale in Abids, Hyderabad",43099999.99999999,3385.0,12732.64401772526,3,4,Apartment,,,
"Lakdi Ka Pul, Hyderabad",Hyderabad,"3 BHK Flat for Sale in Lakdi Ka Pul, Hyderabad",20000000.0,1976.0,10121.45748987854,3,3,Apartment,,,
Sainikpuri,Hyderabad,"3 BHK Flat for Sale in Sainikpuri, Hyderabad",14200000.0,2130.0,6666.666666666667,3,3,Villa,,,
"Sainikpuri, Hyderabad",Hyderabad,"5 BHK Villa for Sale in Sainikpuri, Hyderabad",31000000.0,210.0,147619.0476190476,5,5,Villa,,,
Sainikpuri,Hyderabad,"2 BHK Flat for Sale in Sainikpuri, Hyderabad",3500000.0,855.0,4093.567251461988,2,2,Apartment,,,
"Sainikpuri, Hyderabad",Hyderabad,"4 BHK Villa for Sale in Sainikpuri, Hyderabad",55000000.0,5000.0,11000.0,5,4,Villa,,,
Sainikpuri,Hyderabad,,28393436.88031823,2082.34965034965,13635.28784685638,3,3,Apartment,,,
Sainikpuri,Hyderabad,"Plot for Sale in Sainikpuri, Hyderabad",18500000.0,370.0,50000.0,2,3,Apartment,,,
Sainikpuri,Hyderabad,"2 BHK Flat for Sale in Sainikpuri, Hyderabad",4290000.0,855.0,5017.543859649123,2,2,Apartment,,,
"Sainikpuri, Hyderabad",Hyderabad,"3 BHK Flat for Sale in Sainikpuri, Hyderabad",16000000.0,2050.0,7804.878048780488,3,3,Apartment,,,
Sainikpuri,Hyderabad,"5 BHK Villa for Sale in Sainikpuri, Hyderabad",38500000.0,5600.0,6875.0,5,5,Villa,,,
Sainikpuri,Hyderabad,"2 BHK Flat for Sale in Sainikpuri, Hyderabad",5800000.0,865.0,6705.202312138728,2,2,Apartment,,,
Sainikpuri,Hyderabad,"3 BHK Flat for Sale in Sainikpuri, Hyderabad",15500000.0,1992.0,7781.124497991967,3,3,Apartment,,,
Sainikpuri,Hyderabad,"5 BHK Villa for Sale in Sainikpuri, Hyderabad",42500000.0,7573.0,5612.042783573221,4,6,Villa,,,
"Sainikpuri, Hyderabad",Hyderabad,"5 BHK Villa for Sale in Sainikpuri, Hyderabad",31000000.0,4800.0,6458.333333333333,5,5,Villa,,,
"Sainikpuri, Hyderabad",Hyderabad,"3 BHK Flat for Sale in Sainikpuri, Hyderabad",9075000.0,1650.0,5500.0,3,3,Apartment,,,
Sainikpuri,Hyderabad,"3 BHK Flat for Sale in Sainikpuri, Hyderabad",16500000.0,2088.0,7902.298850574713,3,4,Apartment,,,
Sainikpuri,Hyderabad,"3 BHK Flat for Sale in Sainikpuri, Hyderabad",13000000.0,2050.0,6341.463414634146,3,3,Apartment,,,
"Sainikpuri, Hyderabad",Hyderabad,"3 BHK House for Sale in Sainikpuri, Hyderabad",13900000.0,1800.0,7722.222222222221,3,3,House,,,
Sainikpuri,Hyderabad,"3 BHK Villa for Sale in Sainikpuri, Hyderabad",14000000.0,2200.0,6363.636363636364,3,3,Villa,,,
"Sainikpuri, Hyderabad",Hyderabad,"2 BHK Flat for Sale in Sainikpuri, Hyderabad",4500000.0,1200.0,3750.0,2,2,Apartment,,,
"Sainikpuri, Hyderabad",Hyderabad,"Office Space for Sale in Sainikpuri, Hyderabad",35000000.0,190.0,184210.5263157895,5,4,Apartment,,,
Sainikpuri,Hyderabad,"2 BHK Flat for Sale in Sainikpuri, Hyderabad",3600000.0,580.0,6206.896551724138,1,2,Apartment,,,
"Sainikpuri, Hyderabad",Hyderabad,"2 BHK Flat for Sale in Sainikpuri, Hyderabad",5500000.0,1035.0,5314.009661835748,2,2,Apartment,,,
Sainikpuri,Hyderabad,"3 BHK Flat for Sale in Sainikpuri, Hyderabad",13100000.0,2021.0,6481.939633844631,3,4,Apartment,,,
Sainikpuri,Hyderabad,"3 BHK Villa for Sale in Sainikpuri, Hyderabad",15500000.0,2570.0,6031.128404669261,3,3,Villa,,,
Sanath_Nagar,Hyderabad,"3 BHK Flat for Sale in Sanath Nagar, Hyderabad",21800000.0,1895.0,11503.95778364116,3,3,Apartment,,,
Sanath Nagar,Hyderabad,3 BHK 2025 Sq. Ft. Apartment,24100000.0,2025.0,11901.23456790123,3,3,Apartment,,,
Sanath Nagar,Hyderabad,3 BHK 1868 Sq. Ft. Apartment,21000000.0,1868.0,11241.97002141328,3,3,Apartment,,,
Sanath Nagar,Hyderabad,4 BHK 2530 Sq. Ft. Apartment,28500000.0,2530.0,11264.82213438735,4,3,Apartment,,,
Sanath Nagar,Hyderabad,4 BHK 2635 Sq. Ft. Apartment,31500000.0,2635.0,11954.45920303605,4,4,Apartment,,,
"Sanath Nagar, Hyderabad",Hyderabad,"3 BHK Flat for Sale in Sanath Nagar, Hyderabad",21000000.0,1850.0,11351.35135135135,3,3,Apartment,,,
"Sanath Nagar, Hyderabad",Hyderabad,"3 BHK Flat for Sale in Sanath Nagar, Hyderabad",9000000.0,1169.0,7698.887938408897,2,3,Apartment,,,
Sanath Nagar,Hyderabad,3 BHK 2125 Sq. Ft. Apartment,25360000.0,2125.0,11934.11764705882,3,3,Apartment,,,
Sanath Nagar,Hyderabad,4 BHK 3500 Sq. Ft. Apartment,63180000.0,3500.0,18051.42857142857,4,5,Apartment,,,
Sanath Nagar,Hyderabad,,28393436.88031823,2082.34965034965,13635.28784685638,3,3,Apartment,,,
"Sunder Nagar, Hyderabad",Hyderabad,"5 BHK House for Sale in Sunder Nagar, Hyderabad",13000000.0,100.0,130000.0,5,6,House,,,
"Sanath Nagar, Hyderabad",Hyderabad,"3 BHK Flat for Sale in Sanath Nagar, Hyderabad",18200000.0,1642.0,11084.04384896468,3,3,Apartment,,,
Sanath Nagar,Hyderabad,"Showroom for Sale in Sanath Nagar, Hyderabad",109800000.0,5783.0,18986.68511153381,5,5,Apartment,,,
"Sanath Nagar, Hyderabad",Hyderabad,"Industrial Plot for Sale in Sanath Nagar, Hyderabad",122800000.0,1293.0,94972.93116782675,2,2,Apartment,,,
"Sanath Nagar, Hyderabad",Hyderabad,"Office Space for Sale in Sanath Nagar, Hyderabad",8500000.0,892.0,9529.14798206278,2,2,Apartment,,,
"Sanath Nagar, Hyderabad",Hyderabad,"1 BHK Flat for Sale in Sanath Nagar, Hyderabad",3300000.0,600.0,5500.0,1,2,Apartment,,,
Sanath Nagar,Hyderabad,"2 BHK Flat for Sale in Sanath Nagar, Hyderabad",11100000.0,1279.0,8678.655199374512,2,2,Apartment,,,
Sanath Nagar,Hyderabad,"2.5 BHK Flat for Sale in Sanath Nagar, Hyderabad",9200000.0,1270.0,7244.094488188976,2,2,Apartment,,,
Sanath Nagar,Hyderabad,"2 BHK Flat for Sale in Sanath Nagar, Hyderabad",9000000.0,1265.0,7114.624505928854,2,2,Apartment,,,
"Sanath Nagar, Hyderabad",Hyderabad,"6 BHK House for Sale in Sanath Nagar, Hyderabad",28000000.0,150.0,186666.6666666666,5,4,House,,,
Sanath Nagar,Hyderabad,"Office Space for Sale in Sanath Nagar, Hyderabad",15000000.0,991.0,15136.22603430878,2,2,Apartment,,,
Secunderabad,Hyderabad,"Plot for Sale in Yapral, Hyderabad",16800000.0,280.0,60000.0,5,3,Apartment,,,
"Yapral, Hyderabad",Hyderabad,"Plot for Sale in Yapral, Hyderabad",16800000.0,280.0,60000.0,5,4,Apartment,,,
Secunderabad,Hyderabad,2 BHK 1352 Sq. Ft. Apartment,12200000.0,1352.0,9023.668639053254,2,2,Apartment,,,
Secunderabad,Hyderabad,3 BHK 1680 Sq. Ft. Apartment,15100000.0,1680.0,8988.095238095239,3,3,Apartment,,,
Secunderabad,Hyderabad,3 BHK 2017 Sq. Ft. Apartment,18200000.0,2017.0,9023.3019335647,3,3,Apartment,,,
Secunderabad,Hyderabad,4 BHK 2904 Sq. Ft. Apartment,26100000.0,2904.0,8987.603305785124,4,4,Apartment,,,
Secunderabad,Hyderabad,4 BHK 3571 Sq. Ft. Apartment,32100000.0,3571.0,8989.078689442733,4,4,Apartment,,,
Secunderabad,Hyderabad,"3 BHK Flat for Sale in Sainikpuri, Hyderabad",14200000.0,2130.0,6666.666666666667,3,3,Apartment,,,
"Padmarao Nagar, Hyderabad",Hyderabad,"3 BHK Flat for Sale in Padmarao Nagar, Hyderabad",13000000.0,1453.0,8947.006194081212,3,3,Apartment,,,
Secunderabad,Hyderabad,3 BHK 1571 Sq. Ft. Apartment,12900000.0,1571.0,8211.330362826226,3,3,Apartment,,,
Secunderabad,Hyderabad,3 BHK 2101 Sq. Ft. Apartment,17200000.0,2101.0,8186.577820085674,3,4,Apartment,,,
Secunderabad,Hyderabad,4 BHK 2407 Sq. Ft. Apartment,19700000.0,2407.0,8184.461985874533,4,4,Apartment,,,
Secunderabad,Hyderabad,4 BHK 3233 Sq. Ft. Apartment,26500000.0,3233.0,8196.72131147541,4,4,Apartment,,,
Secunderabad,Hyderabad,"2 BHK Flat for Sale in Sainikpuri, Hyderabad",3500000.0,855.0,4093.567251461988,2,2,Apartment,,,
"Yapral, Hyderabad",Hyderabad,"4 BHK Villa for Sale in Yapral, Hyderabad",35000000.0,3000.0,11666.66666666667,4,5,Villa,,,
Secunderabad,Hyderabad,"Office Space for Sale in Kalasiguda, Hyderabad",6434999.999999999,715.0,8999.999999999998,3,2,Apartment,,,
Secunderabad,Hyderabad,3 BHK 2025 Sq. Ft. Apartment,24100000.0,2025.0,11901.23456790123,3,3,Apartment,,,
Secunderabad,Hyderabad,3 BHK 1868 Sq. Ft. Apartment,21000000.0,1868.0,11241.97002141328,3,3,Apartment,,,
Secunderabad,Hyderabad,4 BHK 2530 Sq. Ft. Apartment,28500000.0,2530.0,11264.82213438735,4,3,Apartment,,,
Secunderabad,Hyderabad,4 BHK 2635 Sq. Ft. Apartment,31500000.0,2635.0,11954.45920303605,4,4,Apartment,,,
Secunderabad,Hyderabad,"2 BHK Flat for Sale in Begumpet, Hyderabad",12200000.0,1475.0,8271.186440677966,3,2,Apartment,,,
Secunderabad,Hyderabad,"3 BHK Flat for Sale in Tirumalagiri, Hyderabad",8500000.0,1315.0,6463.878326996198,2,2,Apartment,,,
Secunderabad,Hyderabad,3 BHK 2290 Sq. Ft. Apartment,17400000.0,2290.0,7598.25327510917,3,3,Apartment,,,
Secunderabad,Hyderabad,3 BHK 2875 Sq. Ft. Apartment,21900000.0,2875.0,7617.391304347826,3,4,Apartment,,,
Secunderabad,Hyderabad,4 BHK 3370 Sq. Ft. Apartment,25600000.0,3370.0,7596.439169139466,4,4,Apartment,,,
Secunderabad,Hyderabad,4 BHK 4100 Sq. Ft. Apartment,31200000.0,4100.0,7609.756097560976,4,4,Apartment,,,
Secunderabad,Hyderabad,"4 BHK Flat for Sale in Begumpet, Hyderabad",70000000.0,4455.0,15712.68237934905,5,4,Apartment,,,
Secunderabad,Hyderabad,"2 BHK Flat for Sale in Padmarao Nagar, Hyderabad",6000000.0,1100.0,5454.545454545455,2,2,Apartment,,,
Secunderabad,Hyderabad,"2 BHK Flat for Sale in Tarnaka, Hyderabad",10100000.0,1300.0,7769.23076923077,3,2,Apartment,,,
Secunderabad,Hyderabad,3 BHK 2350 Sq. Ft. Apartment,28200000.0,2350.0,12000.0,3,3,Apartment,,,
Secunderabad,Hyderabad,3 BHK 2650 Sq. Ft. Apartment,31800000.0,2650.0,12000.0,3,4,Apartment,,,
Secunderabad,Hyderabad,4 BHK 2800 Sq. Ft. Apartment,33600000.0,2800.0,12000.0,4,4,Apartment,,,
Secunderabad,Hyderabad,4 BHK 3600 Sq. Ft. Apartment,43200000.0,3600.0,12000.0,4,4,Apartment,,,
"New Bowenpally, Hyderabad",Hyderabad,"Plot for Sale in New Bowenpally, Hyderabad",51000000.0,300.0,170000.0,5,3,Apartment,,,
"Yapral, Hyderabad",Hyderabad,"2 BHK House for Sale in Yapral, Hyderabad",11000000.0,120.0,91666.66666666669,5,2,House,,,
Secunderabad,Hyderabad,"3 BHK Flat for Sale in Narepally, Hyderabad",14600000.0,2217.0,6585.475868290483,3,3,Apartment,,,
Secunderabad,Hyderabad,3 BHK 2850 Sq. Ft. Apartment,29900000.0,2850.0,10491.22807017544,3,4,Apartment,,,
Secunderabad,Hyderabad,4 BHK 3303 Sq. Ft. Apartment,34700000.0,3303.0,10505.60096881623,4,4,Apartment,,,
Secunderabad,Hyderabad,4 BHK 3850 Sq. Ft. Apartment,40400000.0,3850.0,10493.50649350649,4,4,Apartment,,,
Secunderabad,Hyderabad,5 BHK 10634 Sq. Ft. Villa,152460000.0,10200.0,14337.03216099304,5,4,Villa,,,
Secunderabad,Hyderabad,5 BHK 11635 Sq. Ft. Villa,133160000.0,10200.0,11444.77868500215,5,3,Villa,,,
"West Marredpally, Hyderabad",Hyderabad,"5 BHK House for Sale in West Marredpally, Hyderabad",41000000.0,218.0,188073.3944954129,5,6,House,,,
Secunderabad,Hyderabad,"2 BHK Flat for Sale in Sainikpuri, Hyderabad",4290000.0,855.0,5017.543859649123,2,2,Apartment,,,
Secunderabad,Hyderabad,"3 BHK Flat for Sale in Begumpet, Hyderabad",8500000.0,1467.0,5794.137695978186,3,3,Apartment,,,
Secunderabad,Hyderabad,2 BHK 1179 Sq. Ft. Apartment,11100000.0,1179.0,9414.758269720103,2,2,Apartment,,,
Secunderabad,Hyderabad,2 BHK 1548 Sq. Ft. Apartment,14500000.0,1548.0,9366.925064599483,2,3,Apartment,,,
Secunderabad,Hyderabad,3 BHK 1631 Sq. Ft. Apartment,15300000.0,1631.0,9380.74800735745,3,3,Apartment,,,
Secunderabad,Hyderabad,3 BHK 2433 Sq. Ft. Apartment,22800000.0,2433.0,9371.1467324291,3,4,Apartment,,,
Secunderabad,Hyderabad,4 BHK 3348 Sq. Ft. Apartment,31400000.0,3348.0,9378.73357228196,4,4,Apartment,,,
Secunderabad,Hyderabad,4 BHK 3400 Sq. Ft. Apartment,31900000.0,3400.0,9382.35294117647,4,4,Apartment,,,
Secunderabad,Hyderabad,"2 BHK Flat for Sale in Malkajgiri, Hyderabad",5900000.0,1075.0,5488.372093023256,3,2,Apartment,,,
"West Marredpally, Hyderabad",Hyderabad,"2 BHK Flat for Sale in West Marredpally, Hyderabad",7200000.0,1035.0,6956.521739130435,2,2,Apartment,,,
Locality,Hyderabad,"3 BHK Flat for Sale in Serilingampally, Hyderabad",29800000.0,2188.0,13619.74405850091,3,3,Apartment,,,
Serilingampally,Hyderabad,3 BHK 1601 Sq. Ft. Apartment,15200000.0,1601.0,9494.066208619612,3,3,Apartment,,,
Serilingampally,Hyderabad,3 BHK 2656 Sq. Ft. Apartment,25200000.0,2656.0,9487.951807228916,3,4,Apartment,,,
Serilingampally,Hyderabad,3 BHK 2064 Sq. Ft. Apartment,19600000.0,2064.0,9496.124031007752,3,3,Apartment,,,
Serilingampally,Hyderabad,3 BHK 1537 Sq. Ft. Apartment,14600000.0,1537.0,9499.024072869226,3,3,Apartment,,,
Serilingampally,Hyderabad,"4 BHK Flat for Sale in Serilingampally, Hyderabad",35000000.0,2670.0,13108.61423220974,5,4,Apartment,,,
Serilingampally,Hyderabad,"3 BHK Flat for Sale in Serilingampally, Hyderabad",31000000.0,2216.0,13989.16967509025,3,4,Apartment,,,
Serilingampally,Hyderabad,"3 BHK Flat for Sale in Serilingampally, Hyderabad",22000000.0,1950.0,11282.05128205128,3,3,Apartment,,,
Serilingampally,Hyderabad,"4 BHK Flat for Sale in Serilingampally, Hyderabad",40000000.0,2805.0,14260.2495543672,5,4,Apartment,,,
Serilingampally,Hyderabad,"3 BHK Flat for Sale in Serilingampally, Hyderabad",31000000.0,2216.0,13989.16967509025,3,3,Apartment,,,
Serilingampally,Hyderabad,3 BHK 2350 Sq. Ft. Apartment,28200000.0,2350.0,12000.0,3,3,Apartment,,,
Serilingampally,Hyderabad,3 BHK 2650 Sq. Ft. Apartment,31800000.0,2650.0,12000.0,3,4,Apartment,,,
Serilingampally,Hyderabad,4 BHK 2800 Sq. Ft. Apartment,33600000.0,2800.0,12000.0,4,4,Apartment,,,
Serilingampally,Hyderabad,4 BHK 3600 Sq. Ft. Apartment,43200000.0,3600.0,12000.0,4,4,Apartment,,,
Serilingampally,Hyderabad,,28393436.88031823,2082.34965034965,13635.28784685638,3,3,Apartment,,,
Serilingampally,Hyderabad,"3 BHK Flat for Sale in Serilingampally, Hyderabad",21400000.0,2751.0,7778.989458378771,5,3,Apartment,,,
Serilingampally,Hyderabad,"3 BHK Flat for Sale in Serilingampally, Hyderabad",20500000.0,1431.0,14325.6464011181,3,3,Apartment,,,
Serilingampally,Hyderabad,"3 BHK Flat for Sale in Serilingampally, Hyderabad",20500000.0,1003.0,20438.68394815553,2,3,Apartment,,,
Serilingampally,Hyderabad,3 BHK 2850 Sq. Ft. Apartment,29900000.0,2850.0,10491.22807017544,3,4,Apartment,,,
Serilingampally,Hyderabad,4 BHK 3303 Sq. Ft. Apartment,34700000.0,3303.0,10505.60096881623,4,4,Apartment,,,
Serilingampally,Hyderabad,4 BHK 3850 Sq. Ft. Apartment,40400000.0,3850.0,10493.50649350649,4,4,Apartment,,,
Serilingampally,Hyderabad,"3 BHK Flat for Sale in Serilingampally, Hyderabad",20500000.0,1004.0,20418.32669322709,2,3,Apartment,,,
Serilingampally,Hyderabad,"5 BHK Villa for Sale in Serilingampally, Hyderabad",110000000.0,5000.0,22000.0,5,5,Villa,,,
"Serilingampally, Hyderabad",Hyderabad,"Plot for Sale in Serilingampally, Hyderabad",42000000.0,300.0,140000.0,5,3,Apartment,,,
Serilingampally,Hyderabad,3 BHK 2180 Sq. Ft. Apartment,20900000.0,2180.0,9587.155963302752,3,4,Apartment,,,
Serilingampally,Hyderabad,3 BHK 1750 Sq. Ft. Apartment,16800000.0,1750.0,9600.0,3,3,Apartment,,,
Serilingampally,Hyderabad,4 BHK 3020 Sq. Ft. Apartment,29000000.0,3020.0,9602.649006622516,4,4,Apartment,,,
Serilingampally,Hyderabad,"3 BHK Flat for Sale in Serilingampally, Hyderabad",37200000.0,2805.0,13262.0320855615,5,3,Apartment,,,
Serilingampally,Hyderabad,"4 BHK Flat for Sale in Serilingampally, Hyderabad",40900000.0,2928.0,13968.57923497268,5,4,Apartment,,,
Serilingampally,Hyderabad,"3 BHK Flat for Sale in Serilingampally, Hyderabad",29300000.0,2172.0,13489.87108655617,3,3,Apartment,,,
Serilingampally,Hyderabad,3 BHK 2003 Sq. Ft. Apartment,23000000.0,2003.0,11482.77583624563,3,3,Apartment,,,
Serilingampally,Hyderabad,3 BHK 2870 Sq. Ft. Apartment,33000000.0,2870.0,11498.25783972126,3,4,Apartment,,,
Serilingampally,Hyderabad,4 BHK 3500 Sq. Ft. Apartment,40300000.0,3500.0,11514.28571428571,4,4,Apartment,,,
Serilingampally,Hyderabad,4 BHK 4037 Sq. Ft. Apartment,46400000.0,4037.0,11493.68342828833,4,4,Apartment,,,
Serilingampally,Hyderabad,"4 BHK Villa for Sale in Serilingampally, Hyderabad",69600000.0,3664.0,18995.63318777292,3,4,Villa,,,
"Serilingampally, Hyderabad",Hyderabad,"3 BHK Flat for Sale in Serilingampally, Hyderabad",7800000.0,1600.0,4875.0,3,3,Apartment,,,
"Serilingampally, Hyderabad",Hyderabad,"Plot for Sale in Serilingampally, Hyderabad",15000000.0,125.0,120000.0,5,4,Apartment,,,
Serilingampally,Hyderabad,3 BHK 1796 Sq. Ft. Apartment,18000000.0,1796.0,10022.27171492205,3,2,Apartment,,,
Serilingampally,Hyderabad,3 BHK 2124 Sq. Ft. Apartment,21200000.0,2124.0,9981.167608286252,3,4,Apartment,,,
Serilingampally,Hyderabad,4 BHK 2708 Sq. Ft. Apartment,27100000.0,2708.0,10007.38552437223,4,3,Apartment,,,
Serilingampally,Hyderabad,"3 BHK Flat for Sale in Serilingampally, Hyderabad",22400000.0,2350.0,9531.914893617022,3,3,Apartment,,,
Serilingampally,Hyderabad,"3 BHK Flat for Sale in Serilingampally, Hyderabad",12000000.0,1340.0,8955.223880597016,2,3,Apartment,,,
Serilingampally,Hyderabad,2 BHK 1296 Sq. Ft. Apartment,11300000.0,1296.0,8719.135802469134,2,2,Apartment,,,
Serilingampally,Hyderabad,2 BHK 1340 Sq. Ft. Apartment,11700000.0,1340.0,8731.34328358209,2,2,Apartment,,,
Serilingampally,Hyderabad,3 BHK 1909 Sq. Ft. Apartment,16700000.0,1909.0,8748.035620743845,3,3,Apartment,,,
Serilingampally,Hyderabad,3 BHK 2044 Sq. Ft. Apartment,17900000.0,2044.0,8757.3385518591,3,3,Apartment,,,
Serilingampally,Hyderabad,"3 BHK Flat for Sale in Serilingampally, Hyderabad",15100000.0,2109.0,7159.791370317686,3,3,Apartment,,,
Serilingampally,Hyderabad,"5 BHK Flat for Sale in Serilingampally, Hyderabad",59000000.0,5230.0,11281.0707456979,5,5,Apartment,,,
Serilingampally,Hyderabad,"4 BHK Villa for Sale in Serilingampally, Hyderabad",70000000.0,4467.0,15670.47235280949,5,5,Villa,,,
"Serilingampally, Hyderabad",Hyderabad,"3 BHK Flat for Sale in Serilingampally, Hyderabad",20800000.0,2540.0,8188.976377952756,3,3,Apartment,,,
Serilingampally,Hyderabad,"4 BHK Villa for Sale in Serilingampally, Hyderabad",65000000.0,4467.0,14551.15289903738,5,4,Villa,,,
Serilingampally,Hyderabad,"4 BHK Flat for Sale in Serilingampally, Hyderabad",56000000.0,3968.0,14112.90322580645,3,4,Apartment,,,
Shaikpet,Hyderabad,"4 BHK Flat for Sale in Shaikpet, Hyderabad",38400000.0,3666.0,10474.6317512275,3,4,Apartment,,,
Shaikpet,Hyderabad,3 BHK 2025 Sq. Ft. Apartment,24100000.0,2025.0,11901.23456790123,3,3,Apartment,,,
Shaikpet,Hyderabad,3 BHK 1868 Sq. Ft. Apartment,21000000.0,1868.0,11241.97002141328,3,3,Apartment,,,
Shaikpet,Hyderabad,4 BHK 2530 Sq. Ft. Apartment,28500000.0,2530.0,11264.82213438735,4,3,Apartment,,,
Shaikpet,Hyderabad,4 BHK 2635 Sq. Ft. Apartment,31500000.0,2635.0,11954.45920303605,4,4,Apartment,,,
Shaikpet,Hyderabad,"3 BHK Flat for Sale in Shaikpet, Hyderabad",14300000.0,1677.0,8527.131782945737,3,3,Apartment,,,
Shaikpet,Hyderabad,"4 BHK Flat for Sale in Shaikpet, Hyderabad",68500000.0,4155.0,16486.16125150421,3,4,Apartment,,,
Shaikpet,Hyderabad,"3 BHK Flat for Sale in Shaikpet, Hyderabad",16000000.0,1575.0,10158.73015873016,3,3,Apartment,,,
Shaikpet,Hyderabad,3 BHK 2125 Sq. Ft. Apartment,25360000.0,2125.0,11934.11764705882,3,3,Apartment,,,
Shaikpet,Hyderabad,4 BHK 3500 Sq. Ft. Apartment,63180000.0,3500.0,18051.42857142857,4,5,Apartment,,,
Shaikpet,Hyderabad,"— ravinder satty, Real estate agent",28393436.88031823,2082.34965034965,13635.28784685638,3,3,Apartment,,,
Shaikpet,Hyderabad,,28393436.88031823,2082.34965034965,13635.28784685638,3,3,Apartment,,,
Shaikpet,Hyderabad,"3 BHK Flat for Sale in Shaikpet, Hyderabad",18000000.0,1990.0,9045.226130653264,3,3,Apartment,,,
"Shaikpet, Hyderabad",Hyderabad,"3 BHK Flat for Sale in Shaikpet, Hyderabad",22500000.0,2100.0,10714.28571428571,3,3,Apartment,,,
Shaikpet,Hyderabad,"3 BHK Flat for Sale in Shaikpet, Hyderabad",24500000.0,1449.0,16908.21256038647,3,3,Apartment,,,
Shaikpet,Hyderabad,"3 BHK Flat for Sale in Shaikpet, Hyderabad",18000000.0,2100.0,8571.42857142857,3,3,Apartment,,,
Shaikpet,Hyderabad,"3 BHK Flat for Sale in Shaikpet, Hyderabad",38000000.0,3100.0,12258.06451612903,4,3,Apartment,,,
Shaikpet,Hyderabad,"3 BHK Flat for Sale in Shaikpet, Hyderabad",18500000.0,2100.0,8809.52380952381,3,3,Apartment,,,
"Shaikpet, Hyderabad",Hyderabad,"Plot for Sale in Shaikpet, Hyderabad",47900000.0,282.0,169858.1560283688,5,3,Apartment,,,
"Shaikpet, Hyderabad",Hyderabad,"2 BHK Flat for Sale in Shaikpet, Hyderabad",14000000.0,1220.0,11475.40983606557,3,2,Apartment,,,
Shaikpet,Hyderabad,"3 BHK Flat for Sale in Shaikpet, Hyderabad",18500000.0,1715.0,10787.17201166181,3,3,Apartment,,,
Shaikpet,Hyderabad,"3 BHK Flat for Sale in Shaikpet, Hyderabad",20400000.0,2385.0,8553.459119496856,3,3,Apartment,,,
Shaikpet,Hyderabad,"3 BHK Flat for Sale in Shaikpet, Hyderabad",49000000.0,2876.0,17037.5521557719,5,4,Apartment,,,
Shaikpet,Hyderabad,"3 BHK Flat for Sale in Shaikpet, Hyderabad",16000000.0,1600.0,10000.0,3,3,Apartment,,,
"Shaikpet, Hyderabad",Hyderabad,"2 BHK Builder Floor for Sale in Shaikpet, Hyderabad",14500000.0,975.0,14871.79487179487,2,2,Apartment,,,
Shaikpet,Hyderabad,"3 BHK Flat for Sale in Shaikpet, Hyderabad",40000000.0,3100.0,12903.22580645161,4,3,Apartment,,,
Shaikpet,Hyderabad,"4 BHK Flat for Sale in Shaikpet, Hyderabad",48500000.0,4155.0,11672.68351383875,3,4,Apartment,,,
"Shaikpet, Hyderabad",Hyderabad,"3 BHK Flat for Sale in Shaikpet, Hyderabad",13600000.0,1431.0,9503.84346610762,3,3,Apartment,,,
Shaikpet,Hyderabad,"3 BHK Flat for Sale in Shaikpet, Hyderabad",17500000.0,1800.0,9722.222222222224,3,3,Apartment,,,
Shamirpet,Hyderabad,"Plot for Sale in Shamirpet, Hyderabad",2880000.0,180.0,16000.0,5,4,Villa,,,
"Shamirpet, Hyderabad",Hyderabad,"Plot for Sale in Shamirpet, Hyderabad",2880000.0,180.0,16000.0,5,4,Apartment,,,
Shamirpet,Hyderabad,"Plot for Sale in Shamirpet, Hyderabad",9000000.0,253.0,35573.12252964427,5,3,Apartment,,,
"Shamirpet, Hyderabad",Hyderabad,"Plot for Sale in Shamirpet, Hyderabad",7500000.0,500.0,15000.0,1,3,Apartment,,,
"Shamirpet, Hyderabad",Hyderabad,"Plot for Sale in Shamirpet, Hyderabad",60000000.0,4495.0,13348.16462736374,4,4,Apartment,,,
Shamirpet,Hyderabad,,28393436.88031823,2082.34965034965,13635.28784685638,3,3,Apartment,,,
"Shamirpet, Hyderabad",Hyderabad,"4 BHK Villa for Sale in Shamirpet, Hyderabad",35000000.0,2400.0,14583.33333333333,3,4,Villa,,,
Shamirpet,Hyderabad,"Plot for Sale in Shamirpet, Hyderabad",4806000.0,267.0,18000.0,5,3,Apartment,,,
Shamirpet,Hyderabad,"Plot for Sale in Shamirpet, Hyderabad",2200000.0,166.0,13253.01204819277,5,3,Apartment,,,
"Shamirpet, Hyderabad",Hyderabad,"Plot for Sale in Shamirpet, Hyderabad",4676000.0,167.0,28000.0,5,3,Apartment,,,
Shamirpet,Hyderabad,"5 BHK Villa for Sale in Shamirpet, Hyderabad",25000000.0,3920.0,6377.551020408163,3,5,Villa,,,
"Shamirpet, Hyderabad",Hyderabad,"Plot for Sale in Shamirpet, Hyderabad",5250000.0,150.0,35000.0,5,3,Apartment,,,
"Shamirpet, Hyderabad",Hyderabad,"Plot for Sale in Shamirpet, Hyderabad",6800000.0,200.0,34000.0,5,3,Apartment,,,
"Shamirpet, Hyderabad",Hyderabad,"Plot for Sale in Shamirpet, Hyderabad",2286000.0,132.0,17318.18181818182,5,3,Apartment,,,
Shamirpet,Hyderabad,"Plot for Sale in Shamirpet, Hyderabad",5199000.0,200.0,25995.0,5,3,Apartment,,,
"Shamirpet, Hyderabad",Hyderabad,"Plot for Sale in Shamirpet, Hyderabad",5250000.0,350.0,15000.0,2,3,Apartment,,,
"Shamirpet, Hyderabad",Hyderabad,"Plot for Sale in Shamirpet, Hyderabad",10500000.0,500.0,21000.0,1,3,Apartment,,,
Shamirpet,Hyderabad,"2 BHK Villa for Sale in Shamirpet, Hyderabad",6500000.0,140.0,46428.57142857143,5,2,Villa,,,
Shamirpet,Hyderabad,"Plot for Sale in Shamirpet, Hyderabad",24500000.0,700.0,35000.0,3,2,Apartment,,,
"Shamirpet, Hyderabad",Hyderabad,"2 BHK Villa for Sale in Shamirpet, Hyderabad",6700000.0,165.0,40606.06060606061,5,2,Villa,,,
"Shamirpet, Hyderabad",Hyderabad,"Plot for Sale in Shamirpet, Hyderabad",10800000.0,605.0,17851.23966942149,1,2,Apartment,,,
Shamirpet,Hyderabad,"Plot for Sale in Shamirpet, Hyderabad",1400000.0,160.0,8750.0,5,3,Villa,,,
Suchitra,Hyderabad,"4 BHK Villa for Sale in Suchitra, Hyderabad",13000000.0,2675.0,4859.813084112149,5,4,Villa,,,
"Suchitra, Hyderabad",Hyderabad,"3.5 BHK Flat for Sale in Suchitra, Hyderabad",18000000.0,2045.0,8801.955990220049,3,4,Apartment,,,
Suchitra,Hyderabad,"3 BHK Flat for Sale in Suchitra, Hyderabad",12200000.0,1970.0,6192.893401015229,3,4,Apartment,,,
"Suchitra, Hyderabad",Hyderabad,"3 BHK Flat for Sale in Suchitra, Hyderabad",11000000.0,1643.0,6695.069993913573,3,3,Apartment,,,
"Suchitra, Hyderabad",Hyderabad,"2 BHK Flat for Sale in Suchitra, Hyderabad",6500000.0,1160.0,5603.448275862069,2,1,Apartment,,,
"Suchitra, Hyderabad",Hyderabad,"2 BHK Flat for Sale in Suchitra, Hyderabad",6490000.000000001,1080.0,6009.25925925926,3,2,Apartment,,,
"Suchitra, Hyderabad",Hyderabad,"3 BHK Flat for Sale in Suchitra, Hyderabad",12100000.0,1950.0,6205.128205128205,3,2,Apartment,,,
"Suchitra, Hyderabad",Hyderabad,"3 BHK Flat for Sale in Suchitra, Hyderabad",18000000.0,1900.0,9473.684210526317,3,3,Apartment,,,
"Suchitra, Hyderabad",Hyderabad,"3 BHK Flat for Sale in Suchitra, Hyderabad",9500000.0,1690.0,5621.301775147929,3,3,Apartment,,,
"Suchitra, Hyderabad",Hyderabad,"3 BHK Flat for Sale in Suchitra, Hyderabad",8200000.0,1550.0,5290.322580645161,3,3,Apartment,,,
"Suchitra, Hyderabad",Hyderabad,"3 BHK Flat for Sale in Suchitra, Hyderabad",11400000.0,1900.0,5999.999999999999,3,3,Apartment,,,
"Suchitra, Hyderabad",Hyderabad,"2 BHK Flat for Sale in Suchitra, Hyderabad",4800000.0,1250.0,3840.0,3,2,Apartment,,,
"Suchitra, Hyderabad",Hyderabad,"3 BHK Flat for Sale in Suchitra, Hyderabad",7800000.0,1600.0,4875.0,3,3,Apartment,,,
"Suchitra, Hyderabad",Hyderabad,"3 BHK Flat for Sale in Suchitra, Hyderabad",16000000.0,1500.0,10666.66666666667,3,3,Apartment,,,
"Suchitra, Hyderabad",Hyderabad,"2 BHK Flat for Sale in Suchitra, Hyderabad",5300000.0,1045.0,5071.77033492823,2,2,Apartment,,,
"Suchitra, Hyderabad",Hyderabad,"Plot for Sale in Suchitra, Hyderabad",132000000.0,1200.0,110000.0,2,2,Apartment,,,
"Suchitra, Hyderabad",Hyderabad,"6 BHK House for Sale in Suchitra, Hyderabad",17100000.0,3000.0,5700.0,4,5,House,,,
Sultan,Hyderabad,"3, 4 BHK Flats inBrigade EnclaveErragadda, Hyderabad",5380000.0,1159.2,4641.131815044859,2,1,Apartment,,,
Sultan Bazar,Hyderabad,3 BHK 2025 Sq. Ft. Apartment,24100000.0,2025.0,11901.23456790123,3,3,Apartment,,,
Sultan Bazar,Hyderabad,3 BHK 1868 Sq. Ft. Apartment,21000000.0,1868.0,11241.97002141328,3,3,Apartment,,,
Sultan Bazar,Hyderabad,4 BHK 2530 Sq. Ft. Apartment,28500000.0,2530.0,11264.82213438735,4,3,Apartment,,,
Sultan Bazar,Hyderabad,4 BHK 2635 Sq. Ft. Apartment,31500000.0,2635.0,11954.45920303605,4,4,Apartment,,,
Sultan Bazar,Hyderabad,3 BHK 2125 Sq. Ft. Apartment,25360000.0,2125.0,11934.11764705882,3,3,Apartment,,,
Sultan Bazar,Hyderabad,4 BHK 3500 Sq. Ft. Apartment,63180000.0,3500.0,18051.42857142857,4,5,Apartment,,,
Sultan Bazar,Hyderabad,"4 BHK Flat for Sale in Gun Foundry, Hyderabad",70000000.0,4446.0,15744.48942869996,5,4,Apartment,,,
Sultan Bazar,Hyderabad,"4 BHK Flat for Sale in Gun Foundry, Hyderabad",60000000.0,4109.0,14602.09296665855,3,4,Apartment,,,
Sultan Bazar,Hyderabad,"4 BHK Flat for Sale in Gun Foundry, Hyderabad",80000000.0,4446.0,17993.70220422852,5,4,Apartment,,,
Sultan Bazar,Hyderabad,"4 BHK Flat for Sale in Gun Foundry, Hyderabad",65000000.0,4109.0,15818.93404721343,3,4,Apartment,,,
Sultan Bazar,Hyderabad,"4 BHK Flat for Sale in Gun Foundry, Hyderabad",69000000.0,4109.0,16792.40691165734,3,4,Apartment,,,
Sultan Bazar,Hyderabad,"4 BHK Flat for Sale in Gun Foundry, Hyderabad",70000000.0,4109.0,17035.77512776831,3,4,Apartment,,,
Sultan Bazar,Hyderabad,"4 BHK Flat for Sale in Gun Foundry, Hyderabad",59200000.0,4231.0,13991.96407468684,3,4,Apartment,,,
Sultan Bazar,Hyderabad,"4 BHK Flat for Sale in Gun Foundry, Hyderabad",62200000.0,4446.0,13990.10346378768,5,4,Apartment,,,
Sultan Bazar,Hyderabad,"4 BHK Flat for Sale in Gun Foundry, Hyderabad",53300000.0,4110.0,12968.3698296837,3,3,Apartment,,,
Suraram,Hyderabad,"2 BHK Flat for Sale in Suraram, Hyderabad",5700000.0,1150.0,4956.521739130435,3,2,House,,,
Suraram,Hyderabad,"2 BHK Flat for Sale in Suraram, Hyderabad",6000000.0,1149.0,5221.932114882507,2,2,Apartment,,,
"Suraram Colony, Hyderabad",Hyderabad,"4 BHK House for Sale in Suraram Colony, Hyderabad",11000000.0,100.0,110000.0,5,4,House,,,
"Suraram, Hyderabad",Hyderabad,"Plot for Sale in Suraram, Hyderabad",9897000.0,535.0,18499.06542056074,1,2,Apartment,,,
Suraram,Hyderabad,"2 BHK Flat for Sale in Suraram Colony, Hyderabad",6708000.0,1220.0,5498.360655737705,3,2,Apartment,,,
Suraram,Hyderabad,,28393436.88031823,2082.34965034965,13635.28784685638,3,3,Apartment,,,
"Suraram, Hyderabad",Hyderabad,"4 BHK House for Sale in Suraram, Hyderabad",10800000.0,100.0,108000.0,5,4,House,,,
"Suraram, Hyderabad",Hyderabad,"Plot for Sale in Suraram, Hyderabad",5550000.0,300.0,18500.0,5,3,Apartment,,,
Suraram,Hyderabad,"3 BHK Flat for Sale in Suraram Colony, Hyderabad",9623000.0,1750.0,5498.857142857143,3,3,Apartment,,,
"Suraram Colony, Hyderabad",Hyderabad,"6+ BHK House for Sale in Suraram Colony, Hyderabad",13500000.0,103.0,131067.9611650486,5,6,House,,,
"Suraram, Hyderabad",Hyderabad,"Plot for Sale in Suraram, Hyderabad",4939000.0,267.0,18498.12734082397,5,3,Apartment,,,
"Suraram Colony, Hyderabad",Hyderabad,"6 BHK House for Sale in Suraram Colony, Hyderabad",13000000.0,103.0,126213.5922330097,5,6,House,,,
"Suraram, Hyderabad",Hyderabad,"Plot for Sale in Suraram, Hyderabad",3385000.0,183.0,18497.26775956284,5,3,Apartment,,,
"Suraram Colony, Hyderabad",Hyderabad,"2 BHK House for Sale in Suraram Colony, Hyderabad",5000000.0,1239.4,4034.210101662094,3,3,House,,,
"Suraram, Hyderabad",Hyderabad,"1.5 BHK House for Sale in Suraram, Hyderabad",2400000.0,514.2,4667.444574095683,2,1,House,,,
"Suraram, Hyderabad",Hyderabad,"4 BHK House for Sale in Suraram, Hyderabad",222800000.0,100.0,295051.2315086969,5,4,House,,,
"Suraram, Hyderabad",Hyderabad,"4 BHK House for Sale in Suraram, Hyderabad",11000000.0,100.0,110000.0,5,4,House,,,
"Suraram, Hyderabad",Hyderabad,"6+ BHK House for Sale in Suraram, Hyderabad",25500000.0,200.0,127500.0,5,6,House,,,
"Suraram Colony, Hyderabad",Hyderabad,"6+ BHK House for Sale in Suraram Colony, Hyderabad",16500000.0,160.0,103125.0,5,6,House,,,
"Suraram, Hyderabad",Hyderabad,"4 BHK House for Sale in Suraram, Hyderabad",11500000.0,3362.0,3420.582986317668,3,4,House,,,
"Suraram, Hyderabad",Hyderabad,"6+ BHK House for Sale in Suraram, Hyderabad",19500000.0,133.0,146616.5413533835,5,6,House,,,
"Suraram, Hyderabad",Hyderabad,"Plot for Sale in Suraram, Hyderabad",7800000.0,150.0,52000.0,5,3,Apartment,,,
"Suraram, Hyderabad",Hyderabad,"2 BHK Flat for Sale in Suraram, Hyderabad",5500000.0,1115.0,4932.735426008969,2,2,Apartment,,,
"Suraram, Hyderabad",Hyderabad,"6+ BHK House for Sale in Suraram, Hyderabad",12500000.0,122.0,102459.0163934426,5,6,House,,,
"Suraram, Hyderabad",Hyderabad,"6+ BHK House for Sale in Suraram, Hyderabad",15000000.0,125.0,120000.0,5,6,House,,,
Tarnaka,Hyderabad,"2 BHK Flat for Sale in Tarnaka, Hyderabad",10100000.0,1300.0,7769.23076923077,3,2,Villa,,,
Tarnaka,Hyderabad,"3 BHK Flat for Sale in Tarnaka, Hyderabad",15000000.0,1453.0,10323.46868547832,3,2,Apartment,,,
Tarnaka,Hyderabad,"Plot for Sale in Tarnaka, Hyderabad",49000000.0,470.0,104255.3191489362,1,3,Apartment,,,
Know More About Tarnaka,Hyderabad,"— Tara Puri, Former resident",28393436.88031823,2082.34965034965,13635.28784685638,3,3,Apartment,,,
Tarnaka,Hyderabad,,28393436.88031823,2082.34965034965,13635.28784685638,3,3,Apartment,,,
"Tarnaka, Hyderabad",Hyderabad,"3 BHK Builder Floor for Sale in Tarnaka, Hyderabad",5518000.0,1581.0,3490.196078431372,3,3,Apartment,,,
"Tarnaka, Hyderabad",Hyderabad,"6 BHK Villa for Sale in Tarnaka, Hyderabad",85000000.0,375.0,226666.6666666666,1,6,Villa,,,
"Tarnaka, Hyderabad",Hyderabad,"2 BHK Flat for Sale in Tarnaka, Hyderabad",11400000.0,1350.0,8444.444444444443,3,2,Apartment,,,
Tarnaka,Hyderabad,"2 BHK Flat for Sale in Tarnaka, Hyderabad",2800000.0,750.0,3733.333333333333,3,2,Apartment,,,
"Tarnaka, Hyderabad",Hyderabad,"2 BHK Flat for Sale in Tarnaka, Hyderabad",8000000.0,1318.0,6069.802731411229,2,2,Apartment,,,
"Tarnaka, Hyderabad",Hyderabad,"2 BHK Flat for Sale in Tarnaka, Hyderabad",9000000.0,1330.0,6766.917293233083,1,2,Apartment,,,
"Tarnaka, Hyderabad",Hyderabad,"2 BHK Flat for Sale in Tarnaka, Hyderabad",6400000.0,1050.0,6095.238095238095,2,2,Apartment,,,
Tarnaka,Hyderabad,"2 BHK Flat for Sale in Tarnaka, Hyderabad",5900000.0,822.0,7177.615571776156,2,2,Apartment,,,
Tarnaka,Hyderabad,"4 BHK House for Sale in Tarnaka, Hyderabad",15000000.0,163.0,92024.53987730062,5,3,House,,,
Tarnaka,Hyderabad,"3.5 BHK Flat for Sale in Tarnaka, Hyderabad",43700000.0,3800.0,11500.0,3,5,Apartment,,,
Tellapur,Hyderabad,"3 BHK Flat for Sale in Tellapur, Hyderabad",18400000.0,2045.0,8997.555012224939,3,3,Apartment,,,
Tellapur,Hyderabad,3 BHK 2350 Sq. Ft. Apartment,28200000.0,2350.0,12000.0,3,3,Apartment,,,
Tellapur,Hyderabad,3 BHK 2650 Sq. Ft. Apartment,31800000.0,2650.0,12000.0,3,4,Apartment,,,
Tellapur,Hyderabad,4 BHK 2800 Sq. Ft. Apartment,33600000.0,2800.0,12000.0,4,4,Apartment,,,
Tellapur,Hyderabad,4 BHK 3600 Sq. Ft. Apartment,43200000.0,3600.0,12000.0,4,4,Apartment,,,
Tellapur,Hyderabad,"4 BHK Villa for Sale in Tellapur, Hyderabad",34000000.0,2850.0,11929.82456140351,5,5,Villa,,,
Tellapur,Hyderabad,"2 BHK Flat for Sale in Tellapur, Hyderabad",14500000.0,1350.0,10740.74074074074,3,2,Apartment,,,
Tellapur,Hyderabad,"4 BHK Flat for Sale in Tellapur, Hyderabad",62000000.0,3405.0,18208.51688693099,3,4,Apartment,,,
Tellapur,Hyderabad,3 BHK 2850 Sq. Ft. Apartment,29900000.0,2850.0,10491.22807017544,3,4,Apartment,,,
Tellapur,Hyderabad,4 BHK 3303 Sq. Ft. Apartment,34700000.0,3303.0,10505.60096881623,4,4,Apartment,,,
Tellapur,Hyderabad,4 BHK 3850 Sq. Ft. Apartment,40400000.0,3850.0,10493.50649350649,4,4,Apartment,,,
Tellapur,Hyderabad,,28393436.88031823,2082.34965034965,13635.28784685638,3,3,Apartment,,,
Tellapur,Hyderabad,"2.5 BHK Flat for Sale in Tellapur, Hyderabad",16500000.0,1101.0,14986.37602179836,3,2,Apartment,,,
Tellapur,Hyderabad,"2 BHK Flat for Sale in Tellapur, Hyderabad",13400000.0,1260.0,10634.92063492063,2,2,Apartment,,,
Tellapur,Hyderabad,"2.5 BHK Flat for Sale in Tellapur, Hyderabad",18000000.0,1573.0,11443.10235219326,3,2,Apartment,,,
Tellapur,Hyderabad,3 BHK 2180 Sq. Ft. Apartment,20900000.0,2180.0,9587.155963302752,3,4,Apartment,,,
Tellapur,Hyderabad,3 BHK 1750 Sq. Ft. Apartment,16800000.0,1750.0,9600.0,3,3,Apartment,,,
Tellapur,Hyderabad,4 BHK 3020 Sq. Ft. Apartment,29000000.0,3020.0,9602.649006622516,4,4,Apartment,,,
Tellapur,Hyderabad,"2 BHK Flat for Sale in Tellapur, Hyderabad",10600000.0,1432.0,7402.234636871508,3,2,Apartment,,,
Tellapur,Hyderabad,"2 BHK Flat for Sale in Tellapur, Hyderabad",10200000.0,1295.0,7876.447876447876,2,2,Apartment,,,
Tellapur,Hyderabad,"2 BHK Flat for Sale in Tellapur, Hyderabad",13500000.0,954.0,14150.94339622642,2,2,Apartment,,,
Tellapur,Hyderabad,3 BHK 2003 Sq. Ft. Apartment,23000000.0,2003.0,11482.77583624563,3,3,Apartment,,,
Tellapur,Hyderabad,3 BHK 2870 Sq. Ft. Apartment,33000000.0,2870.0,11498.25783972126,3,4,Apartment,,,
Tellapur,Hyderabad,4 BHK 3500 Sq. Ft. Apartment,40300000.0,3500.0,11514.28571428571,4,4,Apartment,,,
Tellapur,Hyderabad,4 BHK 4037 Sq. Ft. Apartment,46400000.0,4037.0,11493.68342828833,4,4,Apartment,,,
Tellapur,Hyderabad,"2 BHK Flat for Sale in Tellapur, Hyderabad",13500000.0,953.0,14165.79223504722,2,2,Apartment,,,
"Tellapur, Hyderabad",Hyderabad,"2 BHK Flat for Sale in Tellapur, Hyderabad",10300000.0,1314.0,7838.660578386606,2,2,Apartment,,,
"Tellapur, Hyderabad",Hyderabad,"3 BHK Flat for Sale in Tellapur, Hyderabad",10900000.0,1885.0,5782.493368700265,3,3,Apartment,,,
Tellapur,Hyderabad,3 BHK 1796 Sq. Ft. Apartment,18000000.0,1796.0,10022.27171492205,3,2,Apartment,,,
Tellapur,Hyderabad,3 BHK 2124 Sq. Ft. Apartment,21200000.0,2124.0,9981.167608286252,3,4,Apartment,,,
Tellapur,Hyderabad,4 BHK 2708 Sq. Ft. Apartment,27100000.0,2708.0,10007.38552437223,4,3,Apartment,,,
"Tellapur, Hyderabad",Hyderabad,"3 BHK Flat for Sale in Tellapur, Hyderabad",10600000.0,2000.0,5300.0,3,3,Apartment,,,
"Tellapur, Hyderabad",Hyderabad,"3 BHK Flat for Sale in Tellapur, Hyderabad",17800000.0,1725.0,10318.84057971014,3,3,Apartment,,,
Tellapur,Hyderabad,"3.5 BHK Flat for Sale in Tellapur, Hyderabad",20000000.0,2208.0,9057.971014492754,3,4,Apartment,,,
Tellapur,Hyderabad,2 BHK 1296 Sq. Ft. Apartment,11300000.0,1296.0,8719.135802469134,2,2,Apartment,,,
Tellapur,Hyderabad,2 BHK 1340 Sq. Ft. Apartment,11700000.0,1340.0,8731.34328358209,2,2,Apartment,,,
Tellapur,Hyderabad,3 BHK 1909 Sq. Ft. Apartment,16700000.0,1909.0,8748.035620743845,3,3,Apartment,,,
Tellapur,Hyderabad,3 BHK 2044 Sq. Ft. Apartment,17900000.0,2044.0,8757.3385518591,3,3,Apartment,,,
"Tellapur, Hyderabad",Hyderabad,"4 BHK Villa for Sale in Tellapur, Hyderabad",60000000.0,4000.0,15000.0,3,4,Villa,,,
"Tellapur, Hyderabad",Hyderabad,"3 BHK Flat for Sale in Tellapur, Hyderabad",15200000.0,3045.0,4991.789819376027,4,3,Apartment,,,
Tellapur,Hyderabad,"2 BHK Flat for Sale in Tellapur, Hyderabad",15000000.0,1355.0,11070.11070110701,2,2,Apartment,,,
Tellapur,Hyderabad,3 BHK 1601 Sq. Ft. Apartment,15200000.0,1601.0,9494.066208619612,3,3,Apartment,,,
Tellapur,Hyderabad,3 BHK 2656 Sq. Ft. Apartment,25200000.0,2656.0,9487.951807228916,3,4,Apartment,,,
Tellapur,Hyderabad,3 BHK 2064 Sq. Ft. Apartment,19600000.0,2064.0,9496.124031007752,3,3,Apartment,,,
Tellapur,Hyderabad,3 BHK 1537 Sq. Ft. Apartment,14600000.0,1537.0,9499.024072869226,3,3,Apartment,,,
Tellapur,Hyderabad,"3 BHK Flat for Sale in Tellapur, Hyderabad",19000000.0,1840.0,10326.08695652174,3,3,Apartment,,,
"Tellapur, Hyderabad",Hyderabad,"2 BHK Flat for Sale in Tellapur, Hyderabad",10700000.0,1509.0,7090.788601722996,3,2,Apartment,,,
"Tellapur, Hyderabad",Hyderabad,"2.5 BHK Flat for Sale in Tellapur, Hyderabad",15500000.0,1505.0,10299.00332225914,3,2,Apartment,,,
"Tellapur, Hyderabad",Hyderabad,"Plot for Sale in Tellapur, Hyderabad",222800000.0,10200.0,46469.84107314353,5,5,Apartment,,,
Tellapur,Hyderabad,"3 BHK Flat for Sale in Tellapur, Hyderabad",12500000.0,1507.0,8294.625082946251,3,3,Apartment,,,
Tellapur,Hyderabad,"3.5 BHK Villa for Sale in Tellapur, Hyderabad",45000000.0,3446.0,13058.6186883343,4,4,Villa,,,
Tolichowki,Hyderabad,"4 BHK House for Sale in Tolichowki, Hyderabad",12000000.0,4813.8,2492.833104823632,3,4,Apartment,,,
Tolichowki,Hyderabad,3 BHK 2025 Sq. Ft. Apartment,24100000.0,2025.0,11901.23456790123,3,3,Apartment,,,
Tolichowki,Hyderabad,3 BHK 1868 Sq. Ft. Apartment,21000000.0,1868.0,11241.97002141328,3,3,Apartment,,,
Tolichowki,Hyderabad,4 BHK 2530 Sq. Ft. Apartment,28500000.0,2530.0,11264.82213438735,4,3,Apartment,,,
Tolichowki,Hyderabad,4 BHK 2635 Sq. Ft. Apartment,31500000.0,2635.0,11954.45920303605,4,4,Apartment,,,
Tolichowki,Hyderabad,"3 BHK House for Sale in Tolichowki, Hyderabad",19000000.0,150.0,126666.6666666667,5,3,House,,,
Tolichowki,Hyderabad,"4 BHK Flat for Sale in Tolichowki, Hyderabad",30000000.0,2480.0,12096.77419354839,3,4,Apartment,,,
Tolichowki,Hyderabad,3 BHK 2125 Sq. Ft. Apartment,25360000.0,2125.0,11934.11764705882,3,3,Apartment,,,
Tolichowki,Hyderabad,4 BHK 3500 Sq. Ft. Apartment,63180000.0,3500.0,18051.42857142857,4,5,Apartment,,,
Tolichowki,Hyderabad,"— Mohd Ghouse, Former resident",28393436.88031823,2082.34965034965,13635.28784685638,3,3,Apartment,,,
Tolichowki,Hyderabad,,28393436.88031823,2082.34965034965,13635.28784685638,3,3,Apartment,,,
"Tolichowki, Hyderabad",Hyderabad,"3 BHK Flat for Sale in Tolichowki, Hyderabad",19000000.0,2100.0,9047.619047619048,3,3,Apartment,,,
"Tolichowki, Hyderabad",Hyderabad,"Plot for Sale in Tolichowki, Hyderabad",25000000.0,264.0,94696.9696969697,5,5,Apartment,,,
"Tolichowki, Hyderabad",Hyderabad,"3 BHK House for Sale in Tolichowki, Hyderabad",29500000.0,233.0,126609.4420600858,5,3,House,,,
"Tolichowki, Hyderabad",Hyderabad,"3 BHK Flat for Sale in Tolichowki, Hyderabad",7600000.0,1700.0,4470.588235294118,3,3,Apartment,,,
"Tolichowki, Hyderabad",Hyderabad,"2.5 BHK Flat for Sale in Tolichowki, Hyderabad",6500000.0,1035.0,6280.193236714976,2,2,Apartment,,,
Tolichowki,Hyderabad,"3 BHK Flat for Sale in Tolichowki, Hyderabad",27500000.0,2575.0,10679.61165048544,3,3,Apartment,,,
"Tolichowki, Hyderabad",Hyderabad,"2 BHK Flat for Sale in Tolichowki, Hyderabad",4500000.0,1110.0,4054.054054054054,2,2,Apartment,,,
Tolichowki,Hyderabad,"2 BHK Flat for Sale in Tolichowki, Hyderabad",3600000.0,980.0,3673.469387755102,2,2,Apartment,,,
"Tolichowki, Hyderabad",Hyderabad,"5 BHK House for Sale in Tolichowki, Hyderabad",222800000.0,232.0,295051.2315086969,5,5,House,,,
Tolichowki,Hyderabad,"3 BHK Flat for Sale in Tolichowki, Hyderabad",31000000.0,2575.0,12038.83495145631,3,3,Apartment,,,
Uppal,Hyderabad,"3 BHK Flat for Sale in Uppal, Hyderabad",10500000.0,1755.0,5982.905982905983,3,3,Apartment,,,
Uppal,Hyderabad,2 BHK 1310 Sq. Ft. Apartment,11100000.0,1310.0,8473.282442748094,2,2,Apartment,,,
Uppal,Hyderabad,3 BHK 1505 Sq. Ft. Apartment,14300000.0,1505.0,9501.661129568109,3,3,Apartment,,,
Uppal,Hyderabad,3 BHK 1860 Sq. Ft. Apartment,17700000.0,1860.0,9516.129032258064,3,3,Apartment,,,
"Uppal, Hyderabad",Hyderabad,"Plot for Sale in Uppal, Hyderabad",25000000.0,200.0,125000.0,5,4,Apartment,,,
"Uppal, Hyderabad",Hyderabad,"Shop for Sale in Uppal, Hyderabad",70000000.0,525.0,133333.3333333333,1,3,Apartment,,,
Uppal,Hyderabad,3 BHK 1265 Sq. Ft. Apartment,6958000.0,1265.0,5500.395256916996,3,2,Apartment,,,
Uppal,Hyderabad,3 BHK 1825 Sq. Ft. Apartment,10000000.0,1825.0,5479.45205479452,3,3,Apartment,,,
Uppal,Hyderabad,"— vasubabu earthineni, Owner",28393436.88031823,2082.34965034965,13635.28784685638,3,3,Apartment,,,
Uppal,Hyderabad,,28393436.88031823,2082.34965034965,13635.28784685638,3,3,Apartment,,,
"Uppal, Hyderabad",Hyderabad,"Plot for Sale in Uppal, Hyderabad",17000000.0,200.0,85000.0,5,3,Apartment,,,
Uppal,Hyderabad,"3 BHK Flat for Sale in Uppal, Hyderabad",11700000.0,1735.0,6743.515850144092,3,3,Apartment,,,
Uppal,Hyderabad,2 BHK 1210 Sq. Ft. Apartment,6895999.999999999,1210.0,5699.173553719008,2,2,Apartment,,,
Uppal,Hyderabad,3 BHK 1475 Sq. Ft. Apartment,8406000.0,1475.0,5698.983050847458,3,3,Apartment,,,
Uppal,Hyderabad,"4 BHK Flat for Sale in Uppal, Hyderabad",23400000.0,2964.0,7894.736842105263,5,4,Apartment,,,
Uppal,Hyderabad,"2 BHK Flat for Sale in Uppal, Hyderabad",9201000.0,1409.0,6530.163236337828,3,2,Apartment,,,
Uppal,Hyderabad,3 BHK 1635 Sq. Ft. Apartment,9810000.0,1635.0,6000.0,3,3,Apartment,,,
Uppal,Hyderabad,3 BHK 2435 Sq. Ft. Apartment,14600000.0,2435.0,5995.893223819302,3,3,Apartment,,,
"Uppal, Hyderabad",Hyderabad,"3 BHK Flat for Sale in Uppal, Hyderabad",9000000.0,1517.0,5932.762030323006,3,3,Apartment,,,
"Uppal, Hyderabad",Hyderabad,"3 BHK Builder Floor for Sale in Uppal, Hyderabad",55500000.0,970.0,57216.49484536082,2,2,Apartment,,,
Uppal,Hyderabad,"3 BHK Flat for Sale in Uppal, Hyderabad",13600000.0,1690.0,8047.33727810651,3,3,Apartment,,,
Uppal,Hyderabad,"3 BHK Flat for Sale in Uppal, Hyderabad",11800000.0,1790.0,6592.17877094972,3,3,Apartment,,,
"Uppal, Hyderabad",Hyderabad,"2 BHK House for Sale in Uppal, Hyderabad",7000000.0,133.0,52631.57894736842,5,1,House,,,
"Uppal, Hyderabad",Hyderabad,"3 BHK Flat for Sale in Uppal, Hyderabad",10500000.0,1630.0,6441.717791411043,3,3,Apartment,,,
"Uppal, Hyderabad",Hyderabad,"4 BHK House for Sale in Uppal, Hyderabad",9900000.0,250.0,39600.0,5,2,House,,,
Uppal,Hyderabad,"1 BHK Flat for Sale in Uppal, Hyderabad",2500000.0,500.0,5000.0,1,1,Apartment,,,
Vidyanagar,Hyderabad,"6+ BHK House for Sale in Vidyanagar, Hyderabad",39000000.0,266.0,146616.5413533835,5,3,Apartment,,,
Vidyanagar,Hyderabad,2 BHK 1352 Sq. Ft. Apartment,12200000.0,1352.0,9023.668639053254,2,2,Apartment,,,
Vidyanagar,Hyderabad,3 BHK 1680 Sq. Ft. Apartment,15100000.0,1680.0,8988.095238095239,3,3,Apartment,,,
Vidyanagar,Hyderabad,3 BHK 2017 Sq. Ft. Apartment,18200000.0,2017.0,9023.3019335647,3,3,Apartment,,,
Vidyanagar,Hyderabad,4 BHK 2904 Sq. Ft. Apartment,26100000.0,2904.0,8987.603305785124,4,4,Apartment,,,
Vidyanagar,Hyderabad,4 BHK 3571 Sq. Ft. Apartment,32100000.0,3571.0,8989.078689442733,4,4,Apartment,,,
Vidyanagar,Hyderabad,3 BHK 1571 Sq. Ft. Apartment,12900000.0,1571.0,8211.330362826226,3,3,Apartment,,,
Vidyanagar,Hyderabad,3 BHK 2101 Sq. Ft. Apartment,17200000.0,2101.0,8186.577820085674,3,4,Apartment,,,
Vidyanagar,Hyderabad,4 BHK 2407 Sq. Ft. Apartment,19700000.0,2407.0,8184.461985874533,4,4,Apartment,,,
Vidyanagar,Hyderabad,4 BHK 3233 Sq. Ft. Apartment,26500000.0,3233.0,8196.72131147541,4,4,Apartment,,,
Vidyanagar,Hyderabad,3 BHK 2290 Sq. Ft. Apartment,17400000.0,2290.0,7598.25327510917,3,3,Apartment,,,
Vidyanagar,Hyderabad,3 BHK 2875 Sq. Ft. Apartment,21900000.0,2875.0,7617.391304347826,3,4,Apartment,,,
Vidyanagar,Hyderabad,4 BHK 3370 Sq. Ft. Apartment,25600000.0,3370.0,7596.439169139466,4,4,Apartment,,,
Vidyanagar,Hyderabad,4 BHK 4100 Sq. Ft. Apartment,31200000.0,4100.0,7609.756097560976,4,4,Apartment,,,
Vidyanagar,Hyderabad,5 BHK 10634 Sq. Ft. Villa,152460000.0,10200.0,14337.03216099304,5,4,Villa,,,
Vidyanagar,Hyderabad,5 BHK 11635 Sq. Ft. Villa,133160000.0,10200.0,11444.77868500215,5,3,Villa,,,
Vidyanagar,Hyderabad,2 BHK 1179 Sq. Ft. Apartment,11100000.0,1179.0,9414.758269720103,2,2,Apartment,,,
Vidyanagar,Hyderabad,2 BHK 1548 Sq. Ft. Apartment,14500000.0,1548.0,9366.925064599483,2,3,Apartment,,,
Vidyanagar,Hyderabad,3 BHK 1631 Sq. Ft. Apartment,15300000.0,1631.0,9380.74800735745,3,3,Apartment,,,
Vidyanagar,Hyderabad,3 BHK 2433 Sq. Ft. Apartment,22800000.0,2433.0,9371.1467324291,3,4,Apartment,,,
Vidyanagar,Hyderabad,4 BHK 3348 Sq. Ft. Apartment,31400000.0,3348.0,9378.73357228196,4,4,Apartment,,,
Vidyanagar,Hyderabad,4 BHK 3400 Sq. Ft. Apartment,31900000.0,3400.0,9382.35294117647,4,4,Apartment,,,
Vidyanagar,Hyderabad,4 BHK 3591 Sq. Ft. Villa,69300000.0,3591.0,19298.24561403509,4,4,Villa,,,
Vidyanagar,Hyderabad,5 BHK 5700 Sq. Ft. Villa,110000000.0,5700.0,19298.24561403509,5,4,Villa,,,
Vidyanagar,Hyderabad,5 BHK 6932 Sq. Ft. Villa,133800000.0,6932.0,19301.78880553953,5,4,Villa,,,
Vidyanagar,Hyderabad,3 BHK 2231 Sq. Ft. Apartment,16300000.0,2231.0,7306.140744060958,3,4,Apartment,,,
Vidyanagar,Hyderabad,3 BHK 2386 Sq. Ft. Apartment,17400000.0,2386.0,7292.539815590947,3,3,Apartment,,,
Vidyanagar,Hyderabad,4 BHK 2791 Sq. Ft. Apartment,20400000.0,2791.0,7309.208169115012,4,4,Apartment,,,
Vidyanagar,Hyderabad,4 BHK 3720 Sq. Ft. Apartment,27200000.0,3720.0,7311.827956989248,4,4,Apartment,,,
Vidyanagar,Hyderabad,4 BHK 2800 Sq. Ft. Villa,32000000.0,2800.0,11428.57142857143,4,4,Villa,,,
Vidyanagar,Hyderabad,4 BHK 2804 Sq. Ft. Villa,32000000.0,2804.0,11412.26818830242,4,4,Villa,,,
Vidyanagar,Hyderabad,"2 BHK Flat for Sale in New Nallakunta, Hyderabad",9000000.0,960.0,9375.0,2,2,Apartment,,,
Vidyanagar,Hyderabad,"3 BHK Flat for Sale in New Nallakunta, Hyderabad",6600000.0,1500.0,4400.0,3,3,Apartment,,,
Vidyanagar,Hyderabad,"3 BHK Flat for Sale in Zamistanpur, Hyderabad",19900000.0,2636.0,7549.317147192716,5,4,Apartment,,,
Vidyanagar,Hyderabad,"5 BHK Flat for Sale in Ram Nagar, Hyderabad",39000000.0,300.0,130000.0,5,3,Apartment,,,
Vidyanagar,Hyderabad,"3 BHK Flat for Sale in New Nallakunta, Hyderabad",13000000.0,1640.0,7926.829268292683,3,3,Apartment,,,
"New Nallakunta, Hyderabad",Hyderabad,"Plot for Sale in New Nallakunta, Hyderabad",1200000.0,363.0,3305.785123966942,2,3,Apartment,,,
Vidyanagar,Hyderabad,"2 BHK Flat for Sale in Padmarao Nagar, Hyderabad",6700000.0,1250.0,5360.0,3,2,Apartment,,,
Vidyanagar,Hyderabad,"1 BHK Flat for Sale in New Nallakunta, Hyderabad",4000000.0,700.0,5714.285714285715,1,1,Apartment,,,
Vidyanagar,Hyderabad,"2 BHK Flat for Sale in Sitaphalmandi, Hyderabad",6500000.0,1100.0,5909.090909090909,2,2,Apartment,,,
Yousufguda,Hyderabad,"3 BHK Flat for Sale in Sri Nagar Colony, Hyderabad",13000000.0,1680.0,7738.095238095239,3,3,Apartment,,,
Yousufguda,Hyderabad,3 BHK 2025 Sq. Ft. Apartment,24100000.0,2025.0,11901.23456790123,3,3,Apartment,,,
Yousufguda,Hyderabad,3 BHK 1868 Sq. Ft. Apartment,21000000.0,1868.0,11241.97002141328,3,3,Apartment,,,
Yousufguda,Hyderabad,4 BHK 2530 Sq. Ft. Apartment,28500000.0,2530.0,11264.82213438735,4,3,Apartment,,,
Yousufguda,Hyderabad,4 BHK 2635 Sq. Ft. Apartment,31500000.0,2635.0,11954.45920303605,4,4,Apartment,,,
"Sri Nagar Colony, Hyderabad",Hyderabad,"3 BHK Flat for Sale in Sri Nagar Colony, Hyderabad",11500000.0,1300.0,8846.153846153846,3,2,Apartment,,,
"Yousufguda, Hyderabad",Hyderabad,"6+ BHK House for Sale in Yousufguda, Hyderabad",11500000.0,2000.0,5750.0,3,5,House,,,
Yousufguda,Hyderabad,3 BHK 2125 Sq. Ft. Apartment,25360000.0,2125.0,11934.11764705882,3,3,Apartment,,,
Yousufguda,Hyderabad,4 BHK 3500 Sq. Ft. Apartment,63180000.0,3500.0,18051.42857142857,4,5,Apartment,,,
Yousufguda,Hyderabad,,28393436.88031823,2082.34965034965,13635.28784685638,3,3,Apartment,,,
"Sri Nagar Colony, Hyderabad",Hyderabad,"3 BHK Flat for Sale in Sri Nagar Colony, Hyderabad",18000000.0,1974.0,9118.54103343465,3,3,Apartment,,,
Yousufguda,Hyderabad,"4 BHK Flat for Sale in Yousufguda, Hyderabad",55000000.0,115.0,295051.2315086969,5,3,Apartment,,,
"Yousufguda, Hyderabad",Hyderabad,"3 BHK Flat for Sale in Yousufguda, Hyderabad",18000000.0,1714.0,10501.75029171528,3,3,Apartment,,,
"Yousufguda, Hyderabad",Hyderabad,"6+ BHK House for Sale in Yousufguda, Hyderabad",11500000.0,2010.0,5721.393034825871,3,5,House,,,
"Yousufguda, Hyderabad",Hyderabad,"4 BHK House for Sale in Yousufguda, Hyderabad",42000000.0,3200.0,13125.0,4,4,House,,,
"Sri Nagar Colony, Hyderabad",Hyderabad,"Plot for Sale in Sri Nagar Colony, Hyderabad",31962000.0,333.0,95981.98198198198,3,4,Apartment,,,
"Sri Nagar Colony, Hyderabad",Hyderabad,"2 BHK Flat for Sale in Sri Nagar Colony, Hyderabad",8500000.0,1350.0,6296.296296296297,3,2,Apartment,,,
"Sri Nagar Colony, Hyderabad",Hyderabad,"3 BHK Flat for Sale in Sri Nagar Colony, Hyderabad",14000000.0,2500.0,5600.0,3,3,Apartment,,,
"Banjara Hills, Hyderabad",Hyderabad,"3 BHK Flat for Sale in Banjara Hills, Hyderabad",20000000.0,2500.0,8000.0,3,3,Villa,,,
"Banjara Hills, Hyderabad",Hyderabad,"6 BHK Villa for Sale in Banjara Hills, Hyderabad",222800000.0,10200.0,23333.33333333333,4,6,Villa,,,
Yousufguda,Hyderabad,"4 BHK Villa for Sale in Jubilee Hills, Hyderabad",85500000.0,3175.0,26929.13385826772,4,3,Villa,,,
Yousufguda,Hyderabad,"4 BHK Villa for Sale in Jubilee Hills, Hyderabad",85500000.0,3165.0,27014.21800947867,4,3,Villa,,,
Yousufguda,Hyderabad,"4 BHK Villa for Sale in Jubilee Hills, Hyderabad",90500000.0,3250.0,27846.15384615385,3,3,Villa,,,
Yousufguda,Hyderabad,"4 BHK Villa for Sale in Jubilee Hills, Hyderabad",85500000.0,3162.0,27039.84819734345,4,3,Villa,,,
Yousufguda,Hyderabad,"4 BHK Villa for Sale in Jubilee Hills, Hyderabad",85500000.0,3155.0,27099.84152139461,4,3,Villa,,,
Yousufguda,Hyderabad,"4 BHK Villa for Sale in Jubilee Hills, Hyderabad",90300000.0,3230.0,27956.65634674923,4,3,Villa,,,
Yousufguda,Hyderabad,"4 BHK Flat for Sale in Jubilee Hills, Hyderabad",90000000.0,3200.0,28125.0,4,3,Apartment,,,
Yousufguda,Hyderabad,"3 BHK Villa for Sale in Jubilee Hills, Hyderabad",30000000.0,2600.0,11538.46153846154,5,3,Villa,,,
Yousufguda,Hyderabad,"4 BHK Villa for Sale in Jubilee Hills, Hyderabad",85600000.0,3160.0,27088.60759493671,4,3,Villa,,,
Yousufguda,Hyderabad,"4 BHK Flat for Sale in Jubilee Hills, Hyderabad",90100000.0,3215.0,28024.8833592535,4,3,Apartment,,,
Yousufguda,Hyderabad,"4 BHK Flat for Sale in Jubilee Hills, Hyderabad",90800000.0,3280.0,27682.92682926829,3,3,Apartment,,,
Yousufguda,Hyderabad,"4 BHK Flat for Sale in Jubilee Hills, Hyderabad",90900000.0,3290.0,27629.17933130699,3,3,Apartment,,,
Yousufguda,Hyderabad,"4 BHK Villa for Sale in Jubilee Hills, Hyderabad",85500000.0,3161.0,27048.40240430244,4,3,Villa,,,
Yousufguda,Hyderabad,"4 BHK Villa for Sale in Jubilee Hills, Hyderabad",94000000.0,3240.0,29012.34567901235,3,3,Villa,,,
Yousufguda,Hyderabad,"4 BHK Flat for Sale in Jubilee Hills, Hyderabad",90700000.0,3270.0,27737.00305810397,3,3,Apartment,,,
Yousufguda,Hyderabad,"4 BHK Villa for Sale in Jubilee Hills, Hyderabad",85600000.0,3155.0,27131.53724247226,4,3,Villa,,,
Yousufguda,Hyderabad,"4 BHK Villa for Sale in Jubilee Hills, Hyderabad",85500000.0,3170.0,26971.60883280757,4,3,Villa,,,
Yousufguda,Hyderabad,"4 BHK Flat for Sale in Jubilee Hills, Hyderabad",90600000.0,3260.0,27791.41104294478,3,3,Apartment,,,
Yousufguda,Hyderabad,"4 BHK Flat for Sale in Jubilee Hills, Hyderabad",90100000.0,3210.0,28068.53582554517,4,3,Apartment,,,
Yousufguda,Hyderabad,"3 BHK Flat for Sale in Jubilee Hills, Hyderabad",12500000.0,1200.0,10416.66666666667,2,2,Apartment,,,
Yousufguda,Hyderabad,"6 BHK House for Sale in Jubilee Hills, Hyderabad",222800000.0,1040.0,221153.8461538462,2,4,House,,,
Abids,Hyderabad,,107250000.0,10195.625,14444.0,5,7,Plot,,,
Abids,Hyderabad,,107250000.0,10080.0,14444.0,6,5,Apartment,,,
Abids,Hyderabad,,14444.0,1011.6,14444.0,1,1,Apartment,,,
Abids,Hyderabad,,97240000.0,10195.625,7202.962962962963,4,3,Plot,,,
Abids,Hyderabad,,15385054.88252427,1940.211690056733,7929.575397040516,3,3,Plot,,,
Abids,Hyderabad,,4500000.0,1000.0,4500.0,2,2,Apartment,,,
Abids,Hyderabad,,3600000.0,1163.0,3095.442820292348,2,2,Apartment,,,
Abids,Hyderabad,,4500000.0,995.8,4500.0,3,2,Apartment,,,
Abids,Hyderabad,,15385054.88252427,1940.211690056733,4500.0,3,3,Apartment,,,
Abids,Hyderabad,,4940000.0,1000.0,4940.0,3,2,Apartment,,,
Abids,Hyderabad,,9384000.0,836.0,11224.88038277512,2,2,Apartment,,,
Abids,Hyderabad,,8210000.0,1000.0,8210.0,2,2,Apartment,,,
Abids,Hyderabad,,6500000.0,900.0,7222.0,2,2,Apartment,,,
Abids,Hyderabad,,6500000.0,990.6,7222.0,2,2,Apartment,,,
Abids,Hyderabad,,15385054.88252427,1940.211690056733,7222.0,3,3,Apartment,,,
Abids,Hyderabad,,7460000.0,900.0,8288.888888888889,2,2,Apartment,,,
Abids,Hyderabad,,6000000.0,950.0,6315.0,2,2,Apartment,,,
Abids,Hyderabad,,6000000.0,1387.2,6315.0,2,2,Apartment,,,
Abids,Hyderabad,,15385054.88252427,1940.211690056733,6315.0,3,3,Apartment,,,
Abids,Hyderabad,,4920000.0,950.0,5178.947368421052,2,2,Apartment,,,
Abids,Hyderabad,,6500000.0,960.0,6770.0,2,2,Apartment,,,
Abids,Hyderabad,,6500000.0,990.6,6770.0,2,2,Apartment,,,
Abids,Hyderabad,,15385054.88252427,1940.211690056733,6770.0,3,3,Apartment,,,
Abids,Hyderabad,,6540000.0,960.0,6812.5,2,2,Apartment,,,
Abids,Hyderabad,,8000000.0,1000.0,8000.0,2,2,House,,,
Abids,Hyderabad,,3600000.0,1163.0,3095.442820292348,2,2,House,,,
Abids,Hyderabad,,8000000.0,1000.0,8000.0,2,2,Apartment,,,
Abids,Hyderabad,,8000000.0,937.4,8000.0,2,2,Apartment,,,
Abids,Hyderabad,,15385054.88252427,1940.211690056733,8000.0,3,3,Apartment,,,
Abids,Hyderabad,,8000000.0,1300.0,6154.0,2,2,Apartment,,,
Abids,Hyderabad,,8000000.0,937.4,6154.0,2,2,Apartment,,,
Abids,Hyderabad,,15385054.88252427,1940.211690056733,6154.0,3,3,Apartment,,,
Abids,Hyderabad,,6530000.0,1300.0,5023.076923076923,3,3,Apartment,,,
Abids,Hyderabad,,5960000.0,1300.0,4584.615384615385,2,2,Apartment,,,
Abids,Hyderabad,,8200000.0,1136.0,7218.0,2,2,Apartment,,,
Abids,Hyderabad,,8200000.0,1180.0,7218.0,2,2,Apartment,,,
Abids,Hyderabad,,15385054.88252427,1940.211690056733,7218.0,3,3,Apartment,,,
Abids,Hyderabad,,7720000.0,1136.0,6795.774647887324,2,2,Apartment,,,
Abids,Hyderabad,,9800000.0,1136.0,8626.760563380281,2,2,Apartment,,,
Abids,Hyderabad,,7000000.0,1074.0,6517.0,2,2,Apartment,,,
Abids,Hyderabad,,7000000.0,1121.0,6517.0,2,2,Apartment,,,
Abids,Hyderabad,,15385054.88252427,1940.211690056733,6517.0,3,3,Apartment,,,
Abids,Hyderabad,,5900000.0,1074.0,5493.482309124767,2,2,Apartment,,,
Abids,Hyderabad,,5620000.0,1074.0,5232.774674115456,2,2,Apartment,,,
Abids,Hyderabad,,4000000.0,1100.0,3809.0,2,2,Apartment,,,
Abids,Hyderabad,,4000000.0,605.6,3809.0,2,2,Apartment,,,
Abids,Hyderabad,,15385054.88252427,1940.211690056733,3809.0,3,3,Apartment,,,
Abids,Hyderabad,,6940000.0,1100.0,6309.090909090909,2,2,Apartment,,,
Abids,Hyderabad,,6500000.0,1057.0,6149.0,2,2,Apartment,,,
Abids,Hyderabad,,6500000.0,990.6,6149.0,2,2,Apartment,,,
Abids,Hyderabad,,15385054.88252427,1940.211690056733,6149.0,3,3,Apartment,,,
Abids,Hyderabad,,5300000.0,1057.0,5014.191106906339,2,2,Apartment,,,
Abids,Hyderabad,,7820000.0,1057.0,7398.297067171239,2,2,Apartment,,,
Abids,Hyderabad,,6200000.0,785.0,7898.0,2,2,Apartment,,,
Abids,Hyderabad,,6200000.0,964.4,7898.0,2,2,Apartment,,,
Abids,Hyderabad,,15385054.88252427,1940.211690056733,7898.0,3,3,Apartment,,,
Abids,Hyderabad,,6980000.0,785.0,8891.71974522293,2,2,Apartment,,,
Abids,Hyderabad,,6000000.0,1030.0,5825.0,2,2,Apartment,,,
Abids,Hyderabad,,6000000.0,1387.2,5825.0,2,2,Apartment,,,
Abids,Hyderabad,,15385054.88252427,1940.211690056733,5825.0,3,3,Apartment,,,
Abids,Hyderabad,,5600000.0,1030.0,5436.893203883496,2,2,Apartment,,,
Abids,Hyderabad,,7760000.0,1030.0,7533.980582524272,2,2,Apartment,,,
Abids,Hyderabad,,5800000.0,680.0,8529.0,2,2,Apartment,,,
Abids,Hyderabad,,5800000.0,832.0,8529.0,2,2,Apartment,,,
Abids,Hyderabad,,15385054.88252427,1940.211690056733,8529.0,3,3,Apartment,,,
Abids,Hyderabad,,4900000.0,680.0,7205.882352941177,2,2,Apartment,,,
Abids,Hyderabad,,5500000.0,679.0,8100.0,2,2,Apartment,,,
Abids,Hyderabad,,5500000.0,1024.4,8100.0,3,2,Apartment,,,
Abids,Hyderabad,,15385054.88252427,1940.211690056733,8100.0,3,3,Apartment,,,
Abids,Hyderabad,,5080000.0,679.0,7481.59057437408,2,2,Apartment,,,
Abids,Hyderabad,,6620000.0,679.0,9749.63181148748,2,2,Apartment,,,
Abids,Hyderabad,,7100000.0,1400.0,5714.0,3,2,Apartment,,,
Abids,Hyderabad,,9960000.0,2301.0,4328.552803129074,3,3,Apartment,,,
Abids,Hyderabad,,7100000.0,1366.0,5714.0,3,2,Apartment,,,
Abids,Hyderabad,,15385054.88252427,1940.211690056733,5714.0,3,3,Apartment,,,
Abids,Hyderabad,,21300000.0,1400.0,15214.28571428571,3,2,Apartment,,,
Abids,Hyderabad,,10000000.0,1529.8,6536.802196365538,3,2,Apartment,,,
Abids,Hyderabad,,13780000.0,1400.0,9842.857142857143,3,2,Apartment,,,
Abids,Hyderabad,,4700000.0,1100.0,4272.0,2,2,Apartment,,,
Abids,Hyderabad,,4700000.0,1034.8,4272.0,2,2,Apartment,,,
Abids,Hyderabad,,15385054.88252427,1940.211690056733,4272.0,3,3,Apartment,,,
Abids,Hyderabad,,7435800.0,1100.0,6759.818181818182,2,2,Apartment,,,
Abids,Hyderabad,,8000000.0,720.0,11111.0,1,1,Plot,,,
Abids,Hyderabad,,6640000.0,9714.4,683.5213703368196,1,1,Apartment,,,
Abids,Hyderabad,,8000000.0,937.4,11111.0,2,2,Apartment,,,
Abids,Hyderabad,,11111.0,1011.6,11111.0,1,1,Apartment,,,
Abids,Hyderabad,,9800000.0,720.0,13611.11111111111,3,3,Plot,,,
Abids,Hyderabad,,19520000.0,5987.2,3260.288615713522,1,1,Apartment,,,
Abids,Hyderabad,,6000000.0,1800.0,3333.0,3,3,Plot,,,
Abids,Hyderabad,,6000000.0,1387.2,3333.0,2,2,Apartment,,,
Abids,Hyderabad,,15385054.88252427,1940.211690056733,3333.0,3,3,Apartment,,,
Abids,Hyderabad,,16240000.0,1800.0,9022.222222222224,4,4,Plot,,,
Abids,Hyderabad,,6300000.0,777.0,8108.0,2,1,Apartment,,,
Abids,Hyderabad,,6300000.0,947.4,8108.0,2,2,Apartment,,,
Abids,Hyderabad,,15385054.88252427,1940.211690056733,8108.0,3,3,Apartment,,,
Abids,Hyderabad,,7100000.0,777.0,9137.709137709138,2,2,Apartment,,,
Abids,Hyderabad,,6500000.0,940.0,6914.0,2,2,Apartment,,,
Abids,Hyderabad,,6500000.0,990.6,6914.0,2,2,Apartment,,,
Abids,Hyderabad,,15385054.88252427,1940.211690056733,6914.0,3,3,Apartment,,,
Abids,Hyderabad,,5020000.0,940.0,5340.425531914893,2,2,Apartment,,,
Abids,Hyderabad,,6960000.0,940.0,7404.255319148936,2,2,Apartment,,,
Abids,Hyderabad,,5500000.0,1025.0,5365.0,2,2,Apartment,,,
Abids,Hyderabad,,5500000.0,1024.4,5365.0,3,2,Apartment,,,
Abids,Hyderabad,,15385054.88252427,1940.211690056733,5365.0,3,3,Apartment,,,
Abids,Hyderabad,,4860000.0,1025.0,4741.463414634146,2,2,Apartment,,,
Abids,Hyderabad,,4800000.0,1025.0,4682.926829268293,2,2,Apartment,,,
Abids,Hyderabad,,4000000.0,840.0,4761.0,2,2,Apartment,,,
Abids,Hyderabad,,4000000.0,605.6,4761.0,2,2,Apartment,,,
Abids,Hyderabad,,15385054.88252427,1940.211690056733,4761.0,3,3,Apartment,,,
Abids,Hyderabad,,4600000.0,840.0,5476.190476190476,2,2,Apartment,,,
Abids,Hyderabad,,4800000.0,812.0,5911.0,2,2,Apartment,,,
Abids,Hyderabad,,4800000.0,1203.0,5911.0,2,2,Apartment,,,
Abids,Hyderabad,,15385054.88252427,1940.211690056733,5911.0,3,3,Apartment,,,
Abids,Hyderabad,,4840000.0,812.0,5960.591133004926,2,2,Apartment,,,
Abids,Hyderabad,,7820000.0,812.0,9630.541871921185,2,2,Apartment,,,
Abids,Hyderabad,,5800000.0,1087.0,5335.0,2,2,Apartment,,,
Abids,Hyderabad,,5800000.0,832.0,5335.0,2,2,Apartment,,,
Abids,Hyderabad,,15385054.88252427,1940.211690056733,5335.0,3,3,Apartment,,,
Abids,Hyderabad,,6020000.0,1087.0,5538.178472861086,2,2,Apartment,,,
Abids,Hyderabad,,6740000.0,1087.0,6200.551977920884,2,2,Apartment,,,
Abids,Hyderabad,,5000000.0,750.0,6666.0,2,2,Apartment,,,
Abids,Hyderabad,,5000000.0,822.0,6666.0,2,2,Apartment,,,
Abids,Hyderabad,,15385054.88252427,1940.211690056733,6666.0,3,3,Apartment,,,
Abids,Hyderabad,,3920000.0,750.0,5226.666666666667,2,2,Apartment,,,
Abids,Hyderabad,,7500000.0,414.0,18116.0,2,3,House,,,
Abids,Hyderabad,,7500000.0,414.0,18116.0,2,3,Plot,,,
Abids,Hyderabad,,7500000.0,1248.8,18116.0,3,2,Apartment,,,
Abids,Hyderabad,,18116.0,1011.6,18116.0,1,1,Apartment,,,
Abids,Hyderabad,,24800000.0,414.0,44211.83576956148,5,5,Plot,,,
Abids,Hyderabad,,4800000.0,729.0,6584.0,3,2,Plot,,,
Abids,Hyderabad,,4800000.0,1203.0,6584.0,2,2,Apartment,,,
Abids,Hyderabad,,15385054.88252427,1940.211690056733,6584.0,3,3,Apartment,,,
Abids,Hyderabad,,4640000.0,729.0,6364.883401920439,2,3,Plot,,,
Abids,Hyderabad,,5800000.0,800.0,7250.0,2,2,Apartment,,,
Abids,Hyderabad,,5800000.0,832.0,7250.0,2,2,Apartment,,,
Abids,Hyderabad,,15385054.88252427,1940.211690056733,7250.0,3,3,Apartment,,,
Abids,Hyderabad,,4720000.0,800.0,5900.0,2,2,Apartment,,,
Abids,Hyderabad,,6000000.0,1050.0,5714.0,2,2,Apartment,,,
Abids,Hyderabad,,6000000.0,1387.2,5714.0,2,2,Apartment,,,
Abids,Hyderabad,,6240000.0,1050.0,5942.857142857143,2,2,Apartment,,,
Abids,Hyderabad,,7920000.0,1050.0,7542.857142857143,2,2,Apartment,,,
Abids,Hyderabad,,4500000.0,1150.0,3913.0,2,2,Apartment,,,
Abids,Hyderabad,,4500000.0,995.8,3913.0,3,2,Apartment,,,
Abids,Hyderabad,,15385054.88252427,1940.211690056733,3913.0,3,3,Apartment,,,
Abids,Hyderabad,,7360000.0,1150.0,6400.0,3,2,Apartment,,,
Abids,Hyderabad,,5120000.0,1150.0,4452.173913043478,2,2,Apartment,,,
Abids,Hyderabad,,6700000.0,1100.0,6090.0,2,2,House,,,
Abids,Hyderabad,,6700000.0,1100.0,6090.0,2,2,Apartment,,,
Abids,Hyderabad,,6700000.0,1211.0,6090.0,2,2,Apartment,,,
Abids,Hyderabad,,15385054.88252427,1940.211690056733,6090.0,3,3,Apartment,,,
Abids,Hyderabad,,4000000.0,864.0,4629.0,2,2,Apartment,,,
Abids,Hyderabad,,4000000.0,605.6,4629.0,2,2,Apartment,,,
Abids,Hyderabad,,15385054.88252427,1940.211690056733,4629.0,3,3,Apartment,,,
Abids,Hyderabad,,4000000.0,864.0,4629.62962962963,2,2,Apartment,,,
Abids,Hyderabad,,5000000.0,822.0,44211.83576956148,2,2,Plot,,,
Abids,Hyderabad,,5000000.0,822.0,44211.83576956148,2,2,Apartment,,,
Abids,Hyderabad,,56818.0,1011.6,44211.83576956148,1,1,Apartment,,,
Abids,Hyderabad,,4500000.0,965.0,4663.0,2,2,Apartment,,,
Abids,Hyderabad,,4500000.0,995.8,4663.0,3,2,Apartment,,,
Abids,Hyderabad,,15385054.88252427,1940.211690056733,4663.0,3,3,Apartment,,,
Abids,Hyderabad,,4700000.0,965.0,4870.466321243523,2,2,Apartment,,,
Abids,Hyderabad,,6100000.0,965.0,6321.243523316062,2,2,Apartment,,,
Abids,Hyderabad,,3700000.0,944.0,3919.0,2,2,Apartment,,,
Abids,Hyderabad,,3700000.0,1049.6,3919.0,2,2,Apartment,,,
Abids,Hyderabad,,15385054.88252427,1940.211690056733,3919.0,3,3,Apartment,,,
Abids,Hyderabad,,4400000.0,944.0,4661.016949152542,2,2,Apartment,,,
Abids,Hyderabad,,4240000.0,944.0,4491.525423728814,2,2,Apartment,,,
Amberpet,Hyderabad,,40000000.0,2232.0,17921.0,4,4,Villa,,,
Amberpet,Hyderabad,,15385054.88252427,1940.211690056733,7929.575397040516,3,3,Apartment,,,
Amberpet,Hyderabad,,40000000.0,2232.0,17921.0,4,4,Plot,,,
Amberpet,Hyderabad,,40000000.0,5546.0,17921.0,3,4,Apartment,,,
Amberpet,Hyderabad,,17921.0,1011.6,17921.0,1,1,Apartment,,,
Amberpet,Hyderabad,,28599000.0,2232.0,12813.17204301075,7,8,Plot,,,
Amberpet,Hyderabad,,13500000.0,900.0,15000.0,2,2,Plot,,,
Amberpet,Hyderabad,,3600000.0,1163.0,3095.442820292348,2,2,Apartment,,,
Amberpet,Hyderabad,,13500000.0,1502.2,15000.0,4,2,Apartment,,,
Amberpet,Hyderabad,,15000.0,1011.6,15000.0,1,1,Apartment,,,
Amberpet,Hyderabad,,7460000.0,900.0,8288.888888888889,2,2,Plot,,,
Amberpet,Hyderabad,,9384000.0,836.0,11224.88038277512,2,2,Apartment,,,
Amberpet,Hyderabad,,4820000.0,750.0,6426.666666666667,2,2,Apartment,,,
Amberpet,Hyderabad,,10800000.0,1440.0,7500.0,3,3,Apartment,,,
Amberpet,Hyderabad,,9960000.0,2301.0,4328.552803129074,3,3,Apartment,,,
Amberpet,Hyderabad,,10800000.0,1520.6,7500.0,3,3,Apartment,,,
Amberpet,Hyderabad,,15385054.88252427,1940.211690056733,7500.0,3,3,Apartment,,,
Amberpet,Hyderabad,,11520000.0,1440.0,8000.0,3,3,Apartment,,,
Amberpet,Hyderabad,,7280000.0,2568.2,2834.670197025154,3,3,Apartment,,,
Amberpet,Hyderabad,,11280000.0,1440.0,7833.333333333333,3,3,Apartment,,,
Amberpet,Hyderabad,,8700000.0,1125.0,7733.0,2,2,Apartment,,,
Amberpet,Hyderabad,,8700000.0,1344.0,7733.0,2,3,Apartment,,,
Amberpet,Hyderabad,,15385054.88252427,1940.211690056733,7733.0,3,3,Apartment,,,
Amberpet,Hyderabad,,7060000.0,1125.0,6275.555555555556,2,2,Apartment,,,
Amberpet,Hyderabad,,68000000.0,3600.0,18889.0,3,3,Plot,,,
Amberpet,Hyderabad,,68000000.0,3477.6,18889.0,4,4,Apartment,,,
Amberpet,Hyderabad,,18889.0,1011.6,18889.0,1,1,Apartment,,,
Amberpet,Hyderabad,,40200000.0,3600.0,11166.66666666667,3,4,Plot,,,
Amberpet,Hyderabad,,15385054.88252427,1940.211690056733,7929.575397040516,3,3,Plot,,,
Amberpet,Hyderabad,,6000000.0,1180.0,5084.0,2,3,Apartment,,,
Amberpet,Hyderabad,,6000000.0,1387.2,5084.0,2,2,Apartment,,,
Amberpet,Hyderabad,,15385054.88252427,1940.211690056733,5084.0,3,3,Apartment,,,
Amberpet,Hyderabad,,6660000.0,1180.0,5644.067796610169,2,2,Apartment,,,
Amberpet,Hyderabad,,4500000.0,975.0,4615.0,3,2,Apartment,,,
Amberpet,Hyderabad,,4500000.0,995.8,4615.0,3,2,Apartment,,,
Amberpet,Hyderabad,,15385054.88252427,1940.211690056733,4615.0,3,3,Apartment,,,
Amberpet,Hyderabad,,5660000.0,975.0,5805.128205128205,2,2,Apartment,,,
Amberpet,Hyderabad,,10000000.0,1375.0,7272.0,3,2,Apartment,,,
Amberpet,Hyderabad,,10000000.0,1220.4,7272.0,2,3,Apartment,,,
Amberpet,Hyderabad,,15385054.88252427,1940.211690056733,7272.0,3,3,Apartment,,,
Amberpet,Hyderabad,,9200000.0,1375.0,6690.909090909091,3,3,Apartment,,,
Amberpet,Hyderabad,,30000000.0,2250.0,13333.0,2,2,House,,,
Amberpet,Hyderabad,,30000000.0,2250.0,13333.0,2,2,Plot,,,
Amberpet,Hyderabad,,30000000.0,2480.4,13333.0,4,3,Apartment,,,
Amberpet,Hyderabad,,13333.0,1011.6,13333.0,1,1,Apartment,,,
Amberpet,Hyderabad,,37400000.0,2250.0,16622.22222222222,2,4,Plot,,,
Amberpet,Hyderabad,,16360000.0,2250.0,7271.111111111111,2,2,House,,,
Amberpet,Hyderabad,,35000000.0,1233.0,28386.0,5,5,House,,,
Amberpet,Hyderabad,,46000000.0,3877.2,11864.23191994223,5,5,Apartment,,,
Amberpet,Hyderabad,,35000000.0,1233.0,28386.0,5,5,Plot,,,
Amberpet,Hyderabad,,35000000.0,3453.0,28386.0,4,4,Apartment,,,
Amberpet,Hyderabad,,28386.0,1011.6,28386.0,1,1,Apartment,,,
Amberpet,Hyderabad,,22780000.0,1233.0,18475.26358475264,4,4,Plot,,,
Amberpet,Hyderabad,,46860000.0,6284.0,7457.033736473583,5,5,Apartment,,,
Amberpet,Hyderabad,,6600000.0,1080.0,6111.0,3,2,Apartment,,,
Amberpet,Hyderabad,,6600000.0,1086.0,6111.0,3,2,Apartment,,,
Amberpet,Hyderabad,,15385054.88252427,1940.211690056733,6111.0,3,3,Apartment,,,
Amberpet,Hyderabad,,4400000.0,1080.0,4074.074074074074,2,3,Apartment,,,
Amberpet,Hyderabad,,7732000.0,1080.0,7159.259259259259,3,2,Apartment,,,
Amberpet,Hyderabad,,5900000.0,900.0,6555.0,2,2,Apartment,,,
Amberpet,Hyderabad,,5900000.0,1027.0,6555.0,2,2,Apartment,,,
Amberpet,Hyderabad,,15385054.88252427,1940.211690056733,6555.0,3,3,Apartment,,,
Amberpet,Hyderabad,,5200000.0,900.0,5777.0,2,1,Apartment,,,
Amberpet,Hyderabad,,5200000.0,1289.6,5777.0,2,2,Apartment,,,
Amberpet,Hyderabad,,15385054.88252427,1940.211690056733,5777.0,3,3,Apartment,,,
Amberpet,Hyderabad,,3800000.0,900.0,4222.222222222223,2,1,Apartment,,,
Amberpet,Hyderabad,,8000000.0,925.0,8647.0,2,2,Plot,,,
Amberpet,Hyderabad,,8000000.0,937.4,8647.0,2,2,Apartment,,,
Amberpet,Hyderabad,,15385054.88252427,1940.211690056733,8647.0,3,3,Apartment,,,
Amberpet,Hyderabad,,6340000.0,925.0,6854.054054054054,2,2,Plot,,,
Amberpet,Hyderabad,,5900000.0,1020.0,5784.0,2,2,Apartment,,,
Amberpet,Hyderabad,,5900000.0,1027.0,5784.0,2,2,Apartment,,,
Amberpet,Hyderabad,,15385054.88252427,1940.211690056733,5784.0,3,3,Apartment,,,
Amberpet,Hyderabad,,5780000.0,1020.0,5666.666666666667,2,2,Apartment,,,
Amberpet,Hyderabad,,20800000.0,143.0,44211.83576956148,4,5,Villa,,,
Amberpet,Hyderabad,,26640000.0,4388.6,6070.27297999362,4,4,Apartment,,,
Amberpet,Hyderabad,,20800000.0,143.0,44211.83576956148,4,5,Plot,,,
Amberpet,Hyderabad,,20800000.0,1561.8,13317.96644896914,3,4,Apartment,,,
Amberpet,Hyderabad,,145454.0,1011.6,143.7860814551206,1,1,Apartment,,,
Amberpet,Hyderabad,,14620000.0,143.0,44211.83576956148,4,4,Plot,,,
Amberpet,Hyderabad,,35080000.0,3252.4,10785.88119542492,4,5,Apartment,,,
Amberpet,Hyderabad,,12500000.0,1413.0,8846.0,2,2,Villa,,,
Amberpet,Hyderabad,,12500000.0,1413.0,8846.0,2,2,Plot,,,
Amberpet,Hyderabad,,12500000.0,1542.8,8846.0,3,3,Apartment,,,
Amberpet,Hyderabad,,15385054.88252427,1940.211690056733,8846.0,3,3,Apartment,,,
Amberpet,Hyderabad,,11666800.0,1413.0,8256.758669497523,2,2,Plot,,,
Amberpet,Hyderabad,,7920000.0,1413.0,5605.095541401274,2,2,Villa,,,
Amberpet,Hyderabad,,7000000.0,900.0,7777.0,2,2,Apartment,,,
Amberpet,Hyderabad,,7000000.0,1121.0,7777.0,2,2,Apartment,,,
Amberpet,Hyderabad,,15385054.88252427,1940.211690056733,7777.0,3,3,Apartment,,,
Amberpet,Hyderabad,,9000000.0,1420.0,6923.0,3,3,Apartment,,,
Amberpet,Hyderabad,,9000000.0,1118.0,6923.0,3,2,Apartment,,,
Amberpet,Hyderabad,,15385054.88252427,1940.211690056733,6923.0,3,3,Apartment,,,
Amberpet,Hyderabad,,9600000.0,1420.0,6760.56338028169,3,3,Apartment,,,
Amberpet,Hyderabad,,5600000.0,990.0,5657.0,2,1,House,,,
Amberpet,Hyderabad,,3600000.0,1163.0,3095.442820292348,2,2,House,,,
Amberpet,Hyderabad,,5600000.0,990.0,5657.0,2,1,Apartment,,,
Amberpet,Hyderabad,,5600000.0,1537.2,5657.0,2,2,Apartment,,,
Amberpet,Hyderabad,,15385054.88252427,1940.211690056733,5657.0,3,3,Apartment,,,
Amberpet,Hyderabad,,9380000.0,990.0,9474.747474747475,2,1,Apartment,,,
Amberpet,Hyderabad,,5000000.0,315.0,15873.0,1,1,House,,,
Amberpet,Hyderabad,,6640000.0,9714.4,683.5213703368196,1,1,House,,,
Amberpet,Hyderabad,,5000000.0,315.0,15873.0,1,1,Apartment,,,
Amberpet,Hyderabad,,5000000.0,822.0,15873.0,2,2,Apartment,,,
Amberpet,Hyderabad,,15873.0,1011.6,15873.0,1,1,Apartment,,,
Amberpet,Hyderabad,,39200000.0,315.0,44211.83576956148,4,4,Apartment,,,
Amberpet,Hyderabad,,19520000.0,5987.2,3260.288615713522,1,1,Apartment,,,
Amberpet,Hyderabad,,7200000.0,639.0,11268.0,2,2,House,,,
Amberpet,Hyderabad,,7200000.0,639.0,11268.0,2,2,Plot,,,
Amberpet,Hyderabad,,7200000.0,1540.8,11268.0,2,2,Apartment,,,
Amberpet,Hyderabad,,11268.0,1011.6,11268.0,1,1,Apartment,,,
Amberpet,Hyderabad,,5100000.0,639.0,7981.220657276996,2,2,Plot,,,
Amberpet,Hyderabad,,22500000.0,1800.0,12500.0,3,2,Plot,,,
Amberpet,Hyderabad,,22500000.0,1890.0,12500.0,3,3,Apartment,,,
Amberpet,Hyderabad,,12500.0,1011.6,12500.0,1,1,Apartment,,,
Amberpet,Hyderabad,,16240000.0,1800.0,9022.222222222224,4,4,Plot,,,
Amberpet,Hyderabad,,12000000.0,10195.625,647.0,4,3,Plot,,,
Amberpet,Hyderabad,,12000000.0,1729.6,647.0,4,2,Apartment,,,
Amberpet,Hyderabad,,15385054.88252427,1940.211690056733,647.0,3,3,Apartment,,,
Amberpet,Hyderabad,,55400000.0,10195.625,2988.133764832794,2,2,Plot,,,
Amberpet,Hyderabad,,7000000.0,1305.0,6352.0,3,2,Apartment,,,
Amberpet,Hyderabad,,7000000.0,1121.0,6352.0,2,2,Apartment,,,
Amberpet,Hyderabad,,15385054.88252427,1940.211690056733,6352.0,3,3,Apartment,,,
Amberpet,Hyderabad,,6900000.0,1305.0,5287.35632183908,3,2,Apartment,,,
Amberpet,Hyderabad,,7500000.0,1305.0,6805.0,3,2,Apartment,,,
Amberpet,Hyderabad,,7500000.0,1248.8,6805.0,3,2,Apartment,,,
Amberpet,Hyderabad,,15385054.88252427,1940.211690056733,6805.0,3,3,Apartment,,,
Amberpet,Hyderabad,,7650000.0,1300.0,6740.0,3,3,Apartment,,,
Amberpet,Hyderabad,,7650000.0,1432.0,6740.0,3,3,Apartment,,,
Amberpet,Hyderabad,,15385054.88252427,1940.211690056733,6740.0,3,3,Apartment,,,
Amberpet,Hyderabad,,6530000.0,1300.0,5023.076923076923,3,3,Apartment,,,
Amberpet,Hyderabad,,6500000.0,1004.0,6474.0,2,2,Apartment,,,
Amberpet,Hyderabad,,6500000.0,990.6,6474.0,2,2,Apartment,,,
Amberpet,Hyderabad,,15385054.88252427,1940.211690056733,6474.0,3,3,Apartment,,,
Amberpet,Hyderabad,,7000000.0,1004.0,6972.111553784861,2,2,Apartment,,,
Amberpet,Hyderabad,,17500000.0,1431.0,12229.0,3,3,Plot,,,
Amberpet,Hyderabad,,17500000.0,1898.2,12229.0,3,3,Apartment,,,
Amberpet,Hyderabad,,12229.0,1011.6,12229.0,1,1,Apartment,,,
Amberpet,Hyderabad,,12840000.0,1431.0,8972.746331236896,3,2,Plot,,,
Amberpet,Hyderabad,,9000000.0,1150.0,7826.0,3,2,Apartment,,,
Amberpet,Hyderabad,,9000000.0,1118.0,7826.0,3,2,Apartment,,,
Amberpet,Hyderabad,,15385054.88252427,1940.211690056733,7826.0,3,3,Apartment,,,
Amberpet,Hyderabad,,7360000.0,1150.0,6400.0,3,2,Apartment,,,
Amberpet,Hyderabad,,55000000.0,163.0,44211.83576956148,4,5,Villa,,,
Amberpet,Hyderabad,,55000000.0,163.0,44211.83576956148,4,5,Plot,,,
Amberpet,Hyderabad,,55000000.0,2225.0,24719.1011235955,5,5,Apartment,,,
Amberpet,Hyderabad,,337423.0,1011.6,333.5537761961249,1,1,Apartment,,,
Amberpet,Hyderabad,,30400000.0,163.0,44211.83576956148,3,4,Plot,,,
Amberpet,Hyderabad,,13000000.0,1850.0,7027.0,3,3,Apartment,,,
Amberpet,Hyderabad,,13000000.0,1350.2,7027.0,2,3,Apartment,,,
Amberpet,Hyderabad,,15385054.88252427,1940.211690056733,7027.0,3,3,Apartment,,,
Amberpet,Hyderabad,,14900000.0,1850.0,8054.054054054054,3,3,Apartment,,,
Amberpet,Hyderabad,,14000000.0,1630.0,8588.0,3,3,Apartment,,,
Amberpet,Hyderabad,,14000000.0,1493.0,8588.0,3,3,Apartment,,,
Amberpet,Hyderabad,,15385054.88252427,1940.211690056733,8588.0,3,3,Apartment,,,
Amberpet,Hyderabad,,10551200.0,1630.0,6473.128834355828,3,3,Apartment,,,
Amberpet,Hyderabad,,10325600.0,1630.0,6334.723926380369,3,3,Apartment,,,
Amberpet,Hyderabad,,51000000.0,4560.0,11184.0,5,4,Apartment,,,
Amberpet,Hyderabad,,51000000.0,3221.0,11184.0,5,5,Apartment,,,
Amberpet,Hyderabad,,11184.0,1011.6,11184.0,1,1,Apartment,,,
Amberpet,Hyderabad,,40300000.0,4560.0,8837.719298245614,5,6,Apartment,,,
Amberpet,Hyderabad,,27600000.0,4560.0,6052.631578947368,5,4,Apartment,,,
Amberpet,Hyderabad,,15000000.0,1825.0,8219.0,3,3,Apartment,,,
Amberpet,Hyderabad,,15000000.0,1596.0,8219.0,2,3,Apartment,,,
Amberpet,Hyderabad,,15385054.88252427,1940.211690056733,8219.0,3,3,Apartment,,,
Amberpet,Hyderabad,,13504800.0,1825.0,7399.890410958904,3,3,Apartment,,,
Amberpet,Hyderabad,,18000000.0,1134.0,15873.0,4,4,House,,,
Amberpet,Hyderabad,,18000000.0,1134.0,15873.0,4,4,Plot,,,
Amberpet,Hyderabad,,18000000.0,690.2,15873.0,4,3,Apartment,,,
Amberpet,Hyderabad,,11900000.0,1134.0,10493.82716049383,3,3,Plot,,,
Amberpet,Hyderabad,,12700000.0,1350.0,9444.0,3,3,House,,,
Amberpet,Hyderabad,,12700000.0,1350.0,9444.0,3,3,Plot,,,
Amberpet,Hyderabad,,12700000.0,1646.0,9444.0,3,3,Apartment,,,
Amberpet,Hyderabad,,15385054.88252427,1940.211690056733,9444.0,3,3,Apartment,,,
Amberpet,Hyderabad,,7690000.0,1350.0,5696.296296296297,3,4,Plot,,,
Amberpet,Hyderabad,,9000000.0,1620.0,5555.0,3,3,Apartment,,,
Amberpet,Hyderabad,,9000000.0,1118.0,5555.0,3,2,Apartment,,,
Amberpet,Hyderabad,,15385054.88252427,1940.211690056733,5555.0,3,3,Apartment,,,
Amberpet,Hyderabad,,8576000.0,1620.0,5293.827160493827,3,3,Apartment,,,
Amberpet,Hyderabad,,107250000.0,10195.625,22222.0,5,7,Plot,,,
Amberpet,Hyderabad,,107250000.0,10195.625,22222.0,6,5,Apartment,,,
Amberpet,Hyderabad,,22222.0,1011.6,22222.0,1,1,Apartment,,,
Amberpet,Hyderabad,,100912000.0,10195.625,9343.703703703704,4,3,Plot,,,
Amberpet,Hyderabad,,13500000.0,1760.0,7670.0,3,3,Apartment,,,
Amberpet,Hyderabad,,13500000.0,1502.2,7670.0,4,2,Apartment,,,
Amberpet,Hyderabad,,15385054.88252427,1940.211690056733,7670.0,3,3,Apartment,,,
Amberpet,Hyderabad,,12700000.0,1760.0,7215.909090909091,3,3,Apartment,,,
Amberpet,Hyderabad,,20500000.0,1950.0,10512.0,3,3,Apartment,,,
Amberpet,Hyderabad,,20500000.0,1937.0,10512.0,3,3,Apartment,,,
Amberpet,Hyderabad,,10512.0,1011.6,10512.0,1,1,Apartment,,,
Amberpet,Hyderabad,,24100000.0,1950.0,12358.97435897436,3,3,Apartment,,,
Amberpet,Hyderabad,,13500000.0,1597.0,8453.0,3,3,Apartment,,,
Amberpet,Hyderabad,,13500000.0,1502.2,8453.0,4,2,Apartment,,,
Amberpet,Hyderabad,,15385054.88252427,1940.211690056733,8453.0,3,3,Apartment,,,
Amberpet,Hyderabad,,13780000.0,1597.0,8628.67877269881,3,3,Apartment,,,
Amberpet,Hyderabad,,7500000.0,1000.0,7500.0,2,2,Apartment,,,
Amberpet,Hyderabad,,7500000.0,1248.8,7500.0,3,2,Apartment,,,
Amberpet,Hyderabad,,4940000.0,1000.0,4940.0,3,2,Apartment,,,
Amberpet,Hyderabad,,12500000.0,990.0,12626.0,3,3,House,,,
Amberpet,Hyderabad,,12500000.0,990.0,12626.0,3,3,Plot,,,
Amberpet,Hyderabad,,12500000.0,1542.8,12626.0,3,3,Apartment,,,
Amberpet,Hyderabad,,12626.0,1011.6,12626.0,1,1,Apartment,,,
Amberpet,Hyderabad,,28500000.0,2490.0,11445.0,3,3,Apartment,,,
Amberpet,Hyderabad,,28500000.0,2203.8,11445.0,3,3,Apartment,,,
Amberpet,Hyderabad,,11445.0,1011.6,11445.0,1,1,Apartment,,,
Amberpet,Hyderabad,,20433800.0,2490.0,8206.345381526104,3,3,Apartment,,,
Amberpet,Hyderabad,,19760000.0,2490.0,7935.74297188755,3,3,Apartment,,,
Amberpet,Hyderabad,,31000000.0,2943.0,10533.0,4,4,House,,,
Amberpet,Hyderabad,,31000000.0,2943.0,10533.0,4,4,Plot,,,
Amberpet,Hyderabad,,31000000.0,3503.0,10533.0,5,6,Apartment,,,
Amberpet,Hyderabad,,10533.0,1011.6,10533.0,1,1,Apartment,,,
Amberpet,Hyderabad,,27400000.0,2943.0,9310.227658851512,4,4,Plot,,,
Amberpet,Hyderabad,,52000000.0,2250.0,23111.0,9,9,House,,,
Amberpet,Hyderabad,,67800000.0,3157.0,21476.08489071904,9,8,Apartment,,,
Amberpet,Hyderabad,,52000000.0,2250.0,23111.0,9,9,Plot,,,
Amberpet,Hyderabad,,52000000.0,3331.2,23111.0,8,6,Apartment,,,
Amberpet,Hyderabad,,23111.0,1011.6,23111.0,1,1,Apartment,,,
Amberpet,Hyderabad,,52900000.0,1926.8,27454.84741540378,9,9,Apartment,,,
Amberpet,Hyderabad,,20000000.0,2100.0,9523.0,3,3,Apartment,,,
Amberpet,Hyderabad,,20000000.0,2507.6,9523.0,5,3,Apartment,,,
Amberpet,Hyderabad,,15385054.88252427,1940.211690056733,9523.0,3,3,Apartment,,,
Amberpet,Hyderabad,,34600000.0,2100.0,16476.19047619048,6,4,Apartment,,,
Amberpet,Hyderabad,,7300000.0,1132.0,6448.0,2,2,Apartment,,,
Amberpet,Hyderabad,,7300000.0,1187.6,6448.0,2,2,Apartment,,,
Amberpet,Hyderabad,,15385054.88252427,1940.211690056733,6448.0,3,3,Apartment,,,
Amberpet,Hyderabad,,7140000.0,1132.0,6307.420494699647,2,2,Apartment,,,
Amberpet,Hyderabad,,7500000.0,1250.0,6000.0,3,2,Apartment,,,
Amberpet,Hyderabad,,7500000.0,1248.8,6000.0,3,2,Apartment,,,
Amberpet,Hyderabad,,15385054.88252427,1940.211690056733,6000.0,3,3,Apartment,,,
Amberpet,Hyderabad,,6450000.0,1250.0,5160.0,2,2,Apartment,,,
Bachupally,Hyderabad,,9821000.0,1790.0,6100.0,3,3,Apartment,,,
Bachupally,Hyderabad,,9960000.0,2301.0,4328.552803129074,3,3,Apartment,,,
Bachupally,Hyderabad,,9821000.0,1828.0,6100.0,3,3,Apartment,,,
Bachupally,Hyderabad,,9821000.0,1828.0,5372.53829321663,3,3,Apartment,,,
Bachupally,Hyderabad,,15385054.88252427,1940.211690056733,6100.0,3,3,Apartment,,,
Bachupally,Hyderabad,,19838000.0,1790.0,11082.68156424581,3,4,Apartment,,,
Bachupally,Hyderabad,,12684200.0,1790.0,7086.145251396648,3,3,Apartment,,,
Bachupally,Hyderabad,,7095000.0,2110.0,3362.559241706161,3,3,Apartment,,,
Bachupally,Hyderabad,,14520000.0,2110.0,6881.516587677726,3,3,Apartment,,,
Bachupally,Hyderabad,,7169000.0,2485.0,2884.909456740443,3,3,Apartment,,,
Bachupally,Hyderabad,,12153800.0,2485.0,4890.865191146881,3,2,Apartment,,,
Bachupally,Hyderabad,,13220000.0,2135.0,6192.037470725995,3,3,Apartment,,,
Bachupally,Hyderabad,,9280000.0,1650.0,5624.242424242424,3,3,Apartment,,,
Bachupally,Hyderabad,,13200000.0,2021.0,6531.420089064819,4,4,Apartment,,,
Bachupally,Hyderabad,,13000000.0,1554.0,8365.0,3,3,Apartment,,,
Bachupally,Hyderabad,,13000000.0,1350.2,8365.0,2,3,Apartment,,,
Bachupally,Hyderabad,,15385054.88252427,1940.211690056733,8365.0,3,3,Apartment,,,
Bachupally,Hyderabad,,13300000.0,1554.0,8558.558558558558,3,3,Apartment,,,
Bachupally,Hyderabad,,39900000.0,3000.0,13300.0,3,3,Villa,,,
Bachupally,Hyderabad,,39900000.0,3000.0,13300.0,3,3,Apartment,,,
Bachupally,Hyderabad,,39900000.0,4620.0,13300.0,3,3,Apartment,,,
Bachupally,Hyderabad,,13300.0,1011.6,13300.0,1,1,Apartment,,,
Bachupally,Hyderabad,,21000000.0,3000.0,7000.0,4,4,Apartment,,,
Bachupally,Hyderabad,,9000000.0,1110.0,8108.0,2,2,Apartment,,,
Bachupally,Hyderabad,,3600000.0,1163.0,3095.442820292348,2,2,Apartment,,,
Bachupally,Hyderabad,,9000000.0,1118.0,8108.0,3,2,Apartment,,,
Bachupally,Hyderabad,,15385054.88252427,1940.211690056733,8108.0,3,3,Apartment,,,
Bachupally,Hyderabad,,7600000.0,1110.0,6846.846846846847,2,2,Apartment,,,
Bachupally,Hyderabad,,9384000.0,836.0,11224.88038277512,2,2,Apartment,,,
Bachupally,Hyderabad,,46000000.0,3877.2,11864.23191994223,5,5,Apartment,,,
Bachupally,Hyderabad,,6716000.0,1560.0,4305.128205128205,3,2,Apartment,,,
Bachupally,Hyderabad,,10363200.0,1560.0,6643.076923076923,3,3,Apartment,,,
Bachupally,Hyderabad,,13000000.0,1617.0,8039.0,3,3,Apartment,,,
Bachupally,Hyderabad,,13000000.0,1350.2,8039.0,2,3,Apartment,,,
Bachupally,Hyderabad,,15385054.88252427,1940.211690056733,8039.0,3,3,Apartment,,,
Bachupally,Hyderabad,,13920000.0,1617.0,8608.534322820036,3,3,Apartment,,,
Bachupally,Hyderabad,,17000000.0,2021.0,8560.0,4,3,Apartment,,,
Bachupally,Hyderabad,,26640000.0,4388.6,6070.27297999362,4,4,Apartment,,,
Bachupally,Hyderabad,,17000000.0,1934.8,8560.0,4,3,Apartment,,,
Bachupally,Hyderabad,,15385054.88252427,1940.211690056733,8560.0,3,3,Apartment,,,
Bachupally,Hyderabad,,18200000.0,2021.0,9005.442850074221,4,3,Apartment,,,
Bachupally,Hyderabad,,22280000.0,4451.2,5005.391804457226,4,3,Apartment,,,
Bachupally,Hyderabad,,11000000.0,1110.0,9909.0,2,2,Apartment,,,
Bachupally,Hyderabad,,11000000.0,2076.0,9909.0,3,2,Apartment,,,
Bachupally,Hyderabad,,15385054.88252427,1940.211690056733,9909.0,3,3,Apartment,,,
Bachupally,Hyderabad,,18000000.0,2021.0,8906.0,4,3,Apartment,,,
Bachupally,Hyderabad,,18000000.0,690.2,8906.0,4,3,Apartment,,,
Bachupally,Hyderabad,,15385054.88252427,1940.211690056733,8906.0,3,3,Apartment,,,
Bachupally,Hyderabad,,25000000.0,1449.0,17253.0,4,4,Villa,,,
Bachupally,Hyderabad,,25000000.0,1449.0,17253.0,4,4,Plot,,,
Bachupally,Hyderabad,,25000000.0,2600.4,17253.0,3,4,Apartment,,,
Bachupally,Hyderabad,,17253.0,1011.6,17253.0,1,1,Apartment,,,
Bachupally,Hyderabad,,16600000.0,1449.0,11456.17667356798,3,3,Plot,,,
Bachupally,Hyderabad,,11200000.0,1353.0,8252.0,3,2,Apartment,,,
Bachupally,Hyderabad,,11200000.0,1746.0,8252.0,3,2,Apartment,,,
Bachupally,Hyderabad,,15385054.88252427,1940.211690056733,8252.0,3,3,Apartment,,,
Bachupally,Hyderabad,,10280000.0,1353.0,7597.930524759793,3,2,Apartment,,,
Bachupally,Hyderabad,,10900000.0,1353.0,8056.171470805617,3,2,Apartment,,,
Bachupally,Hyderabad,,10000000.0,1353.0,7415.0,3,2,Apartment,,,
Bachupally,Hyderabad,,10000000.0,1220.4,7415.0,2,3,Apartment,,,
Bachupally,Hyderabad,,15385054.88252427,1940.211690056733,7415.0,3,3,Apartment,,,
Bachupally,Hyderabad,,13220000.0,1575.0,8393.650793650793,3,3,Apartment,,,
Bachupally,Hyderabad,,13500000.0,2000.0,6750.0,3,2,Apartment,,,
Bachupally,Hyderabad,,13500000.0,1502.2,6750.0,4,2,Apartment,,,
Bachupally,Hyderabad,,15385054.88252427,1940.211690056733,6750.0,3,3,Apartment,,,
Bachupally,Hyderabad,,14100000.0,2000.0,7050.0,3,3,Apartment,,,
Bachupally,Hyderabad,,15360000.0,2000.0,7680.0,3,2,Apartment,,,
Bachupally,Hyderabad,,10500000.0,1353.0,7612.0,3,2,Apartment,,,
Bachupally,Hyderabad,,10500000.0,1200.8,7612.0,4,2,Apartment,,,
Bachupally,Hyderabad,,15385054.88252427,1940.211690056733,7612.0,3,3,Apartment,,,
Bachupally,Hyderabad,,14000000.0,1554.0,9009.0,3,3,Apartment,,,
Bachupally,Hyderabad,,14000000.0,1493.0,9009.0,3,3,Apartment,,,
Bachupally,Hyderabad,,15385054.88252427,1940.211690056733,9009.0,3,3,Apartment,,,
Bachupally,Hyderabad,,13000000.0,1554.0,8365.508365508365,3,3,Apartment,,,
Bachupally,Hyderabad,,5900000.0,975.0,6051.0,2,2,Apartment,,,
Bachupally,Hyderabad,,5900000.0,1027.0,6051.0,2,2,Apartment,,,
Bachupally,Hyderabad,,15385054.88252427,1940.211690056733,6051.0,3,3,Apartment,,,
Bachupally,Hyderabad,,5660000.0,975.0,5805.128205128205,2,2,Apartment,,,
Bachupally,Hyderabad,,5560000.0,975.0,5702.564102564103,2,2,Apartment,,,
Bachupally,Hyderabad,,10200000.0,1353.0,11791.0,3,2,Apartment,,,
Bachupally,Hyderabad,,10200000.0,1495.0,11791.0,3,2,Apartment,,,
Bachupally,Hyderabad,,11791.0,1011.6,11791.0,1,1,Apartment,,,
Bachupally,Hyderabad,,13800000.0,1617.0,8534.0,3,3,Apartment,,,
Bachupally,Hyderabad,,13800000.0,1526.8,8534.0,3,3,Apartment,,,
Bachupally,Hyderabad,,15385054.88252427,1940.211690056733,8534.0,3,3,Apartment,,,
Bachupally,Hyderabad,,13320000.0,1617.0,8237.47680890538,3,2,Apartment,,,
Bachupally,Hyderabad,,12500000.0,1554.0,8043.0,3,3,Apartment,,,
Bachupally,Hyderabad,,12500000.0,1542.8,8043.0,3,3,Apartment,,,
Bachupally,Hyderabad,,15385054.88252427,1940.211690056733,8043.0,3,3,Apartment,,,
Bachupally,Hyderabad,,8500000.0,1230.0,6910.0,2,2,Apartment,,,
Bachupally,Hyderabad,,8500000.0,1363.2,6910.0,3,2,Apartment,,,
Bachupally,Hyderabad,,15385054.88252427,1940.211690056733,6910.0,3,3,Apartment,,,
Bachupally,Hyderabad,,12800000.0,1230.0,10406.50406504065,2,2,Apartment,,,
Bachupally,Hyderabad,,6400000.0,1230.0,5203.252032520325,2,2,Apartment,,,
Bachupally,Hyderabad,,10000000.0,1361.0,7347.0,2,2,Apartment,,,
Bachupally,Hyderabad,,10000000.0,1220.4,7347.0,2,3,Apartment,,,
Bachupally,Hyderabad,,15385054.88252427,1940.211690056733,7347.0,3,3,Apartment,,,
Bachupally,Hyderabad,,7800000.0,1361.0,5731.080088170463,2,2,Apartment,,,
Bachupally,Hyderabad,,13220000.0,2035.0,6496.314496314496,3,4,Apartment,,,
Bachupally,Hyderabad,,8200000.0,1265.0,7809.0,2,2,Apartment,,,
Bachupally,Hyderabad,,8200000.0,1180.0,7809.0,2,2,Apartment,,,
Bachupally,Hyderabad,,15385054.88252427,1940.211690056733,7809.0,3,3,Apartment,,,
Bachupally,Hyderabad,,7673200.0,1265.0,6065.770750988142,2,2,Apartment,,,
Bachupally,Hyderabad,,11600000.0,1353.0,8573.0,3,2,Apartment,,,
Bachupally,Hyderabad,,11600000.0,1671.8,8573.0,3,2,Apartment,,,
Bachupally,Hyderabad,,15385054.88252427,1940.211690056733,8573.0,3,3,Apartment,,,
Bachupally,Hyderabad,,18000000.0,1914.0,9404.0,4,3,Apartment,,,
Bachupally,Hyderabad,,18000000.0,690.2,9404.0,4,3,Apartment,,,
Bachupally,Hyderabad,,15385054.88252427,1940.211690056733,9404.0,3,3,Apartment,,,
Bachupally,Hyderabad,,15200000.0,1914.0,7941.483803552769,3,3,Apartment,,,
Bachupally,Hyderabad,,40000000.0,3430.0,11661.0,4,4,Plot,,,
Bachupally,Hyderabad,,40000000.0,5546.0,11661.0,3,4,Apartment,,,
Bachupally,Hyderabad,,11661.0,1011.6,11661.0,1,1,Apartment,,,
Bachupally,Hyderabad,,42100000.0,3430.0,12274.05247813411,4,3,Plot,,,
Bachupally,Hyderabad,,23200000.0,3430.0,6763.848396501458,4,4,Apartment,,,
Bachupally,Hyderabad,,19000000.0,2021.0,9401.0,4,3,Apartment,,,
Bachupally,Hyderabad,,19000000.0,3729.2,9401.0,4,4,Apartment,,,
Bachupally,Hyderabad,,15385054.88252427,1940.211690056733,9401.0,3,3,Apartment,,,
Bachupally,Hyderabad,,14500000.0,1560.0,11153.0,3,3,Apartment,,,
Bachupally,Hyderabad,,14500000.0,1672.8,11153.0,3,3,Apartment,,,
Bachupally,Hyderabad,,11153.0,1011.6,11153.0,1,1,Apartment,,,
Bachupally,Hyderabad,,10743200.0,1560.0,6886.666666666667,3,4,Apartment,,,
Bachupally,Hyderabad,,6000000.0,975.0,9538.0,2,2,Apartment,,,
Bachupally,Hyderabad,,6000000.0,1387.2,9538.0,2,2,Apartment,,,
Bachupally,Hyderabad,,15385054.88252427,1940.211690056733,9538.0,3,3,Apartment,,,
Bachupally,Hyderabad,,9548000.0,1791.0,5331.099944165271,3,3,Apartment,,,
Bachupally,Hyderabad,,12629600.0,1791.0,7051.702959240648,3,2,Apartment,,,
Bachupally,Hyderabad,,11620000.0,2265.0,5130.242825607064,3,3,Apartment,,,
Bachupally,Hyderabad,,9894000.0,2192.0,4513.686131386861,3,3,Apartment,,,
Bachupally,Hyderabad,,12698800.0,2192.0,5793.248175182482,3,3,Apartment,,,
Bachupally,Hyderabad,,8200000.0,1100.0,7454.0,2,2,Apartment,,,
Bachupally,Hyderabad,,8200000.0,1180.0,7454.0,2,2,Apartment,,,
Bachupally,Hyderabad,,15385054.88252427,1940.211690056733,7454.0,3,3,Apartment,,,
Bachupally,Hyderabad,,6940000.0,1100.0,6309.090909090909,2,2,Apartment,,,
Bachupally,Hyderabad,,13000000.0,1539.0,8447.0,3,3,Apartment,,,
Bachupally,Hyderabad,,13000000.0,1350.2,8447.0,2,3,Apartment,,,
Bachupally,Hyderabad,,15385054.88252427,1940.211690056733,8447.0,3,3,Apartment,,,
Bachupally,Hyderabad,,11600000.0,1539.0,7537.361923326835,3,3,Apartment,,,
Bachupally,Hyderabad,,13320000.0,1539.0,8654.970760233919,3,2,Apartment,,,
Bachupally,Hyderabad,,26000000.0,2460.0,10569.0,3,3,Villa,,,
Bachupally,Hyderabad,,26000000.0,2460.0,10569.0,3,3,Plot,,,
Bachupally,Hyderabad,,26000000.0,2966.0,10569.0,3,3,Apartment,,,
Bachupally,Hyderabad,,10569.0,1011.6,10569.0,1,1,Apartment,,,
Bachupally,Hyderabad,,19320600.0,2460.0,7853.90243902439,3,3,Plot,,,
Bachupally,Hyderabad,,14320000.0,1830.0,7825.136612021858,3,2,Apartment,,,
Bachupally,Hyderabad,,4500000.0,950.0,4736.0,2,2,Apartment,,,
Bachupally,Hyderabad,,4500000.0,995.8,4736.0,3,2,Apartment,,,
Bachupally,Hyderabad,,15385054.88252427,1940.211690056733,4736.0,3,3,Apartment,,,
Bachupally,Hyderabad,,4920000.0,950.0,5178.947368421052,2,2,Apartment,,,
Bachupally,Hyderabad,,11200000.0,1353.0,8277.0,3,2,Apartment,,,
Bachupally,Hyderabad,,11200000.0,1746.0,8277.0,3,2,Apartment,,,
Bachupally,Hyderabad,,15385054.88252427,1940.211690056733,8277.0,3,3,Apartment,,,
Bachupally,Hyderabad,,11620000.0,2412.0,4817.578772802653,3,3,Apartment,,,
Bachupally,Hyderabad,,29640000.0,3600.0,8233.333333333334,3,3,Villa,,,
Bachupally,Hyderabad,,12020000.0,1655.0,7262.839879154079,3,3,Apartment,,,
Bachupally,Hyderabad,,17660000.0,1950.0,9056.410256410256,3,3,Apartment,,,
Bachupally,Hyderabad,,10700000.0,1485.0,7205.0,3,3,Plot,,,
Bachupally,Hyderabad,,10700000.0,1515.2,7205.0,3,3,Apartment,,,
Bachupally,Hyderabad,,15385054.88252427,1940.211690056733,7205.0,3,3,Apartment,,,
Bachupally,Hyderabad,,9960000.0,1485.0,6707.070707070707,3,3,Plot,,,
Bachupally,Hyderabad,,15385054.88252427,1940.211690056733,7929.575397040516,3,3,Plot,,,
Bachupally,Hyderabad,,14484800.0,2200.0,6584.0,3,2,Apartment,,,
Bagh Amberpet,Hyderabad,,6600000.0,1080.0,6111.0,3,2,Apartment,,,
Bagh Amberpet,Hyderabad,,9960000.0,2301.0,4328.552803129074,3,3,Apartment,,,
Bagh Amberpet,Hyderabad,,6600000.0,1086.0,6111.0,3,2,Apartment,,,
Bagh Amberpet,Hyderabad,,15385054.88252427,1940.211690056733,6111.0,3,3,Apartment,,,
Bagh Amberpet,Hyderabad,,4400000.0,1080.0,4074.074074074074,2,3,Apartment,,,
Bagh Amberpet,Hyderabad,,10000000.0,1529.8,6536.802196365538,3,2,Apartment,,,
Bagh Amberpet,Hyderabad,,7732000.0,1080.0,7159.259259259259,3,2,Apartment,,,
Bagh Amberpet,Hyderabad,,22500000.0,1800.0,12500.0,3,2,Plot,,,
Bagh Amberpet,Hyderabad,,22500000.0,1890.0,12500.0,3,3,Apartment,,,
Bagh Amberpet,Hyderabad,,12500.0,1011.6,12500.0,1,1,Apartment,,,
Bagh Amberpet,Hyderabad,,16240000.0,1800.0,9022.222222222224,4,4,Plot,,,
Bagh Amberpet,Hyderabad,,15000000.0,1825.0,8219.0,3,3,Apartment,,,
Bagh Amberpet,Hyderabad,,15000000.0,1596.0,8219.0,2,3,Apartment,,,
Bagh Amberpet,Hyderabad,,15385054.88252427,1940.211690056733,8219.0,3,3,Apartment,,,
Bagh Amberpet,Hyderabad,,13504800.0,1825.0,7399.890410958904,3,3,Apartment,,,
Bagh Amberpet,Hyderabad,,13500000.0,1760.0,7670.0,3,3,Apartment,,,
Bagh Amberpet,Hyderabad,,13500000.0,1502.2,7670.0,4,2,Apartment,,,
Bagh Amberpet,Hyderabad,,15385054.88252427,1940.211690056733,7670.0,3,3,Apartment,,,
Bagh Amberpet,Hyderabad,,12700000.0,1760.0,7215.909090909091,3,3,Apartment,,,
Bagh Amberpet,Hyderabad,,20500000.0,1950.0,10512.0,3,3,Apartment,,,
Bagh Amberpet,Hyderabad,,20500000.0,1937.0,10512.0,3,3,Apartment,,,
Bagh Amberpet,Hyderabad,,10512.0,1011.6,10512.0,1,1,Apartment,,,
Bagh Amberpet,Hyderabad,,24100000.0,1950.0,12358.97435897436,3,3,Apartment,,,
Bagh Amberpet,Hyderabad,,13500000.0,1597.0,8453.0,3,3,Apartment,,,
Bagh Amberpet,Hyderabad,,13500000.0,1502.2,8453.0,4,2,Apartment,,,
Bagh Amberpet,Hyderabad,,15385054.88252427,1940.211690056733,8453.0,3,3,Apartment,,,
Bagh Amberpet,Hyderabad,,13780000.0,1597.0,8628.67877269881,3,3,Apartment,,,
Bagh Amberpet,Hyderabad,,7500000.0,1000.0,7500.0,2,2,Apartment,,,
Bagh Amberpet,Hyderabad,,3600000.0,1163.0,3095.442820292348,2,2,Apartment,,,
Bagh Amberpet,Hyderabad,,7500000.0,1248.8,7500.0,3,2,Apartment,,,
Bagh Amberpet,Hyderabad,,15385054.88252427,1940.211690056733,7500.0,3,3,Apartment,,,
Bagh Amberpet,Hyderabad,,4940000.0,1000.0,4940.0,3,2,Apartment,,,
Bagh Amberpet,Hyderabad,,9384000.0,836.0,11224.88038277512,2,2,Apartment,,,
Bagh Amberpet,Hyderabad,,35000000.0,2223.0,15744.0,4,4,Plot,,,
Bagh Amberpet,Hyderabad,,35000000.0,3453.0,15744.0,4,4,Apartment,,,
Bagh Amberpet,Hyderabad,,15744.0,1011.6,15744.0,1,1,Apartment,,,
Bagh Amberpet,Hyderabad,,27599000.0,2223.0,12415.20467836257,7,8,Plot,,,
Bagh Amberpet,Hyderabad,,15385054.88252427,1940.211690056733,7929.575397040516,3,3,Plot,,,
Bagh Amberpet,Hyderabad,,12500000.0,102.0,44211.83576956148,7,7,Villa,,,
Bagh Amberpet,Hyderabad,,33200000.0,4706.0,7054.823629409265,7,7,Apartment,,,
Bagh Amberpet,Hyderabad,,12500000.0,102.0,44211.83576956148,7,7,Plot,,,
Bagh Amberpet,Hyderabad,,12500000.0,1542.8,8102.15193155302,3,3,Apartment,,,
Bagh Amberpet,Hyderabad,,122549.0,1011.6,121.1437327006722,1,1,Apartment,,,
Bagh Amberpet,Hyderabad,,9000000.0,102.0,44211.83576956148,4,5,Plot,,,
Bagh Amberpet,Hyderabad,,15800000.0,1933.8,8170.441617540594,7,7,Apartment,,,
Bagh Amberpet,Hyderabad,,13500000.0,3000.0,4500.0,6,6,Villa,,,
Bagh Amberpet,Hyderabad,,48600000.0,4050.0,12000.0,6,6,Apartment,,,
Bagh Amberpet,Hyderabad,,13500000.0,3000.0,4500.0,6,6,Plot,,,
Bagh Amberpet,Hyderabad,,13500000.0,1502.2,4500.0,4,2,Apartment,,,
Bagh Amberpet,Hyderabad,,15385054.88252427,1940.211690056733,4500.0,3,3,Apartment,,,
Bagh Amberpet,Hyderabad,,21000000.0,3000.0,7000.0,4,4,Plot,,,
Bagh Amberpet,Hyderabad,,56600000.0,2041.2,27728.78698804625,6,6,Apartment,,,
Bagh Amberpet,Hyderabad,,13500000.0,1224.0,11029.0,2,2,Plot,,,
Bagh Amberpet,Hyderabad,,13500000.0,1502.2,11029.0,4,2,Apartment,,,
Bagh Amberpet,Hyderabad,,11029.0,1011.6,11029.0,1,1,Apartment,,,
Bagh Amberpet,Hyderabad,,10740000.0,1224.0,8774.509803921568,2,2,Plot,,,
Bagh Amberpet,Hyderabad,,11000000.0,792.0,13889.0,7,6,House,,,
Bagh Amberpet,Hyderabad,,33200000.0,4706.0,7054.823629409265,7,7,House,,,
Bagh Amberpet,Hyderabad,,11000000.0,792.0,13889.0,7,6,Apartment,,,
Bagh Amberpet,Hyderabad,,11000000.0,2076.0,13889.0,3,2,Apartment,,,
Bagh Amberpet,Hyderabad,,13889.0,1011.6,13889.0,1,1,Apartment,,,
Bagh Amberpet,Hyderabad,,8080000.0,792.0,10202.0202020202,4,4,Apartment,,,
Bagh Amberpet,Hyderabad,,7000000.0,100.0,44211.83576956148,3,3,Plot,,,
Bagh Amberpet,Hyderabad,,7000000.0,1121.0,44211.83576956148,2,2,Apartment,,,
Bagh Amberpet,Hyderabad,,70000.0,1011.6,44211.83576956148,1,1,Apartment,,,
Bagh Amberpet,Hyderabad,,7700000.0,100.0,44211.83576956148,4,5,Plot,,,
Bagh Amberpet,Hyderabad,,20000000.0,981.0,20387.0,2,2,Plot,,,
Bagh Amberpet,Hyderabad,,20000000.0,2507.6,20387.0,5,3,Apartment,,,
Bagh Amberpet,Hyderabad,,20387.0,1011.6,20387.0,1,1,Apartment,,,
Bagh Amberpet,Hyderabad,,12200000.0,981.0,12436.28950050968,2,2,Plot,,,
Bagh Amberpet,Hyderabad,,5100000.0,803.0,6351.0,2,3,Apartment,,,
Bagh Amberpet,Hyderabad,,5100000.0,913.8,6351.0,2,2,Apartment,,,
Bagh Amberpet,Hyderabad,,15385054.88252427,1940.211690056733,6351.0,3,3,Apartment,,,
Bagh Amberpet,Hyderabad,,4840000.0,803.0,6027.397260273972,2,3,Apartment,,,
Bagh Amberpet,Hyderabad,,4880000.0,800.0,6100.0,2,3,Apartment,,,
Bagh Amberpet,Hyderabad,,9000000.0,1150.0,7826.0,3,2,Apartment,,,
Bagh Amberpet,Hyderabad,,9000000.0,1118.0,7826.0,3,2,Apartment,,,
Bagh Amberpet,Hyderabad,,15385054.88252427,1940.211690056733,7826.0,3,3,Apartment,,,
Bagh Amberpet,Hyderabad,,9015000.0,1202.0,7500.0,2,2,Apartment,,,
Bagh Amberpet,Hyderabad,,9015000.0,1181.6,7500.0,2,2,Apartment,,,
Bagh Amberpet,Hyderabad,,8912000.0,1202.0,7414.309484193011,2,2,Apartment,,,
Bagh Amberpet,Hyderabad,,7200000.0,1170.0,6153.0,2,2,Apartment,,,
Bagh Amberpet,Hyderabad,,7200000.0,1540.8,6153.0,2,2,Apartment,,,
Bagh Amberpet,Hyderabad,,15385054.88252427,1940.211690056733,6153.0,3,3,Apartment,,,
Bagh Amberpet,Hyderabad,,13240000.0,1170.0,11316.23931623932,3,3,Apartment,,,
Bagh Amberpet,Hyderabad,,7300000.0,1132.0,6448.0,2,2,Apartment,,,
Bagh Amberpet,Hyderabad,,7300000.0,1187.6,6448.0,2,2,Apartment,,,
Bagh Amberpet,Hyderabad,,15385054.88252427,1940.211690056733,6448.0,3,3,Apartment,,,
Bagh Amberpet,Hyderabad,,7140000.0,1132.0,6307.420494699647,2,2,Apartment,,,
Bagh Amberpet,Hyderabad,,7000000.0,1250.0,5600.0,2,2,Apartment,,,
Bagh Amberpet,Hyderabad,,7000000.0,1121.0,5600.0,2,2,Apartment,,,
Bagh Amberpet,Hyderabad,,15385054.88252427,1940.211690056733,5600.0,3,3,Apartment,,,
Bagh Amberpet,Hyderabad,,6450000.0,1250.0,5160.0,2,2,Apartment,,,
Bagh Amberpet,Hyderabad,,7670000.0,1250.0,6136.0,2,2,Apartment,,,
Bagh Amberpet,Hyderabad,,7000000.0,1154.0,6641.0,2,2,Apartment,,,
Bagh Amberpet,Hyderabad,,7000000.0,1121.0,6641.0,2,2,Apartment,,,
Bagh Amberpet,Hyderabad,,15385054.88252427,1940.211690056733,6641.0,3,3,Apartment,,,
Bagh Amberpet,Hyderabad,,8740000.0,1154.0,7573.6568457539,2,2,Apartment,,,
Bagh Amberpet,Hyderabad,,7600000.0,1136.0,6690.0,2,2,Apartment,,,
Bagh Amberpet,Hyderabad,,7600000.0,1516.0,6690.0,2,2,Apartment,,,
Bagh Amberpet,Hyderabad,,15385054.88252427,1940.211690056733,6690.0,3,3,Apartment,,,
Bagh Amberpet,Hyderabad,,7720000.0,1136.0,6795.774647887324,2,2,Apartment,,,
Bagh Amberpet,Hyderabad,,9800000.0,1136.0,8626.760563380281,2,2,Apartment,,,
Bagh Amberpet,Hyderabad,,11000000.0,1650.0,6666.0,3,3,Apartment,,,
Bagh Amberpet,Hyderabad,,11000000.0,2076.0,6666.0,3,2,Apartment,,,
Bagh Amberpet,Hyderabad,,15385054.88252427,1940.211690056733,6666.0,3,3,Apartment,,,
Bagh Amberpet,Hyderabad,,11040000.0,1650.0,6690.909090909091,3,3,Apartment,,,
Bagh Amberpet,Hyderabad,,11000000.0,1530.0,7189.0,3,3,Apartment,,,
Bagh Amberpet,Hyderabad,,11000000.0,2076.0,7189.0,3,2,Apartment,,,
Bagh Amberpet,Hyderabad,,15385054.88252427,1940.211690056733,7189.0,3,3,Apartment,,,
Bagh Amberpet,Hyderabad,,19360000.0,1530.0,12653.59477124183,3,3,Apartment,,,
Bagh Amberpet,Hyderabad,,12100000.0,1530.0,7908.496732026144,3,3,Apartment,,,
Bagh Amberpet,Hyderabad,,11000000.0,1460.0,7534.0,3,3,Apartment,,,
Bagh Amberpet,Hyderabad,,11000000.0,2076.0,7534.0,3,2,Apartment,,,
Bagh Amberpet,Hyderabad,,15385054.88252427,1940.211690056733,7534.0,3,3,Apartment,,,
Bagh Amberpet,Hyderabad,,9740000.0,1460.0,6671.232876712329,3,3,Apartment,,,
Bagh Amberpet,Hyderabad,,10600000.0,1460.0,7260.273972602739,3,3,Apartment,,,
Bagh Amberpet,Hyderabad,,7650000.0,1300.0,6740.0,3,3,Apartment,,,
Bagh Amberpet,Hyderabad,,7650000.0,1432.0,6740.0,3,3,Apartment,,,
Bagh Amberpet,Hyderabad,,15385054.88252427,1940.211690056733,6740.0,3,3,Apartment,,,
Bagh Amberpet,Hyderabad,,6530000.0,1300.0,5023.076923076923,3,3,Apartment,,,
Bagh Amberpet,Hyderabad,,9000000.0,1525.0,5901.0,3,3,Apartment,,,
Bagh Amberpet,Hyderabad,,9000000.0,1118.0,5901.0,3,2,Apartment,,,
Bagh Amberpet,Hyderabad,,15385054.88252427,1940.211690056733,5901.0,3,3,Apartment,,,
Bagh Amberpet,Hyderabad,,9160000.0,1525.0,6006.55737704918,3,3,Apartment,,,
Bagh Amberpet,Hyderabad,,13560000.0,1525.0,8891.803278688525,3,3,Apartment,,,
Bagh Amberpet,Hyderabad,,9000000.0,1420.0,6338.0,3,3,Apartment,,,
Bagh Amberpet,Hyderabad,,9000000.0,1118.0,6338.0,3,2,Apartment,,,
Bagh Amberpet,Hyderabad,,15385054.88252427,1940.211690056733,6338.0,3,3,Apartment,,,
Bagh Amberpet,Hyderabad,,9600000.0,1420.0,6760.56338028169,3,3,Apartment,,,
Bagh Amberpet,Hyderabad,,11800000.0,1420.0,8309.859154929578,3,3,Apartment,,,
Bagh Amberpet,Hyderabad,,9000000.0,1460.0,6164.0,3,3,Apartment,,,
Bagh Amberpet,Hyderabad,,9000000.0,1118.0,6164.0,3,2,Apartment,,,
Bagh Amberpet,Hyderabad,,15385054.88252427,1940.211690056733,6164.0,3,3,Apartment,,,
Bagh Amberpet,Hyderabad,,9000000.0,1620.0,5555.0,3,3,Apartment,,,
Bagh Amberpet,Hyderabad,,9000000.0,1118.0,5555.0,3,2,Apartment,,,
Bagh Amberpet,Hyderabad,,15385054.88252427,1940.211690056733,5555.0,3,3,Apartment,,,
Bagh Amberpet,Hyderabad,,8576000.0,1620.0,5293.827160493827,3,3,Apartment,,,
Bagh Amberpet,Hyderabad,,9000000.0,1500.0,6000.0,3,3,Apartment,,,
Bagh Amberpet,Hyderabad,,9000000.0,1118.0,6000.0,3,2,Apartment,,,
Bagh Amberpet,Hyderabad,,15385054.88252427,1940.211690056733,6000.0,3,3,Apartment,,,
Bagh Amberpet,Hyderabad,,9080000.0,1500.0,6053.333333333333,3,3,Apartment,,,
Bagh Amberpet,Hyderabad,,8700000.0,1125.0,7733.0,2,2,Apartment,,,
Bagh Amberpet,Hyderabad,,8700000.0,1344.0,7733.0,2,3,Apartment,,,
Bagh Amberpet,Hyderabad,,15385054.88252427,1940.211690056733,7733.0,3,3,Apartment,,,
Bagh Amberpet,Hyderabad,,7060000.0,1125.0,6275.555555555556,2,2,Apartment,,,
Bagh Amberpet,Hyderabad,,8500000.0,1202.0,7071.0,2,2,Apartment,,,
Bagh Amberpet,Hyderabad,,8500000.0,1363.2,7071.0,3,2,Apartment,,,
Bagh Amberpet,Hyderabad,,15385054.88252427,1940.211690056733,7071.0,3,3,Apartment,,,
Bagh Amberpet,Hyderabad,,8250000.0,1140.0,8250.0,2,2,Apartment,,,
Bagh Amberpet,Hyderabad,,8250000.0,1070.0,8250.0,2,2,Apartment,,,
Bagh Amberpet,Hyderabad,,15385054.88252427,1940.211690056733,8250.0,3,3,Apartment,,,
Bagh Amberpet,Hyderabad,,6038000.0,1140.0,5296.491228070176,2,2,Apartment,,,
Bagh Amberpet,Hyderabad,,8200000.0,1150.0,7130.0,2,2,Apartment,,,
Bagh Amberpet,Hyderabad,,8200000.0,1180.0,7130.0,2,2,Apartment,,,
Bagh Amberpet,Hyderabad,,15385054.88252427,1940.211690056733,7130.0,3,3,Apartment,,,
Bagh Amberpet,Hyderabad,,5120000.0,1150.0,4452.173913043478,2,2,Apartment,,,
Bagh Amberpet,Hyderabad,,8200000.0,1000.0,8200.0,2,2,Apartment,,,
Bagh Amberpet,Hyderabad,,8200000.0,1180.0,8200.0,2,2,Apartment,,,
Bagh Amberpet,Hyderabad,,15385054.88252427,1940.211690056733,8200.0,3,3,Apartment,,,
Bagh Amberpet,Hyderabad,,8210000.0,1000.0,8210.0,2,2,Apartment,,,
Bagh Amberpet,Hyderabad,,7000000.0,950.0,7368.0,2,2,Apartment,,,
Bagh Amberpet,Hyderabad,,7000000.0,1121.0,7368.0,2,2,Apartment,,,
Bagh Amberpet,Hyderabad,,15385054.88252427,1940.211690056733,7368.0,3,3,Apartment,,,
Bagh Amberpet,Hyderabad,,4920000.0,950.0,5178.947368421052,2,2,Apartment,,,
Bagh Amberpet,Hyderabad,,4700000.0,1025.0,4585.0,2,2,Apartment,,,
Bagh Amberpet,Hyderabad,,4700000.0,1034.8,4585.0,2,2,Apartment,,,
Bagh Amberpet,Hyderabad,,15385054.88252427,1940.211690056733,4585.0,3,3,Apartment,,,
Bagh Amberpet,Hyderabad,,4860000.0,1025.0,4741.463414634146,2,2,Apartment,,,
Bagh Amberpet,Hyderabad,,4800000.0,1025.0,4682.926829268293,2,2,Apartment,,,
Bagh Amberpet,Hyderabad,,4500000.0,1057.0,4257.0,2,2,Apartment,,,
Bagh Amberpet,Hyderabad,,4500000.0,995.8,4257.0,3,2,Apartment,,,
Bagh Amberpet,Hyderabad,,15385054.88252427,1940.211690056733,4257.0,3,3,Apartment,,,
Bagh Amberpet,Hyderabad,,5300000.0,1057.0,5014.191106906339,2,2,Apartment,,,
Bagh Amberpet,Hyderabad,,7820000.0,1057.0,7398.297067171239,2,2,Apartment,,,
Bagh Amberpet,Hyderabad,,10800000.0,1440.0,7500.0,3,3,Apartment,,,
Bagh Amberpet,Hyderabad,,10800000.0,1520.6,7500.0,3,3,Apartment,,,
Bagh Amberpet,Hyderabad,,11520000.0,1440.0,8000.0,3,3,Apartment,,,
Bagh Amberpet,Hyderabad,,11280000.0,1440.0,7833.333333333333,3,3,Apartment,,,
Bagh Amberpet,Hyderabad,,8000000.0,1150.0,7619.0,2,2,Apartment,,,
Bagh Amberpet,Hyderabad,,8000000.0,937.4,7619.0,2,2,Apartment,,,
Bagh Amberpet,Hyderabad,,15385054.88252427,1940.211690056733,7619.0,3,3,Apartment,,,
Bagh Amberpet,Hyderabad,,5500000.0,1746.0,3150.0,3,3,Apartment,,,
Bagh Amberpet,Hyderabad,,5500000.0,1024.4,3150.0,3,2,Apartment,,,
Bagh Amberpet,Hyderabad,,15385054.88252427,1940.211690056733,3150.0,3,3,Apartment,,,
Bagh Amberpet,Hyderabad,,9560000.0,1746.0,5475.372279495991,3,3,Apartment,,,
Bagh Amberpet,Hyderabad,,12160000.0,1746.0,6964.490263459335,3,3,Apartment,,,
Bagh Amberpet,Hyderabad,,7000000.0,1102.0,6352.0,3,2,Apartment,,,
Bagh Amberpet,Hyderabad,,7000000.0,1121.0,6352.0,2,2,Apartment,,,
Bagh Amberpet,Hyderabad,,15385054.88252427,1940.211690056733,6352.0,3,3,Apartment,,,
Bagh Amberpet,Hyderabad,,6740000.0,1102.0,6116.152450090744,3,2,Apartment,,,
Bagh Amberpet,Hyderabad,,12760000.0,1102.0,11578.94736842105,3,2,Apartment,,,
Bagh Amberpet,Hyderabad,,10000000.0,1650.0,6060.0,3,3,Apartment,,,
Bagh Amberpet,Hyderabad,,10000000.0,1220.4,6060.0,2,3,Apartment,,,
Bagh Amberpet,Hyderabad,,15385054.88252427,1940.211690056733,6060.0,3,3,Apartment,,,
Begumpet,Hyderabad,,107250000.0,9000.0,13056.0,5,7,Villa,,,
Begumpet,Hyderabad,,15385054.88252427,1940.211690056733,7929.575397040516,3,3,Apartment,,,
Begumpet,Hyderabad,,107250000.0,9000.0,13056.0,5,7,Plot,,,
Begumpet,Hyderabad,,107250000.0,10195.625,13056.0,7,6,Apartment,,,
Begumpet,Hyderabad,,13056.0,1011.6,13056.0,1,1,Apartment,,,
Begumpet,Hyderabad,,75500000.0,9000.0,8388.888888888889,6,6,Plot,,,
Begumpet,Hyderabad,,73500000.0,350.0,44211.83576956148,4,4,Plot,,,
Begumpet,Hyderabad,,26640000.0,4388.6,6070.27297999362,4,4,Apartment,,,
Begumpet,Hyderabad,,73500000.0,2636.0,27883.15629742033,4,4,Apartment,,,
Begumpet,Hyderabad,,210000.0,1011.6,207.5919335705813,1,1,Apartment,,,
Begumpet,Hyderabad,,46700000.0,350.0,44211.83576956148,6,6,Plot,,,
Begumpet,Hyderabad,,36700000.0,3072.0,11946.61458333333,4,4,Apartment,,,
Begumpet,Hyderabad,,11000000.0,1480.0,7971.0,3,2,Apartment,,,
Begumpet,Hyderabad,,9960000.0,2301.0,4328.552803129074,3,3,Apartment,,,
Begumpet,Hyderabad,,11000000.0,2076.0,7971.0,3,2,Apartment,,,
Begumpet,Hyderabad,,15385054.88252427,1940.211690056733,7971.0,3,3,Apartment,,,
Begumpet,Hyderabad,,11480000.0,1480.0,7756.756756756757,3,3,Apartment,,,
Begumpet,Hyderabad,,10000000.0,1529.8,6536.802196365538,3,2,Apartment,,,
Begumpet,Hyderabad,,23000000.0,5148.0,8297.0,3,3,House,,,
Begumpet,Hyderabad,,9960000.0,2301.0,4328.552803129074,3,3,House,,,
Begumpet,Hyderabad,,23000000.0,5148.0,8297.0,3,3,Plot,,,
Begumpet,Hyderabad,,23000000.0,10195.625,8297.0,4,4,Apartment,,,
Begumpet,Hyderabad,,15385054.88252427,1940.211690056733,8297.0,3,3,Apartment,,,
Begumpet,Hyderabad,,46080000.0,5148.0,8951.048951048951,4,4,Plot,,,
Begumpet,Hyderabad,,3600000.0,1163.0,3095.442820292348,2,2,Apartment,,,
Begumpet,Hyderabad,,52500000.0,6000.0,7083.0,7,6,Apartment,,,
Begumpet,Hyderabad,,33200000.0,4706.0,7054.823629409265,7,7,Apartment,,,
Begumpet,Hyderabad,,52500000.0,2712.8,7083.0,6,5,Apartment,,,
Begumpet,Hyderabad,,15385054.88252427,1940.211690056733,7083.0,3,3,Apartment,,,
Begumpet,Hyderabad,,57300000.0,6000.0,9550.0,8,7,Apartment,,,
Begumpet,Hyderabad,,69500000.0,4958.4,14016.61826395612,7,6,Apartment,,,
Begumpet,Hyderabad,,18000000.0,1660.0,12857.0,3,3,Apartment,,,
Begumpet,Hyderabad,,18000000.0,690.2,12857.0,4,3,Apartment,,,
Begumpet,Hyderabad,,12857.0,1011.6,12857.0,1,1,Apartment,,,
Begumpet,Hyderabad,,12862800.0,1660.0,7748.674698795181,3,3,Apartment,,,
Begumpet,Hyderabad,,35000000.0,1400.0,25000.0,2,2,Apartment,,,
Begumpet,Hyderabad,,35000000.0,3453.0,25000.0,4,4,Apartment,,,
Begumpet,Hyderabad,,25000.0,1011.6,25000.0,1,1,Apartment,,,
Begumpet,Hyderabad,,21300000.0,1400.0,15214.28571428571,3,2,Apartment,,,
Begumpet,Hyderabad,,9384000.0,836.0,11224.88038277512,2,2,Apartment,,,
Begumpet,Hyderabad,,13800000.0,1400.0,9857.142857142857,2,2,Apartment,,,
Begumpet,Hyderabad,,55000000.0,3078.0,17868.0,3,4,Plot,,,
Begumpet,Hyderabad,,55000000.0,2225.0,17868.0,5,5,Apartment,,,
Begumpet,Hyderabad,,17868.0,1011.6,17868.0,1,1,Apartment,,,
Begumpet,Hyderabad,,50100000.0,3078.0,16276.80311890838,4,4,Plot,,,
Begumpet,Hyderabad,,15385054.88252427,1940.211690056733,7929.575397040516,3,3,Plot,,,
Begumpet,Hyderabad,,12000000.0,1130.0,10619.0,2,2,Apartment,,,
Begumpet,Hyderabad,,12000000.0,1729.6,10619.0,4,2,Apartment,,,
Begumpet,Hyderabad,,10619.0,1011.6,10619.0,1,1,Apartment,,,
Begumpet,Hyderabad,,9200000.0,1130.0,8141.592920353983,2,2,Apartment,,,
Begumpet,Hyderabad,,50000000.0,500.0,44211.83576956148,6,6,Plot,,,
Begumpet,Hyderabad,,50000000.0,2599.0,44211.83576956148,3,4,Apartment,,,
Begumpet,Hyderabad,,100000.0,1011.6,44211.83576956148,1,1,Apartment,,,
Begumpet,Hyderabad,,26320000.0,500.0,44211.83576956148,3,4,Plot,,,
Begumpet,Hyderabad,,40700000.0,3240.0,12561.72839506173,6,6,Apartment,,,
Begumpet,Hyderabad,,8801200.0,2068.2,4255.487863842955,3,6,Apartment,,,
Begumpet,Hyderabad,,26000000.0,5400.0,4814.0,1,1,Apartment,,,
Begumpet,Hyderabad,,6640000.0,9714.4,683.5213703368196,1,1,Apartment,,,
Begumpet,Hyderabad,,26000000.0,2966.0,4814.0,3,3,Apartment,,,
Begumpet,Hyderabad,,15385054.88252427,1940.211690056733,4814.0,3,3,Apartment,,,
Begumpet,Hyderabad,,27840000.0,5400.0,5155.555555555556,2,3,Apartment,,,
Begumpet,Hyderabad,,19520000.0,5987.2,3260.288615713522,1,1,Apartment,,,
Begumpet,Hyderabad,,15140000.0,5400.0,2803.703703703704,1,1,Apartment,,,
Begumpet,Hyderabad,,60000000.0,2100.0,28571.0,10,10,Plot,,,
Begumpet,Hyderabad,,41800000.0,4212.8,9922.14204329662,10,9,Apartment,,,
Begumpet,Hyderabad,,60000000.0,2670.0,28571.0,7,6,Apartment,,,
Begumpet,Hyderabad,,28571.0,1011.6,28571.0,1,1,Apartment,,,
Begumpet,Hyderabad,,34600000.0,2100.0,16476.19047619048,6,4,Plot,,,
Begumpet,Hyderabad,,48400000.0,4354.8,11114.17286672178,10,10,Apartment,,,
Begumpet,Hyderabad,,10000000.0,1008.0,9920.0,2,2,Apartment,,,
Begumpet,Hyderabad,,10000000.0,1220.4,9920.0,2,3,Apartment,,,
Begumpet,Hyderabad,,15385054.88252427,1940.211690056733,9920.0,3,3,Apartment,,,
Begumpet,Hyderabad,,7780000.0,1008.0,7718.253968253968,2,2,Apartment,,,
Begumpet,Hyderabad,,7820000.0,1008.0,7757.936507936508,2,2,Apartment,,,
Begumpet,Hyderabad,,12000000.0,1400.0,8571.0,3,2,Apartment,,,
Begumpet,Hyderabad,,12000000.0,1729.6,8571.0,4,2,Apartment,,,
Begumpet,Hyderabad,,15385054.88252427,1940.211690056733,8571.0,3,3,Apartment,,,
Begumpet,Hyderabad,,13780000.0,1400.0,9842.857142857143,3,2,Apartment,,,
Begumpet,Hyderabad,,8000000.0,1147.0,6974.0,3,2,Apartment,,,
Begumpet,Hyderabad,,8000000.0,937.4,6974.0,2,2,Apartment,,,
Begumpet,Hyderabad,,15385054.88252427,1940.211690056733,6974.0,3,3,Apartment,,,
Begumpet,Hyderabad,,6820000.0,1147.0,5945.945945945946,3,2,Apartment,,,
Begumpet,Hyderabad,,13160000.0,1147.0,11473.40889276373,3,2,Apartment,,,
Begumpet,Hyderabad,,21000000.0,2100.0,10000.0,3,3,Apartment,,,
Begumpet,Hyderabad,,21000000.0,1903.0,10000.0,3,3,Apartment,,,
Begumpet,Hyderabad,,15385054.88252427,1940.211690056733,10000.0,3,3,Apartment,,,
Begumpet,Hyderabad,,20000000.0,4500.0,4445.0,2,1,Plot,,,
Begumpet,Hyderabad,,20000000.0,2507.6,4445.0,5,3,Apartment,,,
Begumpet,Hyderabad,,15385054.88252427,1940.211690056733,4445.0,3,3,Apartment,,,
Begumpet,Hyderabad,,21500000.0,4500.0,4777.777777777777,3,3,Plot,,,
Begumpet,Hyderabad,,20000000.0,2750.0,7272.0,3,3,Apartment,,,
Begumpet,Hyderabad,,20000000.0,2507.6,7272.0,5,3,Apartment,,,
Begumpet,Hyderabad,,15385054.88252427,1940.211690056733,7272.0,3,3,Apartment,,,
Begumpet,Hyderabad,,22320000.0,2750.0,8116.363636363636,3,3,Apartment,,,
Begumpet,Hyderabad,,17960000.0,2750.0,6530.909090909091,3,3,Apartment,,,
Begumpet,Hyderabad,,35000000.0,3600.0,9722.0,2,2,Plot,,,
Begumpet,Hyderabad,,35000000.0,3600.0,9722.0,3,4,Plot,,,
Begumpet,Hyderabad,,35000000.0,3453.0,9722.0,4,4,Apartment,,,
Begumpet,Hyderabad,,15385054.88252427,1940.211690056733,9722.0,3,3,Apartment,,,
Begumpet,Hyderabad,,40200000.0,3600.0,11166.66666666667,3,4,Plot,,,
Begumpet,Hyderabad,,25000000.0,2562.0,9758.0,3,3,Apartment,,,
Begumpet,Hyderabad,,25000000.0,2600.4,9758.0,3,4,Apartment,,,
Begumpet,Hyderabad,,15385054.88252427,1940.211690056733,9758.0,3,3,Apartment,,,
Begumpet,Hyderabad,,20780000.0,2562.0,8110.850897736143,3,3,Apartment,,,
Begumpet,Hyderabad,,16120000.0,2562.0,6291.959406713505,3,3,Apartment,,,
Begumpet,Hyderabad,,20000000.0,2065.0,9685.0,4,4,Apartment,,,
Begumpet,Hyderabad,,20000000.0,2507.6,9685.0,5,3,Apartment,,,
Begumpet,Hyderabad,,15385054.88252427,1940.211690056733,9685.0,3,3,Apartment,,,
Begumpet,Hyderabad,,37920000.0,2065.0,18363.19612590799,3,3,Apartment,,,
Begumpet,Hyderabad,,15920000.0,3300.0,4824.242424242424,3,3,Apartment,,,
Begumpet,Hyderabad,,24000000.0,2500.0,9600.0,3,3,Apartment,,,
Begumpet,Hyderabad,,24000000.0,2609.2,9600.0,3,3,Apartment,,,
Begumpet,Hyderabad,,15385054.88252427,1940.211690056733,9600.0,3,3,Apartment,,,
Begumpet,Hyderabad,,26600000.0,2500.0,10640.0,3,3,Apartment,,,
Begumpet,Hyderabad,,15500000.0,1780.0,8707.0,3,3,Apartment,,,
Begumpet,Hyderabad,,15500000.0,3560.6,8707.0,3,3,Apartment,,,
Begumpet,Hyderabad,,15385054.88252427,1940.211690056733,8707.0,3,3,Apartment,,,
Begumpet,Hyderabad,,11980000.0,1780.0,6730.337078651685,3,3,Apartment,,,
Begumpet,Hyderabad,,51800000.0,3078.0,16829.0,3,3,Plot,,,
Begumpet,Hyderabad,,51800000.0,3078.0,16829.0,3,4,Plot,,,
Begumpet,Hyderabad,,51800000.0,3331.2,16829.0,8,8,Apartment,,,
Begumpet,Hyderabad,,16829.0,1011.6,16829.0,1,1,Apartment,,,
Begumpet,Hyderabad,,43000000.0,5000.0,8600.0,4,4,House,,,
Begumpet,Hyderabad,,43000000.0,5000.0,8600.0,4,4,Plot,,,
Begumpet,Hyderabad,,43000000.0,3976.4,8600.0,4,4,Apartment,,,
Begumpet,Hyderabad,,15385054.88252427,1940.211690056733,8600.0,3,3,Apartment,,,
Begumpet,Hyderabad,,38400000.0,5000.0,7680.0,6,7,Plot,,,
Begumpet,Hyderabad,,90000000.0,6000.0,15000.0,4,5,Apartment,,,
Begumpet,Hyderabad,,90000000.0,10195.625,15000.0,3,3,Apartment,,,
Begumpet,Hyderabad,,15000.0,1011.6,15000.0,1,1,Apartment,,,
Begumpet,Hyderabad,,81700000.0,6050.0,13500.0,4,5,Apartment,,,
Begumpet,Hyderabad,,81700000.0,3926.0,13500.0,4,5,Apartment,,,
Begumpet,Hyderabad,,13500.0,1011.6,13500.0,1,1,Apartment,,,
Begumpet,Hyderabad,,76080000.0,6050.0,12575.20661157025,6,6,Apartment,,,
Begumpet,Hyderabad,,76700000.0,5290.0,14499.0,4,4,Apartment,,,
Begumpet,Hyderabad,,76700000.0,2318.0,14499.0,4,5,Apartment,,,
Begumpet,Hyderabad,,14499.0,1011.6,14499.0,1,1,Apartment,,,
Begumpet,Hyderabad,,59480000.0,5290.0,11243.85633270321,4,8,Apartment,,,
Begumpet,Hyderabad,,3500000.0,360.0,9722.0,2,3,Plot,,,
Begumpet,Hyderabad,,3500000.0,680.0,9722.0,2,2,Apartment,,,
Begumpet,Hyderabad,,41300000.0,360.0,44211.83576956148,7,6,Plot,,,
Begumpet,Hyderabad,,14000000.0,1500.0,9333.0,2,2,Apartment,,,
Begumpet,Hyderabad,,14000000.0,1493.0,9333.0,3,3,Apartment,,,
Begumpet,Hyderabad,,15385054.88252427,1940.211690056733,9333.0,3,3,Apartment,,,
Begumpet,Hyderabad,,9080000.0,1500.0,6053.333333333333,3,3,Apartment,,,
Begumpet,Hyderabad,,45000000.0,2403.0,18727.0,4,4,House,,,
Begumpet,Hyderabad,,45000000.0,2403.0,18727.0,4,4,Plot,,,
Begumpet,Hyderabad,,45000000.0,5601.2,18727.0,4,4,Apartment,,,
Begumpet,Hyderabad,,18727.0,1011.6,18727.0,1,1,Apartment,,,
Begumpet,Hyderabad,,43500000.0,2403.0,18102.3720349563,4,4,Plot,,,
Begumpet,Hyderabad,,38500000.0,2898.0,13285.0,4,4,Plot,,,
Begumpet,Hyderabad,,38500000.0,3320.4,13285.0,4,4,Apartment,,,
Begumpet,Hyderabad,,13285.0,1011.6,13285.0,1,1,Apartment,,,
Begumpet,Hyderabad,,26180000.0,2898.0,9033.816425120773,3,3,Plot,,,
Begumpet,Hyderabad,,4000000.0,860.0,4651.0,2,2,Apartment,,,
Begumpet,Hyderabad,,4000000.0,605.6,4651.0,2,2,Apartment,,,
Begumpet,Hyderabad,,15385054.88252427,1940.211690056733,4651.0,3,3,Apartment,,,
Begumpet,Hyderabad,,4000000.0,860.0,4651.162790697675,2,2,Apartment,,,
Begumpet,Hyderabad,,6020000.0,860.0,7000.0,2,2,Apartment,,,
Begumpet,Hyderabad,,10000000.0,1300.0,7692.0,2,3,House,,,
Begumpet,Hyderabad,,3600000.0,1163.0,3095.442820292348,2,2,House,,,
Begumpet,Hyderabad,,10000000.0,1300.0,7692.0,2,3,Apartment,,,
Begumpet,Hyderabad,,10000000.0,1220.4,7692.0,2,3,Apartment,,,
Begumpet,Hyderabad,,15385054.88252427,1940.211690056733,7692.0,3,3,Apartment,,,
Begumpet,Hyderabad,,6530000.0,1300.0,5023.076923076923,3,3,Apartment,,,
Begumpet,Hyderabad,,8360000.0,1300.0,6430.769230769231,2,3,House,,,
Begumpet,Hyderabad,,4500000.0,800.0,5625.0,2,2,Apartment,,,
Begumpet,Hyderabad,,4500000.0,995.8,5625.0,3,2,Apartment,,,
Begumpet,Hyderabad,,15385054.88252427,1940.211690056733,5625.0,3,3,Apartment,,,
Begumpet,Hyderabad,,4720000.0,800.0,5900.0,2,2,Apartment,,,
Begumpet,Hyderabad,,3700000.0,800.0,4625.0,2,2,Apartment,,,
Begumpet,Hyderabad,,23000000.0,1494.0,15395.0,3,3,Apartment,,,
Begumpet,Hyderabad,,23000000.0,1494.0,15395.0,3,3,Plot,,,
Begumpet,Hyderabad,,23000000.0,10195.625,15395.0,4,4,Apartment,,,
Begumpet,Hyderabad,,15395.0,1011.6,15395.0,1,1,Apartment,,,
Begumpet,Hyderabad,,16620000.0,1494.0,11124.49799196787,3,3,Plot,,,
Begumpet,Hyderabad,,6000000.0,1050.0,5714.0,2,2,Apartment,,,
Begumpet,Hyderabad,,6000000.0,1387.2,5714.0,2,2,Apartment,,,
Begumpet,Hyderabad,,15385054.88252427,1940.211690056733,5714.0,3,3,Apartment,,,
Begumpet,Hyderabad,,6240000.0,1050.0,5942.857142857143,2,2,Apartment,,,
Begumpet,Hyderabad,,32500000.0,2500.0,13000.0,3,3,Apartment,,,
Begumpet,Hyderabad,,32500000.0,3846.0,13000.0,4,4,Apartment,,,
Begumpet,Hyderabad,,13000.0,1011.6,13000.0,1,1,Apartment,,,
Begumpet,Hyderabad,,20860000.0,2500.0,8344.0,3,3,Apartment,,,
Begumpet,Hyderabad,,50000000.0,2700.0,18518.0,2,2,Villa,,,
Begumpet,Hyderabad,,50000000.0,2700.0,18518.0,2,2,Plot,,,
Begumpet,Hyderabad,,50000000.0,2599.0,18518.0,3,4,Apartment,,,
Begumpet,Hyderabad,,18518.0,1011.6,18518.0,1,1,Apartment,,,
Begumpet,Hyderabad,,35281000.0,2700.0,13067.03703703704,4,4,Plot,,,
Begumpet,Hyderabad,,17141000.0,2700.0,6348.518518518518,2,2,Villa,,,
Begumpet,Hyderabad,,90000000.0,3618.0,24876.0,3,2,Villa,,,
Begumpet,Hyderabad,,90000000.0,3618.0,24876.0,3,2,Plot,,,
Begumpet,Hyderabad,,90000000.0,10195.625,24876.0,3,3,Apartment,,,
Begumpet,Hyderabad,,24876.0,1011.6,24876.0,1,1,Apartment,,,
Begumpet,Hyderabad,,61440000.0,3618.0,16981.75787728027,3,3,Plot,,,
Begumpet,Hyderabad,,42120000.0,3618.0,11641.79104477612,3,2,Villa,,,
Begumpet,Hyderabad,,4990000.0,1080.0,4620.0,2,2,Apartment,,,
Begumpet,Hyderabad,,4990000.0,739.8,4620.0,2,2,Apartment,,,
Begumpet,Hyderabad,,15385054.88252427,1940.211690056733,4620.0,3,3,Apartment,,,
Begumpet,Hyderabad,,4400000.0,1080.0,4074.074074074074,2,3,Apartment,,,
Begumpet,Hyderabad,,14000000.0,1350.0,10370.0,3,2,Apartment,,,
Begumpet,Hyderabad,,14000000.0,1493.0,10370.0,3,3,Apartment,,,
Begumpet,Hyderabad,,10370.0,1011.6,10370.0,1,1,Apartment,,,
Begumpet,Hyderabad,,7690000.0,1350.0,5696.296296296297,3,4,Apartment,,,
Begumpet,Hyderabad,,12500000.0,1211.0,10322.0,3,3,Apartment,,,
Begumpet,Hyderabad,,12500000.0,1542.8,10322.0,3,3,Apartment,,,
Begumpet,Hyderabad,,10322.0,1011.6,10322.0,1,1,Apartment,,,
Begumpet,Hyderabad,,17100000.0,1211.0,14120.56151940545,3,3,Apartment,,,
Begumpet,Hyderabad,,16160000.0,1211.0,13344.34351775392,3,3,Apartment,,,
Begumpet,Hyderabad,,27500000.0,1500.0,18333.0,5,3,Villa,,,
Begumpet,Hyderabad,,46000000.0,3877.2,11864.23191994223,5,5,Apartment,,,
Begumpet,Hyderabad,,27500000.0,1500.0,18333.0,5,3,Plot,,,
Begumpet,Hyderabad,,27500000.0,2112.0,18333.0,4,4,Apartment,,,
Begumpet,Hyderabad,,18333.0,1011.6,18333.0,1,1,Apartment,,,
Begumpet,Hyderabad,,41900000.0,3294.0,12720.09714632665,5,3,Apartment,,,
Begumpet,Hyderabad,,16000000.0,1615.0,9907.0,3,3,Apartment,,,
Begumpet,Hyderabad,,16000000.0,1673.0,9907.0,4,2,Apartment,,,
Begumpet,Hyderabad,,15385054.88252427,1940.211690056733,9907.0,3,3,Apartment,,,
Begumpet,Hyderabad,,14520000.0,1615.0,8990.712074303405,3,3,Apartment,,,
Begumpet,Hyderabad,,12520000.0,1615.0,7752.321981424148,3,3,Apartment,,,
Begumpet,Hyderabad,,8500000.0,1467.0,5794.0,3,3,Apartment,,,
Begumpet,Hyderabad,,8500000.0,1363.2,5794.0,3,2,Apartment,,,
Begumpet,Hyderabad,,15385054.88252427,1940.211690056733,5794.0,3,3,Apartment,,,
Begumpet,Hyderabad,,9600000.0,1467.0,6543.967280163599,3,3,Apartment,,,
Begumpet,Hyderabad,,10500000.0,225.0,44211.83576956148,2,2,House,,,
Begumpet,Hyderabad,,10500000.0,225.0,44211.83576956148,2,2,Apartment,,,
Begumpet,Hyderabad,,10500000.0,1200.8,44211.83576956148,4,2,Apartment,,,
Begumpet,Hyderabad,,46666.0,1011.6,44211.83576956148,1,1,Apartment,,,
Begumpet,Hyderabad,,9200000.0,225.0,40888.88888888889,2,2,Apartment,,,
Begumpet,Hyderabad,,31200000.0,2160.0,14444.0,3,4,Plot,,,
Begumpet,Hyderabad,,31200000.0,2909.8,14444.0,6,6,Apartment,,,
Begumpet,Hyderabad,,14444.0,1011.6,14444.0,1,1,Apartment,,,
Begumpet,Hyderabad,,27720000.0,2160.0,12833.33333333333,4,4,Plot,,,
Begumpet,Hyderabad,,5500000.0,830.0,6626.0,2,2,Apartment,,,
Begumpet,Hyderabad,,5500000.0,1024.4,6626.0,3,2,Apartment,,,
Begumpet,Hyderabad,,15385054.88252427,1940.211690056733,6626.0,3,3,Apartment,,,
Begumpet,Hyderabad,,4500000.0,830.0,5421.686746987952,2,2,Apartment,,,
Chaderghat,Hyderabad,,9000000.0,720.0,12500.0,5,3,House,,,
Chaderghat,Hyderabad,,46000000.0,3877.2,11864.23191994223,5,5,House,,,
Chaderghat,Hyderabad,,9000000.0,720.0,12500.0,5,3,Apartment,,,
Chaderghat,Hyderabad,,9000000.0,1118.0,12500.0,3,2,Apartment,,,
Chaderghat,Hyderabad,,12500.0,1011.6,12500.0,1,1,Apartment,,,
Chaderghat,Hyderabad,,9800000.0,720.0,13611.11111111111,3,3,Apartment,,,
Chaderghat,Hyderabad,,41900000.0,3294.0,12720.09714632665,5,3,Apartment,,,
Chaderghat,Hyderabad,,5160000.0,720.0,7166.666666666667,5,3,House,,,
Chaderghat,Hyderabad,,2700000.0,550.0,4909.0,1,1,Apartment,,,
Chaderghat,Hyderabad,,6640000.0,9714.4,683.5213703368196,1,1,Apartment,,,
Chaderghat,Hyderabad,,2700000.0,941.8,4909.0,1,1,Apartment,,,
Chaderghat,Hyderabad,,15385054.88252427,1940.211690056733,4909.0,3,3,Apartment,,,
Chaderghat,Hyderabad,,3900000.0,550.0,7090.909090909091,1,1,Apartment,,,
Chaderghat,Hyderabad,,19520000.0,5987.2,3260.288615713522,1,1,Apartment,,,
Chaderghat,Hyderabad,,2500000.0,850.0,2941.0,1,1,Apartment,,,
Chaderghat,Hyderabad,,2500000.0,740.0,2941.0,1,1,Apartment,,,
Chaderghat,Hyderabad,,15385054.88252427,1940.211690056733,2941.0,3,3,Apartment,,,
Chaderghat,Hyderabad,,4180000.0,850.0,4917.64705882353,2,2,Apartment,,,
Chaderghat,Hyderabad,,3100000.0,550.0,5636.0,1,1,Apartment,,,
Chaderghat,Hyderabad,,3100000.0,609.6,5636.0,1,1,Apartment,,,
Chaderghat,Hyderabad,,15385054.88252427,1940.211690056733,5636.0,3,3,Apartment,,,
ECIL,Hyderabad,,4400000.0,1503.0,3000.0,3,3,Plot,,,
ECIL,Hyderabad,,4400000.0,1481.2,3000.0,2,2,Apartment,,,
ECIL,Hyderabad,,15385054.88252427,1940.211690056733,3000.0,3,3,Apartment,,,
ECIL,Hyderabad,,10749000.0,1503.0,7151.696606786427,3,3,Plot,,,
ECIL,Hyderabad,,15385054.88252427,1940.211690056733,7929.575397040516,3,3,Plot,,,
ECIL,Hyderabad,,12500000.0,2403.0,5223.0,3,3,Plot,,,
ECIL,Hyderabad,,12500000.0,1542.8,5223.0,3,3,Apartment,,,
ECIL,Hyderabad,,15385054.88252427,1940.211690056733,5223.0,3,3,Apartment,,,
ECIL,Hyderabad,,43500000.0,2403.0,18102.3720349563,4,4,Plot,,,
ECIL,Hyderabad,,18000000.0,200.0,44211.83576956148,3,2,House,,,
ECIL,Hyderabad,,9960000.0,2301.0,4328.552803129074,3,3,Apartment,,,
ECIL,Hyderabad,,18000000.0,200.0,44211.83576956148,3,2,Plot,,,
ECIL,Hyderabad,,18000000.0,690.2,44211.83576956148,4,3,Apartment,,,
ECIL,Hyderabad,,90000.0,1011.6,44211.83576956148,1,1,Apartment,,,
ECIL,Hyderabad,,10700000.0,200.0,44211.83576956148,2,2,Plot,,,
ECIL,Hyderabad,,10000000.0,1529.8,6536.802196365538,3,2,Apartment,,,
ECIL,Hyderabad,,5845000.0,1503.0,3889.0,3,3,Plot,,,
ECIL,Hyderabad,,5845000.0,1310.2,3889.0,2,2,Apartment,,,
ECIL,Hyderabad,,15385054.88252427,1940.211690056733,3889.0,3,3,Apartment,,,
ECIL,Hyderabad,,11000000.0,1620.0,6790.0,3,3,Apartment,,,
ECIL,Hyderabad,,11000000.0,2076.0,6790.0,3,2,Apartment,,,
ECIL,Hyderabad,,15385054.88252427,1940.211690056733,6790.0,3,3,Apartment,,,
ECIL,Hyderabad,,8576000.0,1620.0,5293.827160493827,3,3,Apartment,,,
ECIL,Hyderabad,,6750000.0,1000.0,6750.0,2,2,House,,,
ECIL,Hyderabad,,3600000.0,1163.0,3095.442820292348,2,2,House,,,
ECIL,Hyderabad,,6750000.0,1000.0,6750.0,2,2,Apartment,,,
ECIL,Hyderabad,,6750000.0,1394.2,6750.0,2,2,Apartment,,,
ECIL,Hyderabad,,15385054.88252427,1940.211690056733,6750.0,3,3,Apartment,,,
ECIL,Hyderabad,,4940000.0,1000.0,4940.0,3,2,Apartment,,,
ECIL,Hyderabad,,9384000.0,836.0,11224.88038277512,2,2,Apartment,,,
ECIL,Hyderabad,,8210000.0,1000.0,8210.0,2,2,House,,,
ECIL,Hyderabad,,5800000.0,1000.0,5800.0,4,3,House,,,
ECIL,Hyderabad,,26640000.0,4388.6,6070.27297999362,4,4,Apartment,,,
ECIL,Hyderabad,,5800000.0,1000.0,5800.0,4,3,Plot,,,
ECIL,Hyderabad,,5800000.0,832.0,5800.0,2,2,Apartment,,,
ECIL,Hyderabad,,15385054.88252427,1940.211690056733,5800.0,3,3,Apartment,,,
ECIL,Hyderabad,,22280000.0,4451.2,5005.391804457226,4,3,Apartment,,,
ECIL,Hyderabad,,5420000.0,1000.0,5420.0,4,3,House,,,
ECIL,Hyderabad,,12000000.0,2400.0,5106.0,3,3,Villa,,,
ECIL,Hyderabad,,12000000.0,2400.0,5106.0,3,3,Plot,,,
ECIL,Hyderabad,,12000000.0,1729.6,5106.0,4,2,Apartment,,,
ECIL,Hyderabad,,15385054.88252427,1940.211690056733,5106.0,3,3,Apartment,,,
ECIL,Hyderabad,,19880000.0,2400.0,8283.333333333334,3,4,Plot,,,
ECIL,Hyderabad,,6000000.0,1050.0,5714.0,2,2,Apartment,,,
ECIL,Hyderabad,,3600000.0,1163.0,3095.442820292348,2,2,Apartment,,,
ECIL,Hyderabad,,6000000.0,1387.2,5714.0,2,2,Apartment,,,
ECIL,Hyderabad,,15385054.88252427,1940.211690056733,5714.0,3,3,Apartment,,,
ECIL,Hyderabad,,6240000.0,1050.0,5942.857142857143,2,2,Apartment,,,
ECIL,Hyderabad,,9300000.0,1350.0,6889.0,3,3,Villa,,,
ECIL,Hyderabad,,9300000.0,1350.0,6889.0,3,3,Plot,,,
ECIL,Hyderabad,,9300000.0,1322.2,6889.0,3,3,Apartment,,,
ECIL,Hyderabad,,15385054.88252427,1940.211690056733,6889.0,3,3,Apartment,,,
ECIL,Hyderabad,,7690000.0,1350.0,5696.296296296297,3,4,Plot,,,
ECIL,Hyderabad,,23000000.0,1870.0,12299.46524064171,3,2,House,,,
ECIL,Hyderabad,,23000000.0,1870.0,12299.46524064171,3,2,Plot,,,
ECIL,Hyderabad,,23000000.0,10195.625,2226.869602261725,4,4,Apartment,,,
ECIL,Hyderabad,,15385054.88252427,1940.211690056733,7929.575397040516,3,3,Apartment,,,
ECIL,Hyderabad,,9500000.0,954.0,1173.0,4,4,House,,,
ECIL,Hyderabad,,9500000.0,954.0,1173.0,4,4,Plot,,,
ECIL,Hyderabad,,9500000.0,1400.0,1173.0,3,3,Apartment,,,
ECIL,Hyderabad,,15385054.88252427,1940.211690056733,1173.0,3,3,Apartment,,,
ECIL,Hyderabad,,13800000.0,954.0,14465.40880503145,4,4,Plot,,,
ECIL,Hyderabad,,3800000.0,805.0,4720.0,2,2,Apartment,,,
ECIL,Hyderabad,,3800000.0,840.0,4720.0,2,2,Apartment,,,
ECIL,Hyderabad,,15385054.88252427,1940.211690056733,4720.0,3,3,Apartment,,,
ECIL,Hyderabad,,4580000.0,805.0,5689.44099378882,2,2,Apartment,,,
ECIL,Hyderabad,,7620000.0,805.0,9465.83850931677,2,2,Apartment,,,
ECIL,Hyderabad,,8100000.0,1566.0,5172.0,2,2,Plot,,,
ECIL,Hyderabad,,8100000.0,1428.8,5172.0,2,2,Apartment,,,
ECIL,Hyderabad,,15385054.88252427,1940.211690056733,5172.0,3,3,Apartment,,,
ECIL,Hyderabad,,17040000.0,1566.0,10881.22605363985,4,4,Plot,,,
ECIL,Hyderabad,,25000000.0,3753.0,6661.0,4,3,Plot,,,
ECIL,Hyderabad,,25000000.0,2600.4,6661.0,3,4,Apartment,,,
ECIL,Hyderabad,,15385054.88252427,1940.211690056733,6661.0,3,3,Apartment,,,
ECIL,Hyderabad,,32360000.0,3753.0,8622.435385025314,3,4,Plot,,,
ECIL,Hyderabad,,20900000.0,3753.0,5556.0,4,3,Plot,,,
ECIL,Hyderabad,,20900000.0,2677.2,5556.0,3,3,Apartment,,,
ECIL,Hyderabad,,15385054.88252427,1940.211690056733,5556.0,3,3,Apartment,,,
ECIL,Hyderabad,,5200000.0,1800.0,2889.0,3,3,Plot,,,
ECIL,Hyderabad,,5200000.0,1289.6,2889.0,2,2,Apartment,,,
ECIL,Hyderabad,,15385054.88252427,1940.211690056733,2889.0,3,3,Apartment,,,
ECIL,Hyderabad,,16240000.0,1800.0,9022.222222222224,4,4,Plot,,,
ECIL,Hyderabad,,5300000.0,1010.0,5247.0,2,2,Apartment,,,
ECIL,Hyderabad,,5300000.0,1016.4,5247.0,2,2,Apartment,,,
ECIL,Hyderabad,,15385054.88252427,1940.211690056733,5247.0,3,3,Apartment,,,
ECIL,Hyderabad,,6000000.0,1010.0,5940.59405940594,2,2,Apartment,,,
ECIL,Hyderabad,,12000000.0,2448.0,4902.0,3,2,House,,,
ECIL,Hyderabad,,9960000.0,2301.0,4328.552803129074,3,3,House,,,
ECIL,Hyderabad,,12000000.0,2448.0,4902.0,3,2,Apartment,,,
ECIL,Hyderabad,,12000000.0,1729.6,4902.0,4,2,Apartment,,,
ECIL,Hyderabad,,15385054.88252427,1940.211690056733,4902.0,3,3,Apartment,,,
ECIL,Hyderabad,,15500000.0,2448.0,6331.699346405228,3,3,Apartment,,,
ECIL,Hyderabad,,2500000.0,720.0,3472.0,3,2,Plot,,,
ECIL,Hyderabad,,2500000.0,740.0,3472.0,1,1,Apartment,,,
ECIL,Hyderabad,,15385054.88252427,1940.211690056733,3472.0,3,3,Apartment,,,
ECIL,Hyderabad,,9800000.0,720.0,13611.11111111111,3,3,Plot,,,
ECIL,Hyderabad,,5100000.0,1080.0,4722.0,2,2,Apartment,,,
ECIL,Hyderabad,,5100000.0,913.8,4722.0,2,2,Apartment,,,
ECIL,Hyderabad,,15385054.88252427,1940.211690056733,4722.0,3,3,Apartment,,,
ECIL,Hyderabad,,4400000.0,1080.0,4074.074074074074,2,3,Apartment,,,
ECIL,Hyderabad,,6500000.0,1050.0,6190.0,2,2,House,,,
ECIL,Hyderabad,,6500000.0,1050.0,6190.0,2,2,Apartment,,,
ECIL,Hyderabad,,6500000.0,990.6,6190.0,2,2,Apartment,,,
ECIL,Hyderabad,,15385054.88252427,1940.211690056733,6190.0,3,3,Apartment,,,
ECIL,Hyderabad,,7920000.0,1050.0,7542.857142857143,2,2,House,,,
ECIL,Hyderabad,,19500000.0,4600.0,4239.0,10,8,Plot,,,
ECIL,Hyderabad,,41800000.0,4212.8,9922.14204329662,10,9,Apartment,,,
ECIL,Hyderabad,,19500000.0,2616.6,4239.0,6,6,Apartment,,,
ECIL,Hyderabad,,15385054.88252427,1940.211690056733,4239.0,3,3,Apartment,,,
ECIL,Hyderabad,,34000000.0,4600.0,7391.304347826087,7,6,Plot,,,
ECIL,Hyderabad,,39900000.0,3665.6,10884.98472282846,10,8,Apartment,,,
ECIL,Hyderabad,,8500000.0,1540.0,7083.0,3,2,Apartment,,,
ECIL,Hyderabad,,8500000.0,1363.2,7083.0,3,2,Apartment,,,
ECIL,Hyderabad,,15385054.88252427,1940.211690056733,7083.0,3,3,Apartment,,,
ECIL,Hyderabad,,9800000.0,1540.0,6363.636363636364,3,3,Apartment,,,
ECIL,Hyderabad,,8800000.0,1350.0,6518.0,3,3,House,,,
ECIL,Hyderabad,,8800000.0,1350.0,6518.0,3,3,Apartment,,,
ECIL,Hyderabad,,8800000.0,1329.0,6518.0,2,2,Apartment,,,
ECIL,Hyderabad,,15385054.88252427,1940.211690056733,6518.0,3,3,Apartment,,,
ECIL,Hyderabad,,9000000.0,1500.0,6000.0,3,3,House,,,
ECIL,Hyderabad,,5200000.0,10195.625,472.7272727272728,2,2,Apartment,,,
ECIL,Hyderabad,,5200000.0,1289.6,4032.258064516129,2,2,Apartment,,,
ECIL,Hyderabad,,53952000.0,10195.625,4904.727272727273,4,3,Apartment,,,
ECIL,Hyderabad,,7600000.0,1980.0,3838.0,3,3,Plot,,,
ECIL,Hyderabad,,7600000.0,1516.0,3838.0,2,2,Apartment,,,
ECIL,Hyderabad,,15385054.88252427,1940.211690056733,3838.0,3,3,Apartment,,,
ECIL,Hyderabad,,25768000.0,1980.0,13014.14141414141,3,3,Plot,,,
ECIL,Hyderabad,,6300000.0,1146.0,5497.0,2,2,Apartment,,,
ECIL,Hyderabad,,6300000.0,947.4,5497.0,2,2,Apartment,,,
ECIL,Hyderabad,,15385054.88252427,1940.211690056733,5497.0,3,3,Apartment,,,
ECIL,Hyderabad,,6800000.0,1146.0,5933.68237347295,2,2,Apartment,,,
ECIL,Hyderabad,,5340000.0,1146.0,4659.685863874345,2,2,Apartment,,,
ECIL,Hyderabad,,6200000.0,9414.0,659.0,2,2,Apartment,,,
ECIL,Hyderabad,,6200000.0,964.4,659.0,2,2,Apartment,,,
ECIL,Hyderabad,,15385054.88252427,1940.211690056733,659.0,3,3,Apartment,,,
ECIL,Hyderabad,,43980000.0,9414.0,4671.765455704271,4,3,Apartment,,,
ECIL,Hyderabad,,5800000.0,1010.0,5742.0,2,2,Apartment,,,
ECIL,Hyderabad,,5800000.0,832.0,5742.0,2,2,Apartment,,,
ECIL,Hyderabad,,15385054.88252427,1940.211690056733,5742.0,3,3,Apartment,,,
ECIL,Hyderabad,,5000000.0,1800.0,3000.0,3,3,Plot,,,
ECIL,Hyderabad,,5000000.0,822.0,3000.0,2,2,Apartment,,,
ECIL,Hyderabad,,3500000.0,1100.0,3181.0,2,2,Apartment,,,
ECIL,Hyderabad,,3500000.0,680.0,3181.0,2,2,Apartment,,,
ECIL,Hyderabad,,15385054.88252427,1940.211690056733,3181.0,3,3,Apartment,,,
ECIL,Hyderabad,,6940000.0,1100.0,6309.090909090909,2,2,Apartment,,,
ECIL,Hyderabad,,100000000.0,9000.0,11111.0,6,6,Apartment,,,
ECIL,Hyderabad,,48600000.0,4050.0,12000.0,6,6,Apartment,,,
ECIL,Hyderabad,,100000000.0,6646.0,11111.0,7,6,Apartment,,,
ECIL,Hyderabad,,11111.0,1011.6,11111.0,1,1,Apartment,,,
ECIL,Hyderabad,,75500000.0,9000.0,8388.888888888889,6,6,Apartment,,,
ECIL,Hyderabad,,56600000.0,2041.2,27728.78698804625,6,6,Apartment,,,
ECIL,Hyderabad,,3600000.0,540.0,6667.0,2,2,House,,,
ECIL,Hyderabad,,3600000.0,540.0,6667.0,2,2,Plot,,,
ECIL,Hyderabad,,3600000.0,858.0,6667.0,2,2,Apartment,,,
ECIL,Hyderabad,,15385054.88252427,1940.211690056733,6667.0,3,3,Apartment,,,
ECIL,Hyderabad,,11440000.0,540.0,21185.18518518518,2,3,Plot,,,
ECIL,Hyderabad,,8000000.0,1314.0,6088.0,2,2,House,,,
ECIL,Hyderabad,,8000000.0,1314.0,6088.0,2,2,Plot,,,
ECIL,Hyderabad,,8000000.0,937.4,6088.0,2,2,Apartment,,,
ECIL,Hyderabad,,15385054.88252427,1940.211690056733,6088.0,3,3,Apartment,,,
ECIL,Hyderabad,,7500000.0,1314.0,5707.762557077625,3,2,Plot,,,
ECIL,Hyderabad,,3750000.0,1080.0,3472.0,3,2,Plot,,,
ECIL,Hyderabad,,3750000.0,979.6,3472.0,2,2,Apartment,,,
ECIL,Hyderabad,,3556000.0,810.0,4390.0,2,2,Plot,,,
ECIL,Hyderabad,,3556000.0,912.0,4390.0,2,2,Apartment,,,
ECIL,Hyderabad,,15385054.88252427,1940.211690056733,4390.0,3,3,Apartment,,,
ECIL,Hyderabad,,4662400.0,810.0,5756.049382716049,2,2,Plot,,,
ECIL,Hyderabad,,7500000.0,1800.0,4167.0,3,3,Plot,,,
ECIL,Hyderabad,,7500000.0,1248.8,4167.0,3,2,Apartment,,,
ECIL,Hyderabad,,15385054.88252427,1940.211690056733,4167.0,3,3,Apartment,,,
ECIL,Hyderabad,,5400000.0,1350.0,4000.0,3,3,Plot,,,
ECIL,Hyderabad,,5400000.0,1185.0,4000.0,2,2,Apartment,,,
ECIL,Hyderabad,,15385054.88252427,1940.211690056733,4000.0,3,3,Apartment,,,
ECIL,Hyderabad,,6200000.0,720.0,8611.0,3,3,Villa,,,
ECIL,Hyderabad,,6200000.0,720.0,8611.0,3,3,Plot,,,
ECIL,Hyderabad,,6200000.0,964.4,8611.0,2,2,Apartment,,,
ECIL,Hyderabad,,15385054.88252427,1940.211690056733,8611.0,3,3,Apartment,,,
ECIL,Hyderabad,,11960000.0,720.0,16611.11111111111,3,3,Villa,,,
ECIL,Hyderabad,,4050000.0,1350.0,3000.0,3,3,Plot,,,
ECIL,Hyderabad,,4050000.0,1057.6,3000.0,2,2,Apartment,,,
ECIL,Hyderabad,,6750000.0,150.0,44211.83576956148,3,3,Plot,,,
ECIL,Hyderabad,,6750000.0,1394.2,44211.83576956148,2,2,Apartment,,,
ECIL,Hyderabad,,45000.0,1011.6,44211.83576956148,1,1,Apartment,,,
ECIL,Hyderabad,,14060000.0,150.0,44211.83576956148,4,4,Plot,,,
ECIL,Hyderabad,,5400000.0,1800.0,3000.0,3,3,Plot,,,
ECIL,Hyderabad,,5400000.0,1185.0,3000.0,2,2,Apartment,,,
Himayatnagar,Hyderabad,,8000000.0,1325.0,6037.0,2,3,Apartment,,,
Himayatnagar,Hyderabad,,3600000.0,1163.0,3095.442820292348,2,2,Apartment,,,
Himayatnagar,Hyderabad,,8000000.0,937.4,6037.0,2,2,Apartment,,,
Himayatnagar,Hyderabad,,15385054.88252427,1940.211690056733,6037.0,3,3,Apartment,,,
Himayatnagar,Hyderabad,,8129600.0,1325.0,6135.547169811321,2,2,Apartment,,,
Himayatnagar,Hyderabad,,7671200.0,854.0,8982.669789227166,2,3,Apartment,,,
Himayatnagar,Hyderabad,,9160000.0,1325.0,6913.207547169812,2,3,Apartment,,,
Himayatnagar,Hyderabad,,2613000.0,603.0,4333.0,2,2,Plot,,,
Himayatnagar,Hyderabad,,2613000.0,765.8,4333.0,1,1,Apartment,,,
Himayatnagar,Hyderabad,,15385054.88252427,1940.211690056733,4333.0,3,3,Apartment,,,
Himayatnagar,Hyderabad,,6945200.0,603.0,11517.74461028192,1,1,Plot,,,
Himayatnagar,Hyderabad,,15385054.88252427,1940.211690056733,7929.575397040516,3,3,Plot,,,
Himayatnagar,Hyderabad,,12500000.0,1475.0,8474.0,3,3,Apartment,,,
Himayatnagar,Hyderabad,,9960000.0,2301.0,4328.552803129074,3,3,Apartment,,,
Himayatnagar,Hyderabad,,12500000.0,1542.8,8474.0,3,3,Apartment,,,
Himayatnagar,Hyderabad,,15385054.88252427,1940.211690056733,8474.0,3,3,Apartment,,,
Himayatnagar,Hyderabad,,11140000.0,1475.0,7552.542372881356,3,3,Apartment,,,
Himayatnagar,Hyderabad,,7280000.0,2568.2,2834.670197025154,3,3,Apartment,,,
Himayatnagar,Hyderabad,,11120000.0,1475.0,7538.983050847458,3,3,Apartment,,,
Himayatnagar,Hyderabad,,9300000.0,1150.0,8086.0,3,3,Apartment,,,
Himayatnagar,Hyderabad,,9300000.0,1322.2,8086.0,3,3,Apartment,,,
Himayatnagar,Hyderabad,,15385054.88252427,1940.211690056733,8086.0,3,3,Apartment,,,
Himayatnagar,Hyderabad,,9120000.0,1150.0,7930.434782608696,3,3,Apartment,,,
Himayatnagar,Hyderabad,,18000000.0,1850.0,9729.0,3,3,Apartment,,,
Himayatnagar,Hyderabad,,18000000.0,690.2,9729.0,4,3,Apartment,,,
Himayatnagar,Hyderabad,,15385054.88252427,1940.211690056733,9729.0,3,3,Apartment,,,
Himayatnagar,Hyderabad,,14900000.0,1850.0,8054.054054054054,3,3,Apartment,,,
Himayatnagar,Hyderabad,,14300000.0,1850.0,7729.72972972973,3,3,Apartment,,,
Himayatnagar,Hyderabad,,9000000.0,1260.0,7142.0,2,2,Apartment,,,
Himayatnagar,Hyderabad,,9000000.0,1118.0,7142.0,3,2,Apartment,,,
Himayatnagar,Hyderabad,,15385054.88252427,1940.211690056733,7142.0,3,3,Apartment,,,
Himayatnagar,Hyderabad,,9600000.0,1260.0,7619.047619047619,2,2,Apartment,,,
Himayatnagar,Hyderabad,,8960000.0,1260.0,7111.111111111111,2,2,Apartment,,,
Himayatnagar,Hyderabad,,13500000.0,1470.0,9183.0,3,3,Apartment,,,
Himayatnagar,Hyderabad,,13500000.0,1502.2,9183.0,4,2,Apartment,,,
Himayatnagar,Hyderabad,,15385054.88252427,1940.211690056733,9183.0,3,3,Apartment,,,
Himayatnagar,Hyderabad,,12300000.0,1470.0,8367.34693877551,3,3,Apartment,,,
Himayatnagar,Hyderabad,,12500000.0,1150.0,10869.0,2,2,Apartment,,,
Himayatnagar,Hyderabad,,12500000.0,1542.8,10869.0,3,3,Apartment,,,
Himayatnagar,Hyderabad,,10869.0,1011.6,10869.0,1,1,Apartment,,,
Himayatnagar,Hyderabad,,70000000.0,1900.0,36842.0,3,3,Plot,,,
Himayatnagar,Hyderabad,,70000000.0,2657.2,36842.0,4,4,Apartment,,,
Himayatnagar,Hyderabad,,36842.0,1011.6,36842.0,1,1,Apartment,,,
Himayatnagar,Hyderabad,,35260000.0,1900.0,18557.89473684211,3,3,Plot,,,
Himayatnagar,Hyderabad,,18000000.0,2450.0,7346.0,3,3,Apartment,,,
Himayatnagar,Hyderabad,,18000000.0,690.2,7346.0,4,3,Apartment,,,
Himayatnagar,Hyderabad,,15385054.88252427,1940.211690056733,7346.0,3,3,Apartment,,,
Himayatnagar,Hyderabad,,17200000.0,2450.0,7020.408163265306,3,3,Apartment,,,
Himayatnagar,Hyderabad,,17160000.0,2450.0,7004.081632653061,3,3,Apartment,,,
Himayatnagar,Hyderabad,,25100000.0,3260.0,7699.0,3,4,Apartment,,,
Himayatnagar,Hyderabad,,25100000.0,2553.8,7699.0,3,4,Apartment,,,
Himayatnagar,Hyderabad,,15385054.88252427,1940.211690056733,7699.0,3,3,Apartment,,,
Himayatnagar,Hyderabad,,41400000.0,3260.0,12699.38650306748,3,4,Apartment,,,
Himayatnagar,Hyderabad,,17240000.0,3260.0,5288.343558282209,3,4,Apartment,,,
Himayatnagar,Hyderabad,,27600000.0,5400.0,5103.0,4,4,Plot,,,
Himayatnagar,Hyderabad,,26640000.0,4388.6,6070.27297999362,4,4,Apartment,,,
Himayatnagar,Hyderabad,,27600000.0,2976.0,5103.0,4,4,Apartment,,,
Himayatnagar,Hyderabad,,15385054.88252427,1940.211690056733,5103.0,3,3,Apartment,,,
Himayatnagar,Hyderabad,,27840000.0,5400.0,5155.555555555556,2,3,Plot,,,
Himayatnagar,Hyderabad,,36700000.0,3072.0,11946.61458333333,4,4,Apartment,,,
Himayatnagar,Hyderabad,,32000000.0,2214.0,14453.0,4,5,Villa,,,
Himayatnagar,Hyderabad,,32000000.0,2214.0,14453.0,4,5,Plot,,,
Himayatnagar,Hyderabad,,32000000.0,3077.0,14453.0,5,6,Apartment,,,
Himayatnagar,Hyderabad,,14453.0,1011.6,14453.0,1,1,Apartment,,,
Himayatnagar,Hyderabad,,25720000.0,2214.0,11616.98283649503,3,4,Plot,,,
Himayatnagar,Hyderabad,,19000000.0,2473.0,7682.0,3,3,Apartment,,,
Himayatnagar,Hyderabad,,19000000.0,3729.2,7682.0,4,4,Apartment,,,
Himayatnagar,Hyderabad,,15385054.88252427,1940.211690056733,7682.0,3,3,Apartment,,,
Himayatnagar,Hyderabad,,23700600.0,2473.0,9583.744439951475,3,3,Apartment,,,
Himayatnagar,Hyderabad,,13720000.0,2473.0,5547.917509098261,3,3,Apartment,,,
Himayatnagar,Hyderabad,,23000000.0,10195.625,568.0,6,5,Villa,,,
Himayatnagar,Hyderabad,,48600000.0,4050.0,12000.0,6,6,Apartment,,,
Himayatnagar,Hyderabad,,23000000.0,10195.625,568.0,6,5,Apartment,,,
Himayatnagar,Hyderabad,,23000000.0,10195.625,568.0,4,4,Apartment,,,
Himayatnagar,Hyderabad,,15385054.88252427,1940.211690056733,568.0,3,3,Apartment,,,
Himayatnagar,Hyderabad,,107250000.0,10195.625,4523.456790123457,4,4,Apartment,,,
Himayatnagar,Hyderabad,,66900000.0,10195.625,6344.840667678301,6,5,Apartment,,,
Himayatnagar,Hyderabad,,26000000.0,1210.0,21487.0,3,3,Plot,,,
Himayatnagar,Hyderabad,,26000000.0,2966.0,21487.0,3,3,Apartment,,,
Himayatnagar,Hyderabad,,21487.0,1011.6,21487.0,1,1,Apartment,,,
Himayatnagar,Hyderabad,,11120000.0,1210.0,9190.0826446281,2,2,Plot,,,
Himayatnagar,Hyderabad,,22400000.0,3200.0,7000.0,3,3,Villa,,,
Himayatnagar,Hyderabad,,22400000.0,3200.0,7000.0,3,3,Plot,,,
Himayatnagar,Hyderabad,,22400000.0,2450.0,7000.0,3,2,Apartment,,,
Himayatnagar,Hyderabad,,15385054.88252427,1940.211690056733,7000.0,3,3,Apartment,,,
Himayatnagar,Hyderabad,,27460000.0,3200.0,8581.25,4,4,Plot,,,
Himayatnagar,Hyderabad,,33200000.0,3220.0,10309.0,5,5,Plot,,,
Himayatnagar,Hyderabad,,46000000.0,3877.2,11864.23191994223,5,5,Apartment,,,
Himayatnagar,Hyderabad,,33200000.0,2589.2,10309.0,5,5,Apartment,,,
Himayatnagar,Hyderabad,,10309.0,1011.6,10309.0,1,1,Apartment,,,
Himayatnagar,Hyderabad,,50780000.0,3220.0,15770.18633540373,4,4,Plot,,,
Himayatnagar,Hyderabad,,46860000.0,6284.0,7457.033736473583,5,5,Apartment,,,
Himayatnagar,Hyderabad,,34400000.0,3505.0,9814.0,3,3,Villa,,,
Himayatnagar,Hyderabad,,34400000.0,3505.0,9814.0,3,3,Apartment,,,
Himayatnagar,Hyderabad,,34400000.0,2556.0,9814.0,5,5,Apartment,,,
Himayatnagar,Hyderabad,,15385054.88252427,1940.211690056733,9814.0,3,3,Apartment,,,
Himayatnagar,Hyderabad,,31260000.0,3505.0,8918.687589158346,3,4,Apartment,,,
Himayatnagar,Hyderabad,,18000000.0,1233.0,14598.0,4,3,Villa,,,
Himayatnagar,Hyderabad,,18000000.0,1233.0,14598.0,4,3,Plot,,,
Himayatnagar,Hyderabad,,18000000.0,690.2,14598.0,4,3,Apartment,,,
Himayatnagar,Hyderabad,,14598.0,1011.6,14598.0,1,1,Apartment,,,
Himayatnagar,Hyderabad,,22780000.0,1233.0,18475.26358475264,4,4,Plot,,,
Himayatnagar,Hyderabad,,36300000.0,3360.0,10803.0,3,3,Villa,,,
Himayatnagar,Hyderabad,,36300000.0,3360.0,10803.0,3,3,Apartment,,,
Himayatnagar,Hyderabad,,36300000.0,2658.0,10803.0,4,4,Apartment,,,
Himayatnagar,Hyderabad,,10803.0,1011.6,10803.0,1,1,Apartment,,,
Himayatnagar,Hyderabad,,40020000.0,3360.0,11910.71428571429,3,3,Apartment,,,
Himayatnagar,Hyderabad,,18000000.0,150.0,44211.83576956148,5,4,Villa,,,
Himayatnagar,Hyderabad,,18000000.0,150.0,44211.83576956148,5,4,Plot,,,
Himayatnagar,Hyderabad,,18000000.0,690.2,26079.39727615184,4,3,Apartment,,,
Himayatnagar,Hyderabad,,120000.0,1011.6,118.6239620403322,1,1,Apartment,,,
Himayatnagar,Hyderabad,,14060000.0,150.0,44211.83576956148,4,4,Plot,,,
Himayatnagar,Hyderabad,,35000000.0,3600.0,9722.0,3,5,Villa,,,
Himayatnagar,Hyderabad,,35000000.0,3600.0,9722.0,3,5,Plot,,,
Himayatnagar,Hyderabad,,35000000.0,3453.0,9722.0,4,4,Apartment,,,
Himayatnagar,Hyderabad,,15385054.88252427,1940.211690056733,9722.0,3,3,Apartment,,,
Himayatnagar,Hyderabad,,40200000.0,3600.0,11166.66666666667,3,4,Plot,,,
Himayatnagar,Hyderabad,,20000000.0,2500.0,8000.0,3,3,Villa,,,
Himayatnagar,Hyderabad,,20000000.0,2500.0,8000.0,3,3,Plot,,,
Himayatnagar,Hyderabad,,20000000.0,2507.6,8000.0,5,3,Apartment,,,
Himayatnagar,Hyderabad,,15385054.88252427,1940.211690056733,8000.0,3,3,Apartment,,,
Himayatnagar,Hyderabad,,26600000.0,2500.0,10640.0,3,3,Plot,,,
Himayatnagar,Hyderabad,,40000000.0,4500.0,8888.0,3,4,Villa,,,
Himayatnagar,Hyderabad,,40000000.0,4500.0,8888.0,3,4,Plot,,,
Himayatnagar,Hyderabad,,40000000.0,5546.0,8888.0,3,4,Apartment,,,
Himayatnagar,Hyderabad,,15385054.88252427,1940.211690056733,8888.0,3,3,Apartment,,,
Himayatnagar,Hyderabad,,21500000.0,4500.0,4777.777777777777,3,3,Plot,,,
Himayatnagar,Hyderabad,,49500000.0,8100.0,6111.0,5,5,Plot,,,
Himayatnagar,Hyderabad,,49500000.0,4420.0,6111.0,4,4,Apartment,,,
Himayatnagar,Hyderabad,,15385054.88252427,1940.211690056733,6111.0,3,3,Apartment,,,
Himayatnagar,Hyderabad,,35800000.0,8100.0,4419.753086419753,6,6,Plot,,,
Hydernagar,Hyderabad,,15500000.0,1800.0,8611.0,3,3,Apartment,,,
Hydernagar,Hyderabad,,9960000.0,2301.0,4328.552803129074,3,3,Apartment,,,
Hydernagar,Hyderabad,,15500000.0,3560.6,8611.0,3,3,Apartment,,,
Hydernagar,Hyderabad,,15385054.88252427,1940.211690056733,8611.0,3,3,Apartment,,,
Hydernagar,Hyderabad,,16240000.0,1800.0,9022.222222222224,4,4,Apartment,,,
Hydernagar,Hyderabad,,7280000.0,2568.2,2834.670197025154,3,3,Apartment,,,
Hydernagar,Hyderabad,,12560000.0,1800.0,6977.777777777777,3,3,Apartment,,,
Hydernagar,Hyderabad,,8000000.0,1360.0,5882.0,2,2,Apartment,,,
Hydernagar,Hyderabad,,3600000.0,1163.0,3095.442820292348,2,2,Apartment,,,
Hydernagar,Hyderabad,,8000000.0,937.4,5882.0,2,2,Apartment,,,
Hydernagar,Hyderabad,,15385054.88252427,1940.211690056733,5882.0,3,3,Apartment,,,
Hydernagar,Hyderabad,,7000000.0,1360.0,5147.058823529412,3,2,Apartment,,,
Hydernagar,Hyderabad,,9384000.0,836.0,11224.88038277512,2,2,Apartment,,,
Hydernagar,Hyderabad,,9019000.0,1100.0,10610.0,2,2,Apartment,,,
Hydernagar,Hyderabad,,9019000.0,1161.2,10610.0,2,2,Apartment,,,
Hydernagar,Hyderabad,,10610.0,1011.6,10610.0,1,1,Apartment,,,
Hydernagar,Hyderabad,,6940000.0,1100.0,6309.090909090909,2,2,Apartment,,,
Hydernagar,Hyderabad,,9130000.0,1100.0,10741.0,2,2,Apartment,,,
Hydernagar,Hyderabad,,9130000.0,1599.0,10741.0,3,2,Apartment,,,
Hydernagar,Hyderabad,,10741.0,1011.6,10741.0,1,1,Apartment,,,
Hydernagar,Hyderabad,,8000000.0,1250.0,6400.0,2,2,Apartment,,,
Hydernagar,Hyderabad,,8000000.0,937.4,6400.0,2,2,Apartment,,,
Hydernagar,Hyderabad,,15385054.88252427,1940.211690056733,6400.0,3,3,Apartment,,,
Hydernagar,Hyderabad,,6450000.0,1250.0,5160.0,2,2,Apartment,,,
Hydernagar,Hyderabad,,7670000.0,1250.0,6136.0,2,2,Apartment,,,
Hydernagar,Hyderabad,,12000000.0,1465.0,8191.0,3,3,Apartment,,,
Hydernagar,Hyderabad,,12000000.0,1729.6,8191.0,4,2,Apartment,,,
Hydernagar,Hyderabad,,15385054.88252427,1940.211690056733,8191.0,3,3,Apartment,,,
Hydernagar,Hyderabad,,10500000.0,1465.0,7167.235494880546,3,3,Apartment,,,
Hydernagar,Hyderabad,,4500000.0,1005.0,4477.0,2,2,Apartment,,,
Hydernagar,Hyderabad,,4500000.0,995.8,4477.0,3,2,Apartment,,,
Hydernagar,Hyderabad,,15385054.88252427,1940.211690056733,4477.0,3,3,Apartment,,,
Hydernagar,Hyderabad,,7100000.0,1005.0,7064.676616915423,2,2,Apartment,,,
Hydernagar,Hyderabad,,10500000.0,2295.0,8772.0,6,6,Plot,,,
Hydernagar,Hyderabad,,48600000.0,4050.0,12000.0,6,6,Apartment,,,
Hydernagar,Hyderabad,,10500000.0,1200.8,8772.0,4,2,Apartment,,,
Hydernagar,Hyderabad,,15385054.88252427,1940.211690056733,8772.0,3,3,Apartment,,,
Hydernagar,Hyderabad,,21400000.0,2295.0,9324.618736383442,4,4,Plot,,,
Hydernagar,Hyderabad,,56600000.0,2041.2,27728.78698804625,6,6,Apartment,,,
Hydernagar,Hyderabad,,8720000.0,255.0,34196.07843137255,6,6,Apartment,,,
Hydernagar,Hyderabad,,12000000.0,1298.0,9245.0,2,2,Apartment,,,
Hydernagar,Hyderabad,,12000000.0,1729.6,9245.0,4,2,Apartment,,,
Hydernagar,Hyderabad,,15385054.88252427,1940.211690056733,9245.0,3,3,Apartment,,,
Hydernagar,Hyderabad,,10500000.0,1298.0,8089.368258859784,2,2,Apartment,,,
Hydernagar,Hyderabad,,7760000.0,1298.0,5978.428351309707,2,2,Apartment,,,
Hydernagar,Hyderabad,,6500000.0,4559.0,44211.83576956148,4,5,Villa,,,
Hydernagar,Hyderabad,,26640000.0,4388.6,6070.27297999362,4,4,Apartment,,,
Hydernagar,Hyderabad,,6500000.0,4559.0,44211.83576956148,4,5,Plot,,,
Hydernagar,Hyderabad,,6500000.0,990.6,44211.83576956148,2,2,Apartment,,,
Hydernagar,Hyderabad,,86666.0,1011.6,44211.83576956148,1,1,Apartment,,,
Hydernagar,Hyderabad,,15385054.88252427,1940.211690056733,7929.575397040516,3,3,Plot,,,
Hydernagar,Hyderabad,,35080000.0,3252.4,10785.88119542492,4,5,Apartment,,,
Hydernagar,Hyderabad,,35080000.0,3252.4,10785.88119542492,4,5,Villa,,,
Hydernagar,Hyderabad,,31000000.0,2286.0,13561.0,3,4,Plot,,,
Hydernagar,Hyderabad,,31000000.0,3503.0,13561.0,5,6,Apartment,,,
Hydernagar,Hyderabad,,13561.0,1011.6,13561.0,1,1,Apartment,,,
Hydernagar,Hyderabad,,21000000.0,2286.0,9186.351706036745,4,4,Plot,,,
Hydernagar,Hyderabad,,9000000.0,1200.0,7500.0,2,2,Plot,,,
Hydernagar,Hyderabad,,9000000.0,1118.0,7500.0,3,2,Apartment,,,
Hydernagar,Hyderabad,,15385054.88252427,1940.211690056733,7500.0,3,3,Apartment,,,
Hydernagar,Hyderabad,,7840000.0,1200.0,6533.333333333333,2,2,Plot,,,
Hydernagar,Hyderabad,,12700000.0,120.0,44211.83576956148,5,6,Plot,,,
Hydernagar,Hyderabad,,9500000.0,1140.0,8333.0,2,2,Apartment,,,
Hydernagar,Hyderabad,,9500000.0,1400.0,8333.0,3,3,Apartment,,,
Hydernagar,Hyderabad,,15385054.88252427,1940.211690056733,8333.0,3,3,Apartment,,,
Hydernagar,Hyderabad,,6038000.0,1140.0,5296.491228070176,2,2,Apartment,,,
Hydernagar,Hyderabad,,8200000.0,1140.0,7192.982456140351,2,2,Apartment,,,
Hydernagar,Hyderabad,,7000000.0,1500.0,4666.0,1,1,Apartment,,,
Hydernagar,Hyderabad,,6640000.0,9714.4,683.5213703368196,1,1,Apartment,,,
Hydernagar,Hyderabad,,7000000.0,1121.0,4666.0,2,2,Apartment,,,
Hydernagar,Hyderabad,,15385054.88252427,1940.211690056733,4666.0,3,3,Apartment,,,
Hydernagar,Hyderabad,,9080000.0,1500.0,6053.333333333333,3,3,Apartment,,,
Hydernagar,Hyderabad,,19520000.0,5987.2,3260.288615713522,1,1,Apartment,,,
Hydernagar,Hyderabad,,7840000.0,1500.0,5226.666666666667,1,1,Apartment,,,
Hydernagar,Hyderabad,,4500000.0,1000.0,4500.0,2,2,Apartment,,,
Hydernagar,Hyderabad,,4500000.0,995.8,4500.0,3,2,Apartment,,,
Hydernagar,Hyderabad,,15385054.88252427,1940.211690056733,4500.0,3,3,Apartment,,,
Hydernagar,Hyderabad,,4940000.0,1000.0,4940.0,3,2,Apartment,,,
Hydernagar,Hyderabad,,9000000.0,130.0,44211.83576956148,3,4,Plot,,,
Hydernagar,Hyderabad,,9000000.0,1118.0,44211.83576956148,3,2,Apartment,,,
Hydernagar,Hyderabad,,69230.0,1011.6,44211.83576956148,1,1,Apartment,,,
Hydernagar,Hyderabad,,13270000.0,130.0,44211.83576956148,4,5,Plot,,,
Hydernagar,Hyderabad,,11500000.0,1280.0,8984.0,3,2,Apartment,,,
Hydernagar,Hyderabad,,11500000.0,1464.0,8984.0,3,3,Apartment,,,
Hydernagar,Hyderabad,,15385054.88252427,1940.211690056733,8984.0,3,3,Apartment,,,
Hydernagar,Hyderabad,,16060000.0,1280.0,12546.875,2,2,Apartment,,,
Hydernagar,Hyderabad,,15000000.0,1800.0,8333.0,3,3,Apartment,,,
Hydernagar,Hyderabad,,15000000.0,1596.0,8333.0,2,3,Apartment,,,
Hydernagar,Hyderabad,,8250000.0,1035.0,7971.0,2,2,Apartment,,,
Hydernagar,Hyderabad,,8250000.0,1070.0,7971.0,2,2,Apartment,,,
Hydernagar,Hyderabad,,15385054.88252427,1940.211690056733,7971.0,3,3,Apartment,,,
Hydernagar,Hyderabad,,7260000.0,1035.0,7014.492753623188,2,2,Apartment,,,
Hydernagar,Hyderabad,,7900000.0,549.0,14390.0,2,1,Plot,,,
Hydernagar,Hyderabad,,7900000.0,747.8,14390.0,2,2,Apartment,,,
Hydernagar,Hyderabad,,14390.0,1011.6,14390.0,1,1,Apartment,,,
Hydernagar,Hyderabad,,6940000.0,549.0,12641.16575591985,2,1,Plot,,,
Hydernagar,Hyderabad,,6500000.0,1215.0,5350.0,2,3,Apartment,,,
Hydernagar,Hyderabad,,6500000.0,990.6,5350.0,2,2,Apartment,,,
Hydernagar,Hyderabad,,15385054.88252427,1940.211690056733,5350.0,3,3,Apartment,,,
Hydernagar,Hyderabad,,11400000.0,1215.0,9382.716049382716,2,3,Apartment,,,
Jeedimetla,Hyderabad,,6655000.0,1331.0,5000.0,2,2,Apartment,,,
Jeedimetla,Hyderabad,,3600000.0,1163.0,3095.442820292348,2,2,Apartment,,,
Jeedimetla,Hyderabad,,6655000.0,1230.4,5000.0,2,2,Apartment,,,
Jeedimetla,Hyderabad,,15385054.88252427,1940.211690056733,5000.0,3,3,Apartment,,,
Jeedimetla,Hyderabad,,7742000.0,1331.0,5816.679188580015,2,2,Apartment,,,
Jeedimetla,Hyderabad,,9384000.0,836.0,11224.88038277512,2,2,Apartment,,,
Jeedimetla,Hyderabad,,8131000.0,1331.0,6108.940646130729,2,2,Apartment,,,
Jeedimetla,Hyderabad,,7150000.0,1431.0,4996.0,3,2,Apartment,,,
Jeedimetla,Hyderabad,,9960000.0,2301.0,4328.552803129074,3,3,Apartment,,,
Jeedimetla,Hyderabad,,7150000.0,1495.4,4996.0,2,2,Apartment,,,
Jeedimetla,Hyderabad,,15385054.88252427,1940.211690056733,4996.0,3,3,Apartment,,,
Jeedimetla,Hyderabad,,12840000.0,1431.0,8972.746331236896,3,2,Apartment,,,
Jeedimetla,Hyderabad,,10000000.0,1529.8,6536.802196365538,3,2,Apartment,,,
Jeedimetla,Hyderabad,,15560000.0,1431.0,10873.51502445842,3,2,Apartment,,,
Jeedimetla,Hyderabad,,5900000.0,1200.0,5801.0,2,2,Apartment,,,
Jeedimetla,Hyderabad,,5900000.0,1027.0,5801.0,2,2,Apartment,,,
Jeedimetla,Hyderabad,,15385054.88252427,1940.211690056733,5801.0,3,3,Apartment,,,
Jeedimetla,Hyderabad,,7840000.0,1200.0,6533.333333333333,2,2,Apartment,,,
Jeedimetla,Hyderabad,,7760000.0,1017.0,7630.285152409047,2,2,Apartment,,,
Jeedimetla,Hyderabad,,24000000.0,2403.0,10000.0,3,3,Plot,,,
Jeedimetla,Hyderabad,,24000000.0,2609.2,10000.0,3,3,Apartment,,,
Jeedimetla,Hyderabad,,15385054.88252427,1940.211690056733,10000.0,3,3,Apartment,,,
Jeedimetla,Hyderabad,,43500000.0,2403.0,18102.3720349563,4,4,Plot,,,
Jeedimetla,Hyderabad,,15385054.88252427,1940.211690056733,7929.575397040516,3,3,Plot,,,
Jeedimetla,Hyderabad,,9600000.0,2059.0,4662.0,3,3,Apartment,,,
Jeedimetla,Hyderabad,,9600000.0,1579.0,4662.0,3,3,Apartment,,,
Jeedimetla,Hyderabad,,15385054.88252427,1940.211690056733,4662.0,3,3,Apartment,,,
Jeedimetla,Hyderabad,,25840000.0,2059.0,12549.78144730452,3,3,Apartment,,,
Jeedimetla,Hyderabad,,7500000.0,1609.0,4687.0,3,3,Apartment,,,
Jeedimetla,Hyderabad,,7500000.0,1248.8,4687.0,3,2,Apartment,,,
Jeedimetla,Hyderabad,,15385054.88252427,1940.211690056733,4687.0,3,3,Apartment,,,
Jeedimetla,Hyderabad,,7440000.0,1609.0,4623.990055935364,3,3,Apartment,,,
Jeedimetla,Hyderabad,,7500000.0,900.0,8333.0,2,2,House,,,
Jeedimetla,Hyderabad,,7500000.0,900.0,8333.0,2,2,Plot,,,
Jeedimetla,Hyderabad,,7500000.0,1248.8,8333.0,3,2,Apartment,,,
Jeedimetla,Hyderabad,,15385054.88252427,1940.211690056733,8333.0,3,3,Apartment,,,
Jeedimetla,Hyderabad,,7460000.0,900.0,8288.888888888889,2,2,Plot,,,
Jeedimetla,Hyderabad,,6100000.0,900.0,6777.777777777777,2,2,House,,,
Jeedimetla,Hyderabad,,13000000.0,600.0,21666.0,1,1,Apartment,,,
Jeedimetla,Hyderabad,,6640000.0,9714.4,683.5213703368196,1,1,Apartment,,,
Jeedimetla,Hyderabad,,13000000.0,1350.2,21666.0,2,3,Apartment,,,
Jeedimetla,Hyderabad,,21666.0,1011.6,21666.0,1,1,Apartment,,,
Jeedimetla,Hyderabad,,7200000.0,600.0,12000.0,1,1,Apartment,,,
Jeedimetla,Hyderabad,,19520000.0,5987.2,3260.288615713522,1,1,Apartment,,,
Jeedimetla,Hyderabad,,6640000.0,9714.4,683.5213703368196,1,1,Other,,,
Jeedimetla,Hyderabad,,60000000.0,2403.0,24969.0,5,4,Villa,,,
Jeedimetla,Hyderabad,,46000000.0,3877.2,11864.23191994223,5,5,Apartment,,,
Jeedimetla,Hyderabad,,60000000.0,2403.0,24969.0,5,4,Plot,,,
Jeedimetla,Hyderabad,,60000000.0,2670.0,24969.0,7,6,Apartment,,,
Jeedimetla,Hyderabad,,24969.0,1011.6,24969.0,1,1,Apartment,,,
Jeedimetla,Hyderabad,,49600000.0,3985.2,12446.05038642979,5,4,Apartment,,,
Jeedimetla,Hyderabad,,2600000.0,560.0,6632.0,1,1,Apartment,,,
Jeedimetla,Hyderabad,,2600000.0,765.8,6632.0,1,1,Apartment,,,
Jeedimetla,Hyderabad,,15385054.88252427,1940.211690056733,6632.0,3,3,Apartment,,,
Jeedimetla,Hyderabad,,2740000.0,560.0,4892.857142857143,1,1,Apartment,,,
Jeedimetla,Hyderabad,,6540000.0,392.0,16683.67346938776,1,1,Apartment,,,
Jeedimetla,Hyderabad,,13000000.0,1413.0,9200.0,2,2,House,,,
Jeedimetla,Hyderabad,,13000000.0,1413.0,9200.0,2,2,Plot,,,
Jeedimetla,Hyderabad,,13000000.0,1350.2,9200.0,2,3,Apartment,,,
Jeedimetla,Hyderabad,,15385054.88252427,1940.211690056733,9200.0,3,3,Apartment,,,
Jeedimetla,Hyderabad,,11666800.0,1413.0,8256.758669497523,2,2,Plot,,,
Jeedimetla,Hyderabad,,11000000.0,1476.0,7452.0,2,2,Apartment,,,
Jeedimetla,Hyderabad,,11000000.0,2076.0,7452.0,3,2,Apartment,,,
Jeedimetla,Hyderabad,,15385054.88252427,1940.211690056733,7452.0,3,3,Apartment,,,
Jeedimetla,Hyderabad,,11140000.0,1476.0,7547.425474254743,3,3,Apartment,,,
Jeedimetla,Hyderabad,,12000000.0,720.0,16667.0,2,2,Plot,,,
Jeedimetla,Hyderabad,,12000000.0,1729.6,16667.0,4,2,Apartment,,,
Jeedimetla,Hyderabad,,16667.0,1011.6,16667.0,1,1,Apartment,,,
Jeedimetla,Hyderabad,,9800000.0,720.0,13611.11111111111,3,3,Plot,,,
Jeedimetla,Hyderabad,,5500000.0,1000.0,5500.0,3,3,Apartment,,,
Jeedimetla,Hyderabad,,5500000.0,1024.4,5500.0,3,2,Apartment,,,
Jeedimetla,Hyderabad,,15385054.88252427,1940.211690056733,5500.0,3,3,Apartment,,,
Jeedimetla,Hyderabad,,4940000.0,1000.0,4940.0,3,2,Apartment,,,
Jeedimetla,Hyderabad,,9000000.0,990.0,9091.0,2,1,House,,,
Jeedimetla,Hyderabad,,3600000.0,1163.0,3095.442820292348,2,2,House,,,
Jeedimetla,Hyderabad,,9000000.0,990.0,9091.0,2,1,Apartment,,,
Jeedimetla,Hyderabad,,9000000.0,1118.0,9091.0,3,2,Apartment,,,
Jeedimetla,Hyderabad,,15385054.88252427,1940.211690056733,9091.0,3,3,Apartment,,,
Jeedimetla,Hyderabad,,9380000.0,990.0,9474.747474747475,2,1,Apartment,,,
Jeedimetla,Hyderabad,,8200000.0,776.0,10567.0,2,2,Apartment,,,
Jeedimetla,Hyderabad,,8200000.0,1180.0,10567.0,2,2,Apartment,,,
Jeedimetla,Hyderabad,,10567.0,1011.6,10567.0,1,1,Apartment,,,
Jeedimetla,Hyderabad,,6800000.0,776.0,8762.886597938144,2,2,Apartment,,,
Jeedimetla,Hyderabad,,12500000.0,1850.0,6756.0,3,3,Apartment,,,
Jeedimetla,Hyderabad,,12500000.0,1542.8,6756.0,3,3,Apartment,,,
Jeedimetla,Hyderabad,,15385054.88252427,1940.211690056733,6756.0,3,3,Apartment,,,
Jeedimetla,Hyderabad,,14900000.0,1850.0,8054.054054054054,3,3,Apartment,,,
Jeedimetla,Hyderabad,,6300000.0,1210.0,5206.0,2,2,Apartment,,,
Jeedimetla,Hyderabad,,6300000.0,947.4,5206.0,2,2,Apartment,,,
Jeedimetla,Hyderabad,,15385054.88252427,1940.211690056733,5206.0,3,3,Apartment,,,
Jeedimetla,Hyderabad,,11120000.0,1210.0,9190.0826446281,2,2,Apartment,,,
Jeedimetla,Hyderabad,,6220000.0,120.0,44211.83576956148,2,2,Apartment,,,
Jeedimetla,Hyderabad,,8000000.0,1159.0,6902.0,2,2,Apartment,,,
Jeedimetla,Hyderabad,,8000000.0,937.4,6902.0,2,2,Apartment,,,
Jeedimetla,Hyderabad,,15385054.88252427,1940.211690056733,6902.0,3,3,Apartment,,,
Jeedimetla,Hyderabad,,7880000.0,1159.0,6798.964624676445,2,2,Apartment,,,
Jeedimetla,Hyderabad,,6920000.0,1159.0,5970.664365832615,2,2,Apartment,,,
Jeedimetla,Hyderabad,,19900000.0,4366.6,4557.321485824211,10,14,Plot,,,
Jeedimetla,Hyderabad,,15385054.88252427,1940.211690056733,7929.575397040516,3,3,Apartment,,,
Jeedimetla,Hyderabad,,19900000.0,2388.4,8331.93769887791,3,8,Apartment,,,
Jeedimetla,Hyderabad,,2211111.0,1024.0,2159.2880859375,1,1,Apartment,,,
Jeedimetla,Hyderabad,,30560000.0,5006.4,6104.186641099393,10,14,Apartment,,,
Jeedimetla,Hyderabad,,8200000.0,1400.0,5857.0,3,3,Apartment,,,
Jeedimetla,Hyderabad,,8200000.0,1180.0,5857.0,2,2,Apartment,,,
Jeedimetla,Hyderabad,,15385054.88252427,1940.211690056733,5857.0,3,3,Apartment,,,
Jeedimetla,Hyderabad,,21300000.0,1400.0,15214.28571428571,3,2,Apartment,,,
Jeedimetla,Hyderabad,,9780000.0,1400.0,6985.714285714285,3,3,Apartment,,,
Jeedimetla,Hyderabad,,6500000.0,1250.0,5200.0,3,2,Apartment,,,
Jeedimetla,Hyderabad,,6500000.0,990.6,5200.0,2,2,Apartment,,,
Jeedimetla,Hyderabad,,15385054.88252427,1940.211690056733,5200.0,3,3,Apartment,,,
Jeedimetla,Hyderabad,,6450000.0,1250.0,5160.0,2,2,Apartment,,,
Jeedimetla,Hyderabad,,9000000.0,1559.0,5772.0,3,3,Apartment,,,
Jeedimetla,Hyderabad,,9000000.0,1118.0,5772.0,3,2,Apartment,,,
Jeedimetla,Hyderabad,,15385054.88252427,1940.211690056733,5772.0,3,3,Apartment,,,
Jeedimetla,Hyderabad,,10743200.0,1559.0,6891.08402822322,3,3,Apartment,,,
Jeedimetla,Hyderabad,,15000000.0,1260.0,11905.0,2,2,Plot,,,
Jeedimetla,Hyderabad,,15000000.0,1596.0,11905.0,2,3,Apartment,,,
Jeedimetla,Hyderabad,,11905.0,1011.6,11905.0,1,1,Apartment,,,
Jeedimetla,Hyderabad,,9600000.0,1260.0,7619.047619047619,2,2,Plot,,,
Jeedimetla,Hyderabad,,8400000.0,1522.0,5519.0,3,3,Apartment,,,
Jeedimetla,Hyderabad,,8400000.0,1394.2,5519.0,2,3,Apartment,,,
Jeedimetla,Hyderabad,,15385054.88252427,1940.211690056733,5519.0,3,3,Apartment,,,
Jeedimetla,Hyderabad,,9160000.0,1522.0,6018.396846254927,3,3,Apartment,,,
Jeedimetla,Hyderabad,,25600000.0,2345.0,10916.0,4,2,Apartment,,,
Jeedimetla,Hyderabad,,26640000.0,4388.6,6070.27297999362,4,4,Apartment,,,
Jeedimetla,Hyderabad,,25600000.0,2956.0,10916.0,3,3,Apartment,,,
Jeedimetla,Hyderabad,,10916.0,1011.6,10916.0,1,1,Apartment,,,
Jeedimetla,Hyderabad,,25160000.0,2345.0,10729.21108742004,4,2,Apartment,,,
Jeedimetla,Hyderabad,,17520000.0,4122.2,4250.157682790743,4,2,Apartment,,,
Jeedimetla,Hyderabad,,24800000.0,2718.0,9111.0,4,3,Plot,,,
Jeedimetla,Hyderabad,,24800000.0,4183.0,9111.0,4,3,Apartment,,,
Jeedimetla,Hyderabad,,15385054.88252427,1940.211690056733,9111.0,3,3,Apartment,,,
Jeedimetla,Hyderabad,,22520000.0,2718.0,8285.504047093451,3,2,Plot,,,
Jeedimetla,Hyderabad,,15100000.0,2430.0,6222.0,3,3,Plot,,,
Jeedimetla,Hyderabad,,15100000.0,2098.0,6222.0,2,3,Apartment,,,
Jeedimetla,Hyderabad,,15385054.88252427,1940.211690056733,6222.0,3,3,Apartment,,,
Jeedimetla,Hyderabad,,18160000.0,2430.0,7473.251028806584,3,3,Plot,,,
Jeedimetla,Hyderabad,,14100000.0,1494.0,9444.0,3,3,Plot,,,
Jeedimetla,Hyderabad,,14100000.0,1533.4,9444.0,3,3,Apartment,,,
Jeedimetla,Hyderabad,,15385054.88252427,1940.211690056733,9444.0,3,3,Apartment,,,
Jeedimetla,Hyderabad,,16620000.0,1494.0,11124.49799196787,3,3,Plot,,,
Jeedimetla,Hyderabad,,16300000.0,1856.0,8782.0,3,1,Apartment,,,
Jeedimetla,Hyderabad,,16300000.0,4714.2,8782.0,3,3,Apartment,,,
Jeedimetla,Hyderabad,,15385054.88252427,1940.211690056733,8782.0,3,3,Apartment,,,
Jeedimetla,Hyderabad,,15220000.0,1856.0,8200.431034482759,3,2,Apartment,,,
Jeedimetla,Hyderabad,,9600000.0,1785.0,5378.0,3,3,Apartment,,,
Jeedimetla,Hyderabad,,9600000.0,1579.0,5378.0,3,3,Apartment,,,
Jeedimetla,Hyderabad,,15385054.88252427,1940.211690056733,5378.0,3,3,Apartment,,,
Jeedimetla,Hyderabad,,9684200.0,1785.0,5425.322128851541,3,3,Apartment,,,
Jeedimetla,Hyderabad,,12320000.0,1785.0,6901.960784313726,3,3,Apartment,,,
Jeedimetla,Hyderabad,,42500000.0,3150.0,13492.0,4,4,Plot,,,
Jeedimetla,Hyderabad,,42500000.0,3860.0,13492.0,4,4,Apartment,,,
Jeedimetla,Hyderabad,,13492.0,1011.6,13492.0,1,1,Apartment,,,
Jeedimetla,Hyderabad,,31000000.0,3150.0,9841.26984126984,4,4,Plot,,,
Jeedimetla,Hyderabad,,5700000.0,1107.0,5181.0,2,2,Apartment,,,
Jeedimetla,Hyderabad,,5700000.0,970.8,5181.0,2,2,Apartment,,,
Jeedimetla,Hyderabad,,15385054.88252427,1940.211690056733,5181.0,3,3,Apartment,,,
Jeedimetla,Hyderabad,,7140000.0,1107.0,6449.864498644986,2,2,Apartment,,,
Jeedimetla,Hyderabad,,5350000.0,1026.0,5245.0,2,2,Apartment,,,
Jeedimetla,Hyderabad,,5350000.0,1083.4,5245.0,2,2,Apartment,,,
Jeedimetla,Hyderabad,,15385054.88252427,1940.211690056733,5245.0,3,3,Apartment,,,
Jeedimetla,Hyderabad,,5200000.0,1026.0,5068.2261208577,2,2,Apartment,,,
Jeedimetla,Hyderabad,,5300000.0,1026.0,5196.0,2,2,Apartment,,,
Jeedimetla,Hyderabad,,5300000.0,1016.4,5196.0,2,2,Apartment,,,
Jeedimetla,Hyderabad,,15385054.88252427,1940.211690056733,5196.0,3,3,Apartment,,,
Jeedimetla,Hyderabad,,3100000.0,628.0,5008.0,1,1,Apartment,,,
Jeedimetla,Hyderabad,,3100000.0,609.6,5008.0,1,1,Apartment,,,
Jeedimetla,Hyderabad,,15385054.88252427,1940.211690056733,5008.0,3,3,Apartment,,,
Jeedimetla,Hyderabad,,4280000.0,628.0,6815.286624203822,2,2,Apartment,,,
Jeedimetla,Hyderabad,,6300000.0,1189.0,5348.0,2,2,Apartment,,,
Jeedimetla,Hyderabad,,6300000.0,947.4,5348.0,2,2,Apartment,,,
Jeedimetla,Hyderabad,,15385054.88252427,1940.211690056733,5348.0,3,3,Apartment,,,
Jeedimetla,Hyderabad,,6544800.0,1189.0,5504.457527333894,2,2,Apartment,,,
Jeedimetla,Hyderabad,,7500000.0,1629.0,4612.0,3,3,Apartment,,,
Jeedimetla,Hyderabad,,7500000.0,1248.8,4612.0,3,2,Apartment,,,
Jeedimetla,Hyderabad,,15385054.88252427,1940.211690056733,4612.0,3,3,Apartment,,,
Jeedimetla,Hyderabad,,10325600.0,1629.0,6338.612645794966,3,3,Apartment,,,
Jeedimetla,Hyderabad,,7500000.0,1967.0,4687.0,3,3,Apartment,,,
Jeedimetla,Hyderabad,,7277600.0,1967.0,3699.847483477377,3,3,Apartment,,,
Jeedimetla,Hyderabad,,25500000.0,3395.0,7511.0,3,3,Apartment,,,
Jeedimetla,Hyderabad,,25500000.0,2948.0,7511.0,3,3,Apartment,,,
Jeedimetla,Hyderabad,,15385054.88252427,1940.211690056733,7511.0,3,3,Apartment,,,
Jeedimetla,Hyderabad,,39200000.0,3395.0,11546.39175257732,3,3,Apartment,,,
Jeedimetla,Hyderabad,,20160000.0,3395.0,5938.144329896907,3,3,Apartment,,,
Jeedimetla,Hyderabad,,22700000.0,3020.0,7516.0,3,3,Apartment,,,
Jeedimetla,Hyderabad,,22700000.0,1910.0,7516.0,3,3,Apartment,,,
Jeedimetla,Hyderabad,,15385054.88252427,1940.211690056733,7516.0,3,3,Apartment,,,
Jeedimetla,Hyderabad,,27080000.0,3020.0,8966.887417218542,4,3,Apartment,,,
Jeedimetla,Hyderabad,,19040000.0,3020.0,6304.635761589404,3,3,Apartment,,,
Jeedimetla,Hyderabad,,55000000.0,2403.0,22888.0,4,4,Plot,,,
Jeedimetla,Hyderabad,,55000000.0,2225.0,22888.0,5,5,Apartment,,,
Jeedimetla,Hyderabad,,22888.0,1011.6,22888.0,1,1,Apartment,,,
Jeedimetla,Hyderabad,,5500000.0,1140.0,4825.0,2,2,Apartment,,,
Jeedimetla,Hyderabad,,5500000.0,1024.4,4825.0,3,2,Apartment,,,
Jeedimetla,Hyderabad,,15385054.88252427,1940.211690056733,4825.0,3,3,Apartment,,,
Jeedimetla,Hyderabad,,6038000.0,1140.0,5296.491228070176,2,2,Apartment,,,
Jeedimetla,Hyderabad,,6000000.0,1200.0,5000.0,2,2,Apartment,,,
Jeedimetla,Hyderabad,,6000000.0,1387.2,5000.0,2,2,Apartment,,,
Jeedimetla,Hyderabad,,6920000.0,1200.0,5766.666666666667,2,2,Apartment,,,
Jeedimetla,Hyderabad,,4800000.0,900.0,5333.0,2,1,Plot,,,
Jeedimetla,Hyderabad,,4800000.0,1203.0,5333.0,2,2,Apartment,,,
Jeedimetla,Hyderabad,,15385054.88252427,1940.211690056733,5333.0,3,3,Apartment,,,
Jeedimetla,Hyderabad,,6500000.0,1160.0,5603.0,2,2,Apartment,,,
Jeedimetla,Hyderabad,,6500000.0,990.6,5603.0,2,2,Apartment,,,
Jeedimetla,Hyderabad,,15385054.88252427,1940.211690056733,5603.0,3,3,Apartment,,,
Jeedimetla,Hyderabad,,6680000.0,1160.0,5758.620689655172,2,2,Apartment,,,
Jeedimetla,Hyderabad,,7320000.0,1160.0,6310.344827586207,2,2,Apartment,,,
Jeedimetla,Hyderabad,,6000000.0,100.0,44211.83576956148,2,2,House,,,
Jeedimetla,Hyderabad,,6000000.0,100.0,44211.83576956148,2,2,Plot,,,
Jeedimetla,Hyderabad,,6000000.0,1387.2,44211.83576956148,2,2,Apartment,,,
Jeedimetla,Hyderabad,,60000.0,1011.6,44211.83576956148,1,1,Apartment,,,
Jeedimetla,Hyderabad,,7700000.0,100.0,44211.83576956148,4,5,Plot,,,
Jeedimetla,Hyderabad,,62000000.0,2520.0,24603.0,4,4,Plot,,,
Jeedimetla,Hyderabad,,62000000.0,2553.0,24603.0,7,5,Apartment,,,
Jeedimetla,Hyderabad,,24603.0,1011.6,24603.0,1,1,Apartment,,,
Jeedimetla,Hyderabad,,37600000.0,2520.0,14920.63492063492,4,3,Plot,,,
Jeedimetla,Hyderabad,,46000000.0,1980.0,23232.0,3,4,Plot,,,
Jeedimetla,Hyderabad,,46000000.0,2712.6,23232.0,3,4,Apartment,,,
Jeedimetla,Hyderabad,,23232.0,1011.6,23232.0,1,1,Apartment,,,
Jeedimetla,Hyderabad,,25768000.0,1980.0,13014.14141414141,3,3,Plot,,,
Jeedimetla,Hyderabad,,7500000.0,1396.0,5372.0,3,2,Apartment,,,
Jeedimetla,Hyderabad,,7500000.0,1248.8,5372.0,3,2,Apartment,,,
Jeedimetla,Hyderabad,,15385054.88252427,1940.211690056733,5372.0,3,3,Apartment,,,
Jeedimetla,Hyderabad,,8900000.0,1396.0,6375.358166189112,3,2,Apartment,,,
Jeedimetla,Hyderabad,,12960000.0,1396.0,9283.667621776503,3,2,Apartment,,,
Kapra,Hyderabad,,22500000.0,2025.0,11111.0,3,3,Plot,,,
Kapra,Hyderabad,,22500000.0,1890.0,11111.0,3,3,Apartment,,,
Kapra,Hyderabad,,11111.0,1011.6,11111.0,1,1,Apartment,,,
Kapra,Hyderabad,,21000000.0,2025.0,10370.37037037037,3,3,Plot,,,
Kapra,Hyderabad,,15385054.88252427,1940.211690056733,7929.575397040516,3,3,Plot,,,
Kapra,Hyderabad,,23400000.0,1800.0,13000.0,5,5,House,,,
Kapra,Hyderabad,,46000000.0,3877.2,11864.23191994223,5,5,Apartment,,,
Kapra,Hyderabad,,23400000.0,1800.0,13000.0,5,5,Plot,,,
Kapra,Hyderabad,,23400000.0,2160.0,13000.0,4,3,Apartment,,,
Kapra,Hyderabad,,13000.0,1011.6,13000.0,1,1,Apartment,,,
Kapra,Hyderabad,,16240000.0,1800.0,9022.222222222224,4,4,Plot,,,
Kapra,Hyderabad,,46860000.0,6284.0,7457.033736473583,5,5,Apartment,,,
Kapra,Hyderabad,,5300000.0,1010.0,5247.0,2,2,Apartment,,,
Kapra,Hyderabad,,3600000.0,1163.0,3095.442820292348,2,2,Apartment,,,
Kapra,Hyderabad,,5300000.0,1016.4,5247.0,2,2,Apartment,,,
Kapra,Hyderabad,,15385054.88252427,1940.211690056733,5247.0,3,3,Apartment,,,
Kapra,Hyderabad,,6000000.0,1010.0,5940.59405940594,2,2,Apartment,,,
Kapra,Hyderabad,,9384000.0,836.0,11224.88038277512,2,2,Apartment,,,
Kapra,Hyderabad,,5500000.0,950.0,5789.0,2,2,Apartment,,,
Kapra,Hyderabad,,5500000.0,1024.4,5789.0,3,2,Apartment,,,
Kapra,Hyderabad,,15385054.88252427,1940.211690056733,5789.0,3,3,Apartment,,,
Kapra,Hyderabad,,4920000.0,950.0,5178.947368421052,2,2,Apartment,,,
Kapra,Hyderabad,,5040000.0,950.0,5305.263157894737,2,2,Apartment,,,
Kapra,Hyderabad,,13500000.0,1197.0,11278.0,3,3,Plot,,,
Kapra,Hyderabad,,9960000.0,2301.0,4328.552803129074,3,3,Apartment,,,
Kapra,Hyderabad,,13500000.0,1502.2,11278.0,4,2,Apartment,,,
Kapra,Hyderabad,,11278.0,1011.6,11278.0,1,1,Apartment,,,
Kapra,Hyderabad,,14060000.0,1197.0,11746.03174603175,3,3,Plot,,,
Kapra,Hyderabad,,7280000.0,2568.2,2834.670197025154,3,3,Apartment,,,
Kapra,Hyderabad,,5500000.0,1145.0,4803.0,3,3,Apartment,,,
Kapra,Hyderabad,,5500000.0,1024.4,4803.0,3,2,Apartment,,,
Kapra,Hyderabad,,15385054.88252427,1940.211690056733,4803.0,3,3,Apartment,,,
Kapra,Hyderabad,,6440000.0,1145.0,5624.454148471616,3,3,Apartment,,,
Kapra,Hyderabad,,38000000.0,2160.0,17593.0,4,4,Villa,,,
Kapra,Hyderabad,,26640000.0,4388.6,6070.27297999362,4,4,Apartment,,,
Kapra,Hyderabad,,38000000.0,2160.0,17593.0,4,4,Plot,,,
Kapra,Hyderabad,,38000000.0,2298.6,17593.0,4,4,Apartment,,,
Kapra,Hyderabad,,17593.0,1011.6,17593.0,1,1,Apartment,,,
Kapra,Hyderabad,,27720000.0,2160.0,12833.33333333333,4,4,Plot,,,
Kapra,Hyderabad,,36700000.0,3072.0,11946.61458333333,4,4,Apartment,,,
Kapra,Hyderabad,,37000000.0,6000.0,6166.0,10,10,Plot,,,
Kapra,Hyderabad,,41800000.0,4212.8,9922.14204329662,10,9,Apartment,,,
Kapra,Hyderabad,,37000000.0,3990.0,6166.0,6,7,Apartment,,,
Kapra,Hyderabad,,15385054.88252427,1940.211690056733,6166.0,3,3,Apartment,,,
Kapra,Hyderabad,,57300000.0,6000.0,9550.0,8,7,Plot,,,
Kapra,Hyderabad,,48400000.0,4354.8,11114.17286672178,10,10,Apartment,,,
Kapra,Hyderabad,,6500000.0,1550.0,4193.0,2,2,Apartment,,,
Kapra,Hyderabad,,6500000.0,990.6,4193.0,2,2,Apartment,,,
Kapra,Hyderabad,,15385054.88252427,1940.211690056733,4193.0,3,3,Apartment,,,
Kapra,Hyderabad,,9520000.0,1550.0,6141.935483870968,3,3,Apartment,,,
Kapra,Hyderabad,,6000000.0,1197.0,5012.0,2,2,Plot,,,
Kapra,Hyderabad,,6000000.0,1387.2,5012.0,2,2,Apartment,,,
Kapra,Hyderabad,,15385054.88252427,1940.211690056733,5012.0,3,3,Apartment,,,
Kapra,Hyderabad,,7800000.0,1759.0,4434.0,3,3,Apartment,,,
Kapra,Hyderabad,,7800000.0,1283.0,4434.0,2,2,Apartment,,,
Kapra,Hyderabad,,15385054.88252427,1940.211690056733,4434.0,3,3,Apartment,,,
Kapra,Hyderabad,,11220000.0,1759.0,6378.624218305856,3,3,Apartment,,,
Kapra,Hyderabad,,6800000.0,1150.0,5913.0,2,2,House,,,
Kapra,Hyderabad,,3600000.0,1163.0,3095.442820292348,2,2,House,,,
Kapra,Hyderabad,,6800000.0,1150.0,5913.0,2,2,Plot,,,
Kapra,Hyderabad,,6800000.0,1038.8,5913.0,2,2,Apartment,,,
Kapra,Hyderabad,,15385054.88252427,1940.211690056733,5913.0,3,3,Apartment,,,
Kapra,Hyderabad,,7360000.0,1150.0,6400.0,3,2,Plot,,,
Kapra,Hyderabad,,5120000.0,1150.0,4452.173913043478,2,2,House,,,
Kapra,Hyderabad,,8000000.0,1360.0,5882.0,3,2,Apartment,,,
Kapra,Hyderabad,,8000000.0,937.4,5882.0,2,2,Apartment,,,
Kapra,Hyderabad,,15385054.88252427,1940.211690056733,5882.0,3,3,Apartment,,,
Kapra,Hyderabad,,7000000.0,1360.0,5147.058823529412,3,2,Apartment,,,
Kapra,Hyderabad,,13160000.0,1360.0,9676.470588235294,3,2,Apartment,,,
Kapra,Hyderabad,,22000000.0,1503.0,14637.0,3,3,Apartment,,,
Kapra,Hyderabad,,22000000.0,1503.0,14637.0,3,3,Plot,,,
Kapra,Hyderabad,,22000000.0,2587.6,14637.0,2,3,Apartment,,,
Kapra,Hyderabad,,14637.0,1011.6,14637.0,1,1,Apartment,,,
Kapra,Hyderabad,,10749000.0,1503.0,7151.696606786427,3,3,Plot,,,
Kapra,Hyderabad,,4000000.0,722.0,5540.0,2,2,Apartment,,,
Kapra,Hyderabad,,4000000.0,605.6,5540.0,2,2,Apartment,,,
Kapra,Hyderabad,,15385054.88252427,1940.211690056733,5540.0,3,3,Apartment,,,
Kapra,Hyderabad,,7600000.0,722.0,10526.31578947368,2,2,Apartment,,,
Kapra,Hyderabad,,7500000.0,722.0,10387.81163434903,2,2,Apartment,,,
Kapra,Hyderabad,,3000000.0,540.0,5555.0,1,1,Plot,,,
Kapra,Hyderabad,,3000000.0,748.0,5555.0,1,1,Apartment,,,
Kapra,Hyderabad,,15385054.88252427,1940.211690056733,5555.0,3,3,Apartment,,,
Kapra,Hyderabad,,11440000.0,540.0,21185.18518518518,2,3,Plot,,,
Kapra,Hyderabad,,15000000.0,1368.0,10965.0,7,7,Plot,,,
Kapra,Hyderabad,,33200000.0,4706.0,7054.823629409265,7,7,Apartment,,,
Kapra,Hyderabad,,15000000.0,1596.0,10965.0,2,3,Apartment,,,
Kapra,Hyderabad,,10965.0,1011.6,10965.0,1,1,Apartment,,,
Kapra,Hyderabad,,13360000.0,1368.0,9766.08187134503,4,4,Plot,,,
Kapra,Hyderabad,,15800000.0,1933.8,8170.441617540594,7,7,Apartment,,,
Kapra,Hyderabad,,14500000.0,1916.0,7567.0,3,3,Apartment,,,
Kapra,Hyderabad,,14500000.0,1672.8,7567.0,3,3,Apartment,,,
Kapra,Hyderabad,,15385054.88252427,1940.211690056733,7567.0,3,3,Apartment,,,
Kapra,Hyderabad,,15200000.0,1916.0,7933.194154488518,3,3,Apartment,,,
Kapra,Hyderabad,,7000000.0,1350.0,5384.0,3,3,Apartment,,,
Kapra,Hyderabad,,7000000.0,1121.0,5384.0,2,2,Apartment,,,
Kapra,Hyderabad,,15385054.88252427,1940.211690056733,5384.0,3,3,Apartment,,,
Kapra,Hyderabad,,7690000.0,1350.0,5696.296296296297,3,4,Apartment,,,
Kapra,Hyderabad,,32500000.0,6000.0,5416.0,8,8,House,,,
Kapra,Hyderabad,,53600000.0,4216.4,12712.2663883882,8,7,House,,,
Kapra,Hyderabad,,32500000.0,6000.0,5416.0,8,8,Apartment,,,
Kapra,Hyderabad,,32500000.0,3846.0,5416.0,4,4,Apartment,,,
Kapra,Hyderabad,,15385054.88252427,1940.211690056733,5416.0,3,3,Apartment,,,
Kapra,Hyderabad,,28900000.0,4120.0,7014.563106796117,8,8,Apartment,,,
Kapra,Hyderabad,,4000000.0,454.0,8810.0,1,1,Apartment,,,
Kapra,Hyderabad,,6640000.0,9714.4,683.5213703368196,1,1,Apartment,,,
Kapra,Hyderabad,,4000000.0,605.6,8810.0,2,2,Apartment,,,
Kapra,Hyderabad,,15385054.88252427,1940.211690056733,8810.0,3,3,Apartment,,,
Kapra,Hyderabad,,7400000.0,454.0,16299.55947136564,1,2,Apartment,,,
Kapra,Hyderabad,,19520000.0,5987.2,3260.288615713522,1,1,Apartment,,,
Kapra,Hyderabad,,4800000.0,454.0,10572.6872246696,1,1,Apartment,,,
Kapra,Hyderabad,,32500000.0,1530.0,1290.0,4,4,House,,,
Kapra,Hyderabad,,32500000.0,1530.0,1290.0,4,4,Plot,,,
Kapra,Hyderabad,,32500000.0,3846.0,1290.0,4,4,Apartment,,,
Kapra,Hyderabad,,15385054.88252427,1940.211690056733,1290.0,3,3,Apartment,,,
Kapra,Hyderabad,,19360000.0,1530.0,12653.59477124183,3,3,Plot,,,
Kapra,Hyderabad,,10000000.0,266.0,37593.0,3,3,Plot,,,
Kapra,Hyderabad,,10000000.0,1220.4,37593.0,2,3,Apartment,,,
Kapra,Hyderabad,,37593.0,1011.6,37593.0,1,1,Apartment,,,
Kapra,Hyderabad,,29800000.0,266.0,44211.83576956148,5,5,Plot,,,
Kapra,Hyderabad,,14000000.0,500.0,28000.0,3,3,Apartment,,,
Kapra,Hyderabad,,14000000.0,1493.0,28000.0,3,3,Apartment,,,
Kapra,Hyderabad,,28000.0,1011.6,28000.0,1,1,Apartment,,,
Kapra,Hyderabad,,26320000.0,500.0,44211.83576956148,3,4,Apartment,,,
Kapra,Hyderabad,,15000000.0,160.0,44211.83576956148,2,2,Plot,,,
Kapra,Hyderabad,,15000000.0,1596.0,44211.83576956148,2,3,Apartment,,,
Kapra,Hyderabad,,93750.0,1011.6,44211.83576956148,1,1,Apartment,,,
Kapra,Hyderabad,,21800000.0,160.0,44211.83576956148,3,4,Plot,,,
Kapra,Hyderabad,,40000000.0,4590.0,8715.0,4,5,Plot,,,
Kapra,Hyderabad,,40000000.0,5546.0,8715.0,3,4,Apartment,,,
Kapra,Hyderabad,,15385054.88252427,1940.211690056733,8715.0,3,3,Apartment,,,
Kapra,Hyderabad,,34000000.0,4590.0,7407.407407407408,7,6,Plot,,,
Kapra,Hyderabad,,7000000.0,1145.0,6113.0,3,3,Apartment,,,
Kapra,Hyderabad,,7000000.0,1121.0,6113.0,2,2,Apartment,,,
Kapra,Hyderabad,,15385054.88252427,1940.211690056733,6113.0,3,3,Apartment,,,
Kapra,Hyderabad,,7500000.0,1220.0,6147.0,3,2,Apartment,,,
Kapra,Hyderabad,,7500000.0,1248.8,6147.0,3,2,Apartment,,,
Kapra,Hyderabad,,15385054.88252427,1940.211690056733,6147.0,3,3,Apartment,,,
Kapra,Hyderabad,,8100000.0,1220.0,6639.344262295082,3,2,Apartment,,,
Kapra,Hyderabad,,10300000.0,1220.0,8442.622950819672,3,2,Apartment,,,
Kapra,Hyderabad,,7600000.0,1242.0,6119.0,2,2,Plot,,,
Kapra,Hyderabad,,7600000.0,1516.0,6119.0,2,2,Apartment,,,
Kapra,Hyderabad,,15385054.88252427,1940.211690056733,6119.0,3,3,Apartment,,,
Kapra,Hyderabad,,7740000.0,1242.0,6231.884057971014,3,2,Plot,,,
Kapra,Hyderabad,,6500000.0,855.0,7602.0,2,2,Apartment,,,
Kapra,Hyderabad,,6500000.0,990.6,7602.0,2,2,Apartment,,,
Kapra,Hyderabad,,15385054.88252427,1940.211690056733,7602.0,3,3,Apartment,,,
Kapra,Hyderabad,,4960000.0,855.0,5801.169590643275,2,2,Apartment,,,
Kapra,Hyderabad,,16000000.0,1620.0,741.0,4,2,Plot,,,
Kapra,Hyderabad,,16000000.0,1673.0,741.0,4,2,Apartment,,,
Kapra,Hyderabad,,15385054.88252427,1940.211690056733,741.0,3,3,Apartment,,,
Kapra,Hyderabad,,8576000.0,1620.0,5293.827160493827,3,3,Plot,,,
Kapra,Hyderabad,,10700000.0,1538.0,6957.0,3,3,Apartment,,,
Kapra,Hyderabad,,10700000.0,1515.2,6957.0,3,3,Apartment,,,
Kapra,Hyderabad,,15385054.88252427,1940.211690056733,6957.0,3,3,Apartment,,,
Kapra,Hyderabad,,11480000.0,1538.0,7464.239271781535,3,3,Apartment,,,
Kapra,Hyderabad,,7750000.0,1500.0,5166.0,3,3,Apartment,,,
Kapra,Hyderabad,,7750000.0,1329.2,5166.0,2,3,Apartment,,,
Kapra,Hyderabad,,15385054.88252427,1940.211690056733,5166.0,3,3,Apartment,,,
Kapra,Hyderabad,,9080000.0,1500.0,6053.333333333333,3,3,Apartment,,,
Kapra,Hyderabad,,7200000.0,1145.0,6288.0,3,3,Apartment,,,
Kapra,Hyderabad,,7200000.0,1540.8,6288.0,2,2,Apartment,,,
Kapra,Hyderabad,,15385054.88252427,1940.211690056733,6288.0,3,3,Apartment,,,
Kapra,Hyderabad,,14800000.0,1980.0,7475.0,3,3,Plot,,,
Kapra,Hyderabad,,14800000.0,2104.2,7475.0,3,3,Apartment,,,
Kapra,Hyderabad,,15385054.88252427,1940.211690056733,7475.0,3,3,Apartment,,,
Kapra,Hyderabad,,25768000.0,1980.0,13014.14141414141,3,3,Plot,,,
Kapra,Hyderabad,,21000000.0,2025.0,10370.0,2,2,Plot,,,
Kapra,Hyderabad,,21000000.0,1903.0,10370.0,3,3,Apartment,,,
Kapra,Hyderabad,,10370.0,1011.6,10370.0,1,1,Apartment,,,
Kapra,Hyderabad,,20000000.0,1566.0,12771.0,4,4,Plot,,,
Kapra,Hyderabad,,20000000.0,2507.6,12771.0,5,3,Apartment,,,
Kapra,Hyderabad,,12771.0,1011.6,12771.0,1,1,Apartment,,,
Kapra,Hyderabad,,17040000.0,1566.0,10881.22605363985,4,4,Plot,,,
Kapra,Hyderabad,,6000000.0,1046.0,5736.0,2,2,Apartment,,,
Kapra,Hyderabad,,6000000.0,1387.2,5736.0,2,2,Apartment,,,
Kapra,Hyderabad,,15385054.88252427,1940.211690056733,5736.0,3,3,Apartment,,,
Kapra,Hyderabad,,6660000.0,1046.0,6367.112810707457,2,2,Apartment,,,
Kapra,Hyderabad,,5000000.0,909.0,5500.0,2,2,Apartment,,,
Kapra,Hyderabad,,5000000.0,822.0,5500.0,2,2,Apartment,,,
Kapra,Hyderabad,,15385054.88252427,1940.211690056733,5500.0,3,3,Apartment,,,
Kapra,Hyderabad,,4520000.0,909.0,4972.497249724973,2,2,Apartment,,,
Kapra,Hyderabad,,6000000.0,1143.0,5249.0,3,2,Apartment,,,
Kapra,Hyderabad,,6000000.0,1387.2,5249.0,2,2,Apartment,,,
Kapra,Hyderabad,,15385054.88252427,1940.211690056733,5249.0,3,3,Apartment,,,
Kapra,Hyderabad,,6640000.0,1143.0,5809.273840769904,3,3,Apartment,,,
Kapra,Hyderabad,,4700000.0,1000.0,4700.0,2,2,Apartment,,,
Kapra,Hyderabad,,4700000.0,1034.8,4700.0,2,2,Apartment,,,
Kapra,Hyderabad,,15385054.88252427,1940.211690056733,4700.0,3,3,Apartment,,,
Kapra,Hyderabad,,4940000.0,1000.0,4940.0,3,2,Apartment,,,
Kapra,Hyderabad,,4800000.0,1100.0,4363.0,2,2,Apartment,,,
Kapra,Hyderabad,,4800000.0,1203.0,4363.0,2,2,Apartment,,,
Kapra,Hyderabad,,15385054.88252427,1940.211690056733,4363.0,3,3,Apartment,,,
Kapra,Hyderabad,,6940000.0,1100.0,6309.090909090909,2,2,Apartment,,,
Kapra,Hyderabad,,9800000.0,1530.0,8166.0,3,3,Apartment,,,
Kapra,Hyderabad,,9800000.0,1778.0,8166.0,3,3,Apartment,,,
Kapra,Hyderabad,,15385054.88252427,1940.211690056733,8166.0,3,3,Apartment,,,
Kapra,Hyderabad,,18000000.0,1480.0,10808.0,3,3,Villa,,,
Kapra,Hyderabad,,18000000.0,1480.0,10808.0,3,3,Plot,,,
Kapra,Hyderabad,,18000000.0,690.2,10808.0,4,3,Apartment,,,
Kapra,Hyderabad,,10808.0,1011.6,10808.0,1,1,Apartment,,,
Kapra,Hyderabad,,11480000.0,1480.0,7756.756756756757,3,3,Plot,,,
Kapra,Hyderabad,,6000000.0,1230.0,4878.0,2,2,Apartment,,,
Kapra,Hyderabad,,6000000.0,1387.2,4878.0,2,2,Apartment,,,
Kapra,Hyderabad,,15385054.88252427,1940.211690056733,4878.0,3,3,Apartment,,,
Kapra,Hyderabad,,12800000.0,1230.0,10406.50406504065,2,2,Apartment,,,
Kapra,Hyderabad,,6400000.0,1230.0,5203.252032520325,2,2,Apartment,,,
Kapra,Hyderabad,,23000000.0,1800.0,12778.0,4,4,Plot,,,
Kapra,Hyderabad,,23000000.0,10195.625,12778.0,4,4,Apartment,,,
Kapra,Hyderabad,,12778.0,1011.6,12778.0,1,1,Apartment,,,
Kapra,Hyderabad,,20000000.0,2394.0,8354.0,3,3,Plot,,,
Kapra,Hyderabad,,20000000.0,2507.6,8354.0,5,3,Apartment,,,
Kapra,Hyderabad,,15385054.88252427,1940.211690056733,8354.0,3,3,Apartment,,,
Kapra,Hyderabad,,27580000.0,2394.0,11520.46783625731,3,3,Plot,,,
Kapra,Hyderabad,,16500000.0,1404.0,11752.0,3,4,Villa,,,
Kapra,Hyderabad,,16500000.0,1404.0,11752.0,3,4,Plot,,,
Kapra,Hyderabad,,16500000.0,1306.0,11752.0,4,4,Apartment,,,
Kapra,Hyderabad,,11752.0,1011.6,11752.0,1,1,Apartment,,,
Kapra,Hyderabad,,16854000.0,1404.0,12004.2735042735,2,3,Plot,,,
Kapra,Hyderabad,,14300000.0,1197.0,11946.0,3,4,Plot,,,
Kapra,Hyderabad,,14300000.0,1566.8,11946.0,3,3,Apartment,,,
Kapra,Hyderabad,,11946.0,1011.6,11946.0,1,1,Apartment,,,
Kapra,Hyderabad,,14500000.0,1197.0,12114.0,3,3,Plot,,,
Kapra,Hyderabad,,14500000.0,1672.8,12114.0,3,3,Apartment,,,
Kapra,Hyderabad,,12114.0,1011.6,12114.0,1,1,Apartment,,,
Khairatabad,Hyderabad,,88000000.0,3978.0,22122.0,4,4,Plot,,,
Khairatabad,Hyderabad,,88000000.0,8438.4,22122.0,3,3,Apartment,,,
Khairatabad,Hyderabad,,22122.0,1011.6,22122.0,1,1,Apartment,,,
Khairatabad,Hyderabad,,63560000.0,3978.0,15977.87833081951,4,4,Plot,,,
Khairatabad,Hyderabad,,15385054.88252427,1940.211690056733,7929.575397040516,3,3,Plot,,,
Khairatabad,Hyderabad,,14900000.0,1425.0,10456.0,3,3,Apartment,,,
Khairatabad,Hyderabad,,9960000.0,2301.0,4328.552803129074,3,3,Apartment,,,
Khairatabad,Hyderabad,,14900000.0,1573.0,10456.0,3,3,Apartment,,,
Khairatabad,Hyderabad,,10456.0,1011.6,10456.0,1,1,Apartment,,,
Khairatabad,Hyderabad,,13082600.0,1425.0,9180.77192982456,3,3,Apartment,,,
Khairatabad,Hyderabad,,7280000.0,2568.2,2834.670197025154,3,3,Apartment,,,
Khairatabad,Hyderabad,,15000000.0,1710.0,8771.0,2,2,Apartment,,,
Khairatabad,Hyderabad,,3600000.0,1163.0,3095.442820292348,2,2,Apartment,,,
Khairatabad,Hyderabad,,15000000.0,1596.0,8771.0,2,3,Apartment,,,
Khairatabad,Hyderabad,,15385054.88252427,1940.211690056733,8771.0,3,3,Apartment,,,
Khairatabad,Hyderabad,,15440000.0,1710.0,9029.239766081871,3,2,Apartment,,,
Khairatabad,Hyderabad,,9384000.0,836.0,11224.88038277512,2,2,Apartment,,,
Khairatabad,Hyderabad,,9920000.0,1710.0,5801.169590643275,2,2,Apartment,,,
Khairatabad,Hyderabad,,42000000.0,3000.0,14000.0,4,5,Apartment,,,
Khairatabad,Hyderabad,,26640000.0,4388.6,6070.27297999362,4,4,Apartment,,,
Khairatabad,Hyderabad,,42000000.0,3460.0,14000.0,4,4,Apartment,,,
Khairatabad,Hyderabad,,14000.0,1011.6,14000.0,1,1,Apartment,,,
Khairatabad,Hyderabad,,21000000.0,3000.0,7000.0,4,4,Apartment,,,
Khairatabad,Hyderabad,,35080000.0,3252.4,10785.88119542492,4,5,Apartment,,,
Khairatabad,Hyderabad,,35000000.0,1791.0,19542.0,8,6,House,,,
Khairatabad,Hyderabad,,53600000.0,4216.4,12712.2663883882,8,7,House,,,
Khairatabad,Hyderabad,,35000000.0,1791.0,19542.0,8,6,Apartment,,,
Khairatabad,Hyderabad,,35000000.0,3453.0,19542.0,4,4,Apartment,,,
Khairatabad,Hyderabad,,19542.0,1011.6,19542.0,1,1,Apartment,,,
Khairatabad,Hyderabad,,17109600.0,1791.0,9553.098827470689,5,4,Apartment,,,
Khairatabad,Hyderabad,,54000000.0,3758.2,14368.58070352828,8,6,Apartment,,,
Khairatabad,Hyderabad,,100000000.0,4230.0,23640.0,6,6,Plot,,,
Khairatabad,Hyderabad,,48600000.0,4050.0,12000.0,6,6,Apartment,,,
Khairatabad,Hyderabad,,100000000.0,6646.0,23640.0,7,6,Apartment,,,
Khairatabad,Hyderabad,,23640.0,1011.6,23640.0,1,1,Apartment,,,
Khairatabad,Hyderabad,,52348800.0,4230.0,12375.60283687943,8,7,Plot,,,
Khairatabad,Hyderabad,,56600000.0,2041.2,27728.78698804625,6,6,Apartment,,,
Khairatabad,Hyderabad,,43360000.0,4230.0,10250.59101654846,6,6,Apartment,,,
Khairatabad,Hyderabad,,5000000.0,950.0,7142.0,2,2,Apartment,,,
Khairatabad,Hyderabad,,5000000.0,822.0,7142.0,2,2,Apartment,,,
Khairatabad,Hyderabad,,15385054.88252427,1940.211690056733,7142.0,3,3,Apartment,,,
Khairatabad,Hyderabad,,4920000.0,950.0,5178.947368421052,2,2,Apartment,,,
Khairatabad,Hyderabad,,7780000.0,850.0,9152.941176470587,2,2,Apartment,,,
Khairatabad,Hyderabad,,51000000.0,285.0,44211.83576956148,8,7,Plot,,,
Khairatabad,Hyderabad,,53600000.0,4216.4,12712.2663883882,8,7,Apartment,,,
Khairatabad,Hyderabad,,51000000.0,3221.0,15833.59205215772,5,5,Apartment,,,
Khairatabad,Hyderabad,,178947.0,1011.6,176.8950177935943,1,1,Apartment,,,
Khairatabad,Hyderabad,,33200000.0,285.0,44211.83576956148,5,4,Plot,,,
Khairatabad,Hyderabad,,9500000.0,1465.0,6484.0,3,3,Apartment,,,
Khairatabad,Hyderabad,,9500000.0,1400.0,6484.0,3,3,Apartment,,,
Khairatabad,Hyderabad,,15385054.88252427,1940.211690056733,6484.0,3,3,Apartment,,,
Khairatabad,Hyderabad,,10500000.0,1465.0,7167.235494880546,3,3,Apartment,,,
Khairatabad,Hyderabad,,40000000.0,1800.0,22222.0,3,3,House,,,
Khairatabad,Hyderabad,,40000000.0,1800.0,22222.0,3,3,Plot,,,
Khairatabad,Hyderabad,,40000000.0,5546.0,22222.0,3,4,Apartment,,,
Khairatabad,Hyderabad,,22222.0,1011.6,22222.0,1,1,Apartment,,,
Khairatabad,Hyderabad,,16240000.0,1800.0,9022.222222222224,4,4,Plot,,,
Khairatabad,Hyderabad,,33000000.0,1800.0,18333.0,6,6,Plot,,,
Khairatabad,Hyderabad,,33000000.0,2021.2,18333.0,4,5,Apartment,,,
Khairatabad,Hyderabad,,18333.0,1011.6,18333.0,1,1,Apartment,,,
Khairatabad,Hyderabad,,100000000.0,5500.0,18181.0,8,6,Villa,,,
Khairatabad,Hyderabad,,100000000.0,5500.0,18181.0,8,6,Plot,,,
Khairatabad,Hyderabad,,100000000.0,6646.0,18181.0,7,6,Apartment,,,
Khairatabad,Hyderabad,,18181.0,1011.6,18181.0,1,1,Apartment,,,
Khairatabad,Hyderabad,,53600000.0,5500.0,9745.454545454546,6,5,Plot,,,
Khairatabad,Hyderabad,,55800000.0,5500.0,10145.45454545455,8,6,Villa,,,
Khairatabad,Hyderabad,,25000000.0,8964.0,2789.0,6,6,House,,,
Khairatabad,Hyderabad,,25000000.0,8964.0,2789.0,6,6,Plot,,,
Khairatabad,Hyderabad,,25000000.0,2600.4,2789.0,3,4,Apartment,,,
Khairatabad,Hyderabad,,15385054.88252427,1940.211690056733,2789.0,3,3,Apartment,,,
Khairatabad,Hyderabad,,59500000.0,8964.0,6637.661758143686,6,6,Plot,,,
Khairatabad,Hyderabad,,3600000.0,1163.0,3095.442820292348,2,2,House,,,
Khairatabad,Hyderabad,,3000000.0,600.0,5235.0,1,1,Apartment,,,
Khairatabad,Hyderabad,,6640000.0,9714.4,683.5213703368196,1,1,Apartment,,,
Khairatabad,Hyderabad,,3000000.0,748.0,5235.0,1,1,Apartment,,,
Khairatabad,Hyderabad,,15385054.88252427,1940.211690056733,5235.0,3,3,Apartment,,,
Khairatabad,Hyderabad,,7200000.0,600.0,12000.0,1,1,Apartment,,,
Khairatabad,Hyderabad,,19520000.0,5987.2,3260.288615713522,1,1,Apartment,,,
Khairatabad,Hyderabad,,6000000.0,1050.0,5714.0,2,2,Apartment,,,
Khairatabad,Hyderabad,,6000000.0,1387.2,5714.0,2,2,Apartment,,,
Khairatabad,Hyderabad,,15385054.88252427,1940.211690056733,5714.0,3,3,Apartment,,,
Khairatabad,Hyderabad,,6240000.0,1050.0,5942.857142857143,2,2,Apartment,,,
Khairatabad,Hyderabad,,7920000.0,1050.0,7542.857142857143,2,2,Apartment,,,
Khairatabad,Hyderabad,,5000000.0,750.0,6666.0,2,2,Apartment,,,
Khairatabad,Hyderabad,,5000000.0,822.0,6666.0,2,2,Apartment,,,
Khairatabad,Hyderabad,,15385054.88252427,1940.211690056733,6666.0,3,3,Apartment,,,
Khairatabad,Hyderabad,,3920000.0,750.0,5226.666666666667,2,2,Apartment,,,
Khairatabad,Hyderabad,,7800000.0,1200.0,6500.0,2,2,Apartment,,,
Khairatabad,Hyderabad,,7800000.0,1283.0,6500.0,2,2,Apartment,,,
Khairatabad,Hyderabad,,15385054.88252427,1940.211690056733,6500.0,3,3,Apartment,,,
Khairatabad,Hyderabad,,7840000.0,1200.0,6533.333333333333,2,2,Apartment,,,
Khairatabad,Hyderabad,,6920000.0,1200.0,5766.666666666667,2,2,Apartment,,,
Khairatabad,Hyderabad,,8100000.0,1200.0,6750.0,2,2,House,,,
Khairatabad,Hyderabad,,8100000.0,1200.0,6750.0,2,2,Plot,,,
Khairatabad,Hyderabad,,8100000.0,1428.8,6750.0,2,2,Apartment,,,
Khairatabad,Hyderabad,,15385054.88252427,1940.211690056733,6750.0,3,3,Apartment,,,
Khairatabad,Hyderabad,,4000000.0,630.0,6349.0,2,2,Villa,,,
Khairatabad,Hyderabad,,4000000.0,630.0,6349.0,2,2,Plot,,,
Khairatabad,Hyderabad,,4000000.0,605.6,6349.0,2,2,Apartment,,,
Khairatabad,Hyderabad,,15385054.88252427,1940.211690056733,6349.0,3,3,Apartment,,,
Khairatabad,Hyderabad,,4280000.0,630.0,6793.650793650793,2,2,Plot,,,
Khairatabad,Hyderabad,,24000000.0,2313.0,10376.0,3,3,Apartment,,,
Khairatabad,Hyderabad,,24000000.0,2609.2,10376.0,3,3,Apartment,,,
Khairatabad,Hyderabad,,10376.0,1011.6,10376.0,1,1,Apartment,,,
Khairatabad,Hyderabad,,24500000.0,2313.0,10592.30436662343,3,3,Apartment,,,
Khairatabad,Hyderabad,,19560000.0,2313.0,8456.549935149156,3,3,Apartment,,,
Khairatabad,Hyderabad,,5800000.0,800.0,7250.0,2,2,Apartment,,,
Khairatabad,Hyderabad,,5800000.0,832.0,7250.0,2,2,Apartment,,,
Khairatabad,Hyderabad,,15385054.88252427,1940.211690056733,7250.0,3,3,Apartment,,,
Khairatabad,Hyderabad,,4720000.0,800.0,5900.0,2,2,Apartment,,,
Khairatabad,Hyderabad,,3600000.0,1200.0,3000.0,1,1,Apartment,,,
Khairatabad,Hyderabad,,3600000.0,858.0,3000.0,2,2,Apartment,,,
Khairatabad,Hyderabad,,15385054.88252427,1940.211690056733,3000.0,3,3,Apartment,,,
Khairatabad,Hyderabad,,6160000.0,1200.0,5133.333333333333,1,1,Apartment,,,
Khairatabad,Hyderabad,,4800000.0,812.0,5911.0,2,2,Apartment,,,
Khairatabad,Hyderabad,,4800000.0,1203.0,5911.0,2,2,Apartment,,,
Khairatabad,Hyderabad,,15385054.88252427,1940.211690056733,5911.0,3,3,Apartment,,,
Khairatabad,Hyderabad,,4840000.0,812.0,5960.591133004926,2,2,Apartment,,,
Khairatabad,Hyderabad,,7820000.0,812.0,9630.541871921185,2,2,Apartment,,,
Khairatabad,Hyderabad,,11000000.0,2952.0,3726.0,4,3,Plot,,,
Khairatabad,Hyderabad,,11000000.0,2076.0,3726.0,3,2,Apartment,,,
Khairatabad,Hyderabad,,15385054.88252427,1940.211690056733,3726.0,3,3,Apartment,,,
Khairatabad,Hyderabad,,23400000.0,2952.0,7926.829268292683,4,4,Plot,,,
Khairatabad,Hyderabad,,30000000.0,1575.0,19048.0,5,3,Apartment,,,
Khairatabad,Hyderabad,,46000000.0,3877.2,11864.23191994223,5,5,Apartment,,,
Khairatabad,Hyderabad,,30000000.0,2480.4,19048.0,4,3,Apartment,,,
Khairatabad,Hyderabad,,19048.0,1011.6,19048.0,1,1,Apartment,,,
Khairatabad,Hyderabad,,18560000.0,1575.0,11784.12698412698,4,3,Apartment,,,
Khairatabad,Hyderabad,,41900000.0,3294.0,12720.09714632665,5,3,Apartment,,,
Khairatabad,Hyderabad,,4000000.0,840.0,4761.0,2,2,Apartment,,,
Khairatabad,Hyderabad,,4000000.0,605.6,4761.0,2,2,Apartment,,,
Khairatabad,Hyderabad,,15385054.88252427,1940.211690056733,4761.0,3,3,Apartment,,,
Khairatabad,Hyderabad,,4600000.0,840.0,5476.190476190476,2,2,Apartment,,,
Khairatabad,Hyderabad,,6000000.0,1000.0,6000.0,2,2,Apartment,,,
Khairatabad,Hyderabad,,6000000.0,1387.2,6000.0,2,2,Apartment,,,
Khairatabad,Hyderabad,,15385054.88252427,1940.211690056733,6000.0,3,3,Apartment,,,
Khairatabad,Hyderabad,,4940000.0,1000.0,4940.0,3,2,Apartment,,,
Khairatabad,Hyderabad,,3000000.0,800.0,3750.0,2,2,Apartment,,,
Khairatabad,Hyderabad,,3000000.0,748.0,3750.0,1,1,Apartment,,,
Khairatabad,Hyderabad,,15385054.88252427,1940.211690056733,3750.0,3,3,Apartment,,,
Khairatabad,Hyderabad,,5020000.0,800.0,6275.0,2,2,Apartment,,,
Khairatabad,Hyderabad,,4000000.0,860.0,4651.0,2,2,Apartment,,,
Khairatabad,Hyderabad,,4000000.0,605.6,4651.0,2,2,Apartment,,,
Khairatabad,Hyderabad,,15385054.88252427,1940.211690056733,4651.0,3,3,Apartment,,,
Khairatabad,Hyderabad,,4000000.0,860.0,4651.162790697675,2,2,Apartment,,,
Khairatabad,Hyderabad,,6020000.0,860.0,7000.0,2,2,Apartment,,,
Khairatabad,Hyderabad,,5200000.0,1500.0,3466.0,3,2,Villa,,,
Khairatabad,Hyderabad,,5200000.0,1500.0,3466.0,3,2,Plot,,,
Khairatabad,Hyderabad,,5200000.0,1289.6,3466.0,2,2,Apartment,,,
Khairatabad,Hyderabad,,15385054.88252427,1940.211690056733,3466.0,3,3,Apartment,,,
Khairatabad,Hyderabad,,9080000.0,1500.0,6053.333333333333,3,3,Plot,,,
Kompally,Hyderabad,,11680000.0,1512.0,4700.0,3,3,Apartment,,,
Kompally,Hyderabad,,9960000.0,2301.0,4328.552803129074,3,3,Apartment,,,
Kompally,Hyderabad,,15385054.88252427,1940.211690056733,4700.0,3,3,Apartment,,,
Kompally,Hyderabad,,15385054.88252427,1940.211690056733,7929.575397040516,3,3,Apartment,,,
Kompally,Hyderabad,,12354400.0,1512.0,8170.899470899471,3,2,Apartment,,,
Kompally,Hyderabad,,13220000.0,2320.0,6824.0,3,2,Apartment,,,
Kompally,Hyderabad,,15385054.88252427,1940.211690056733,6824.0,3,3,Apartment,,,
Kompally,Hyderabad,,24520000.0,2320.0,10568.96551724138,3,3,Apartment,,,
Kompally,Hyderabad,,11680000.0,2165.0,5394.919168591224,3,3,Apartment,,,
Kompally,Hyderabad,,13220000.0,2035.0,6496.314496314496,3,4,Apartment,,,
Kompally,Hyderabad,,8720000.0,2780.0,3136.690647482014,4,4,Apartment,,,
Kompally,Hyderabad,,23400000.0,3600.0,6500.0,4,4,Apartment,,,
Kompally,Hyderabad,,24460000.0,3600.0,6794.444444444444,4,4,Apartment,,,
Kompally,Hyderabad,,9424000.0,2200.0,4283.636363636364,3,3,Apartment,,,
Kompally,Hyderabad,,14484800.0,2200.0,6584.0,3,2,Apartment,,,
Kompally,Hyderabad,,33000000.0,3500.0,9428.57142857143,4,4,Villa,,,
Kompally,Hyderabad,,22700000.0,3500.0,6485.714285714285,4,4,Villa,,,
Kompally,Hyderabad,,5805000.0,1945.0,2984.575835475579,3,3,Apartment,,,
Kompally,Hyderabad,,11881000.0,1945.0,6108.483290488432,3,2,Apartment,,,
Kompally,Hyderabad,,12050000.0,1500.0,8033.333333333333,3,2,Apartment,,,
Kompally,Hyderabad,,8105000.0,1612.0,5027.915632754342,3,3,Apartment,,,
Kompally,Hyderabad,,12341000.0,1612.0,7655.707196029776,3,3,Apartment,,,
Kompally,Hyderabad,,13880000.0,1750.0,7931.428571428572,3,3,Apartment,,,
Kompally,Hyderabad,,15720000.0,2313.0,6796.368352788586,3,2,Apartment,,,
Kompally,Hyderabad,,95000000.0,6000.0,17272.0,6,5,Villa,,,
Kompally,Hyderabad,,48600000.0,4050.0,12000.0,6,6,Apartment,,,
Kompally,Hyderabad,,95000000.0,6000.0,17272.0,6,5,Apartment,,,
Kompally,Hyderabad,,95000000.0,4544.0,17272.0,6,5,Apartment,,,
Kompally,Hyderabad,,17272.0,1011.6,17272.0,1,1,Apartment,,,
Kompally,Hyderabad,,57300000.0,6000.0,9550.0,8,7,Apartment,,,
Kompally,Hyderabad,,66900000.0,10195.625,6344.840667678301,6,5,Apartment,,,
Kompally,Hyderabad,,32500000.0,3200.0,10156.0,4,4,Villa,,,
Kompally,Hyderabad,,26640000.0,4388.6,6070.27297999362,4,4,Villa,,,
Kompally,Hyderabad,,32500000.0,3200.0,10156.0,4,4,Plot,,,
Kompally,Hyderabad,,32500000.0,3846.0,10156.0,4,4,Apartment,,,
Kompally,Hyderabad,,10156.0,1011.6,10156.0,1,1,Apartment,,,
Kompally,Hyderabad,,27460000.0,3200.0,8581.25,4,4,Plot,,,
Kompally,Hyderabad,,36700000.0,3072.0,11946.61458333333,4,4,Apartment,,,
Kompally,Hyderabad,,32000000.0,2499.0,12800.0,3,4,Plot,,,
Kompally,Hyderabad,,32000000.0,3077.0,12800.0,5,6,Apartment,,,
Kompally,Hyderabad,,12800.0,1011.6,12800.0,1,1,Apartment,,,
Kompally,Hyderabad,,27300000.0,2499.0,10924.36974789916,3,3,Plot,,,
Kompally,Hyderabad,,15385054.88252427,1940.211690056733,7929.575397040516,3,3,Plot,,,
Kompally,Hyderabad,,14000000.0,1800.0,7778.0,3,3,Plot,,,
Kompally,Hyderabad,,14000000.0,1493.0,7778.0,3,3,Apartment,,,
Kompally,Hyderabad,,15385054.88252427,1940.211690056733,7778.0,3,3,Apartment,,,
Kompally,Hyderabad,,16240000.0,1800.0,9022.222222222224,4,4,Plot,,,
Kompally,Hyderabad,,8995000.0,2225.0,4042.696629213483,3,3,Apartment,,,
Kompally,Hyderabad,,12519000.0,2225.0,5626.516853932584,3,3,Apartment,,,
Kompally,Hyderabad,,13220000.0,2010.0,6577.114427860696,3,3,Apartment,,,
Kompally,Hyderabad,,19000000.0,2490.0,7630.0,3,3,Apartment,,,
Kompally,Hyderabad,,19000000.0,3729.2,7630.0,4,4,Apartment,,,
Kompally,Hyderabad,,15385054.88252427,1940.211690056733,7630.0,3,3,Apartment,,,
Kompally,Hyderabad,,20433800.0,2490.0,8206.345381526104,3,3,Apartment,,,
Kompally,Hyderabad,,11000000.0,1912.0,5753.0,3,3,Apartment,,,
Kompally,Hyderabad,,11000000.0,2076.0,5753.0,3,2,Apartment,,,
Kompally,Hyderabad,,15385054.88252427,1940.211690056733,5753.0,3,3,Apartment,,,
Kompally,Hyderabad,,19400000.0,1912.0,10146.44351464435,3,3,Apartment,,,
Kompally,Hyderabad,,12920000.0,1912.0,6757.322175732217,3,3,Apartment,,,
Kompally,Hyderabad,,13220000.0,1896.0,6972.573839662447,3,3,Apartment,,,
Kompally,Hyderabad,,20000000.0,3182.0,6285.0,4,3,Apartment,,,
Kompally,Hyderabad,,26640000.0,4388.6,6070.27297999362,4,4,Apartment,,,
Kompally,Hyderabad,,20000000.0,2507.6,6285.0,5,3,Apartment,,,
Kompally,Hyderabad,,15385054.88252427,1940.211690056733,6285.0,3,3,Apartment,,,
Kompally,Hyderabad,,26000000.0,3182.0,8170.961659333752,4,4,Apartment,,,
Kompally,Hyderabad,,60000000.0,3222.0,18622.0,4,4,Villa,,,
Kompally,Hyderabad,,60000000.0,3222.0,18622.0,4,4,Plot,,,
Kompally,Hyderabad,,60000000.0,2670.0,18622.0,7,6,Apartment,,,
Kompally,Hyderabad,,18622.0,1011.6,18622.0,1,1,Apartment,,,
Kompally,Hyderabad,,50780000.0,3222.0,15760.39726877716,4,5,Plot,,,
Kompally,Hyderabad,,38000000.0,3573.0,10635.0,3,4,Plot,,,
Kompally,Hyderabad,,38000000.0,2298.6,10635.0,4,4,Apartment,,,
Kompally,Hyderabad,,10635.0,1011.6,10635.0,1,1,Apartment,,,
Kompally,Hyderabad,,46320000.0,3573.0,12963.89588581024,3,5,Plot,,,
Kompally,Hyderabad,,22000000.0,3000.0,7333.0,1,1,Apartment,,,
Kompally,Hyderabad,,6640000.0,9714.4,683.5213703368196,1,1,Apartment,,,
Kompally,Hyderabad,,22000000.0,2587.6,7333.0,2,3,Apartment,,,
Kompally,Hyderabad,,15385054.88252427,1940.211690056733,7333.0,3,3,Apartment,,,
Kompally,Hyderabad,,21000000.0,3000.0,7000.0,4,4,Apartment,,,
Kompally,Hyderabad,,19520000.0,5987.2,3260.288615713522,1,1,Apartment,,,
Kompally,Hyderabad,,11822000.0,2700.0,4378.518518518518,4,4,Villa,,,
Kompally,Hyderabad,,8900000.0,1350.0,6592.0,2,2,Apartment,,,
Kompally,Hyderabad,,3600000.0,1163.0,3095.442820292348,2,2,Apartment,,,
Kompally,Hyderabad,,8900000.0,1440.0,6592.0,3,2,Apartment,,,
Kompally,Hyderabad,,15385054.88252427,1940.211690056733,6592.0,3,3,Apartment,,,
Kompally,Hyderabad,,7690000.0,1350.0,5696.296296296297,3,4,Apartment,,,
Kompally,Hyderabad,,9384000.0,836.0,11224.88038277512,2,2,Apartment,,,
Kompally,Hyderabad,,11680000.0,2730.0,4278.388278388278,3,2,Apartment,,,
Kompally,Hyderabad,,12560000.0,4010.0,3132.16957605985,4,4,Apartment,,,
Kompally,Hyderabad,,9800000.0,1930.0,5077.0,3,3,Apartment,,,
Kompally,Hyderabad,,9800000.0,1778.0,5077.0,3,3,Apartment,,,
Kompally,Hyderabad,,15385054.88252427,1940.211690056733,5077.0,3,3,Apartment,,,
Kompally,Hyderabad,,12540000.0,1930.0,6497.40932642487,3,3,Apartment,,,
Kompally,Hyderabad,,5200000.0,948.0,5485.0,2,2,Apartment,,,
Kompally,Hyderabad,,5200000.0,1289.6,5485.0,2,2,Apartment,,,
Kompally,Hyderabad,,15385054.88252427,1940.211690056733,5485.0,3,3,Apartment,,,
Kompally,Hyderabad,,5320000.0,948.0,5611.814345991561,2,2,Apartment,,,
Kompally,Hyderabad,,7960000.0,948.0,8396.62447257384,2,2,Apartment,,,
Kompally,Hyderabad,,12560000.0,3400.0,3694.117647058824,4,4,Apartment,,,
Kompally,Hyderabad,,6500000.0,1204.0,5398.0,2,2,Apartment,,,
Kompally,Hyderabad,,6500000.0,990.6,5398.0,2,2,Apartment,,,
Kompally,Hyderabad,,15385054.88252427,1940.211690056733,5398.0,3,3,Apartment,,,
Kompally,Hyderabad,,7906000.0,1204.0,6566.445182724253,2,2,Apartment,,,
Kompally,Hyderabad,,8160000.0,1204.0,6777.408637873754,2,2,Apartment,,,
Kompally,Hyderabad,,12560000.0,4572.0,2747.156605424322,4,4,Villa,,,
Kompally,Hyderabad,,16800000.0,2160.0,7778.0,3,4,Plot,,,
Kompally,Hyderabad,,16800000.0,1994.0,7778.0,4,3,Apartment,,,
Kompally,Hyderabad,,27720000.0,2160.0,12833.33333333333,4,4,Plot,,,
Kompally,Hyderabad,,8720000.0,3930.0,2218.82951653944,4,5,Apartment,,,
Kompally,Hyderabad,,4175000.0,757.2,5513.734812466983,2,2,Plot,,,
Kompally,Hyderabad,,11140000.0,2850.0,3908.771929824562,4,5,Apartment,,,
Kompally,Hyderabad,,6120000.0,842.0,7268.0,2,2,Apartment,,,
Kompally,Hyderabad,,6120000.0,911.8,7268.0,2,2,Apartment,,,
Kompally,Hyderabad,,15385054.88252427,1940.211690056733,7268.0,3,3,Apartment,,,
Kompally,Hyderabad,,5248000.0,842.0,6232.779097387173,2,2,Apartment,,,
Kompally,Hyderabad,,22000000.0,2710.0,8118.0,4,3,Apartment,,,
Kompally,Hyderabad,,22000000.0,2587.6,8118.0,2,3,Apartment,,,
Kompally,Hyderabad,,15385054.88252427,1940.211690056733,8118.0,3,3,Apartment,,,
Kompally,Hyderabad,,22520000.0,2710.0,8309.963099630997,3,4,Apartment,,,
Kompally,Hyderabad,,11820000.0,1745.0,6773.638968481376,3,3,Apartment,,,
Kompally,Hyderabad,,8500000.0,1395.0,6093.0,3,3,Apartment,,,
Kompally,Hyderabad,,8500000.0,1363.2,6093.0,3,2,Apartment,,,
Kompally,Hyderabad,,15385054.88252427,1940.211690056733,6093.0,3,3,Apartment,,,
Kompally,Hyderabad,,9900000.0,1395.0,7096.774193548387,3,3,Apartment,,,
Kompally,Hyderabad,,8000000.0,1450.0,5517.0,3,3,Apartment,,,
Kompally,Hyderabad,,8000000.0,937.4,5517.0,2,2,Apartment,,,
Kompally,Hyderabad,,15385054.88252427,1940.211690056733,5517.0,3,3,Apartment,,,
Kompally,Hyderabad,,9660000.0,1450.0,6662.068965517241,3,2,Apartment,,,
Kompally,Hyderabad,,12800000.0,1940.0,6804.0,3,3,Apartment,,,
Kompally,Hyderabad,,12800000.0,1767.0,6804.0,3,3,Apartment,,,
Kompally,Hyderabad,,15385054.88252427,1940.211690056733,6804.0,3,3,Apartment,,,
Kompally,Hyderabad,,11081000.0,1940.0,5711.855670103093,3,3,Apartment,,,
Kompally,Hyderabad,,5400000.0,1350.0,4000.0,3,3,Plot,,,
Kompally,Hyderabad,,5400000.0,1185.0,4000.0,2,2,Apartment,,,
Kompally,Hyderabad,,15385054.88252427,1940.211690056733,4000.0,3,3,Apartment,,,
Kompally,Hyderabad,,15900000.0,2850.0,5578.947368421052,4,4,Apartment,,,
Kompally,Hyderabad,,12900000.0,1905.0,6771.0,3,3,Apartment,,,
Kompally,Hyderabad,,12900000.0,1842.0,6771.0,3,3,Apartment,,,
Kompally,Hyderabad,,15385054.88252427,1940.211690056733,6771.0,3,3,Apartment,,,
Kompally,Hyderabad,,24920000.0,1905.0,13081.36482939632,3,3,Apartment,,,
Kompally,Hyderabad,,11280000.0,1905.0,5921.259842519685,3,3,Apartment,,,
Kompally,Hyderabad,,7523999.999999999,1825.0,4122.739726027397,3,3,Apartment,,,
Kompally,Hyderabad,,13720000.0,1825.0,7517.808219178082,3,3,Apartment,,,
Kompally,Hyderabad,,20000000.0,3500.0,5714.0,3,4,Plot,,,
Kompally,Hyderabad,,20000000.0,2507.6,5714.0,5,3,Apartment,,,
Kompally,Hyderabad,,15385054.88252427,1940.211690056733,5714.0,3,3,Apartment,,,
Kompally,Hyderabad,,33600000.0,3500.0,9600.0,3,5,Plot,,,
Kompally,Hyderabad,,10000000.0,1235.0,8097.0,2,2,Apartment,,,
Kompally,Hyderabad,,10000000.0,1220.4,8097.0,2,3,Apartment,,,
Kompally,Hyderabad,,15385054.88252427,1940.211690056733,8097.0,3,3,Apartment,,,
Kompally,Hyderabad,,8800000.0,1235.0,7125.506072874494,2,2,Apartment,,,
Koti,Hyderabad,,6500000.0,850.0,7647.0,3,2,Apartment,,,
Koti,Hyderabad,,9960000.0,2301.0,4328.552803129074,3,3,Apartment,,,
Koti,Hyderabad,,6500000.0,990.6,7647.0,2,2,Apartment,,,
Koti,Hyderabad,,15385054.88252427,1940.211690056733,7647.0,3,3,Apartment,,,
Koti,Hyderabad,,4180000.0,850.0,4917.64705882353,2,2,Apartment,,,
Koti,Hyderabad,,10000000.0,1529.8,6536.802196365538,3,2,Apartment,,,
Koti,Hyderabad,,9384000.0,836.0,11224.88038277512,2,2,Apartment,,,
Koti,Hyderabad,,6800000.0,872.0,7798.0,2,2,House,,,
Koti,Hyderabad,,3600000.0,1163.0,3095.442820292348,2,2,House,,,
Koti,Hyderabad,,6800000.0,872.0,7798.0,2,2,Plot,,,
Koti,Hyderabad,,6800000.0,1038.8,7798.0,2,2,Apartment,,,
Koti,Hyderabad,,15385054.88252427,1940.211690056733,7798.0,3,3,Apartment,,,
Koti,Hyderabad,,5160000.0,872.0,5917.431192660551,2,2,Plot,,,
Koti,Hyderabad,,50700000.0,6340.0,7988.0,4,4,Plot,,,
Koti,Hyderabad,,26640000.0,4388.6,6070.27297999362,4,4,Apartment,,,
Koti,Hyderabad,,50700000.0,5206.6,7988.0,6,5,Apartment,,,
Koti,Hyderabad,,15385054.88252427,1940.211690056733,7988.0,3,3,Apartment,,,
Koti,Hyderabad,,86080000.0,6340.0,13577.28706624606,4,4,Plot,,,
Koti,Hyderabad,,36700000.0,3072.0,11946.61458333333,4,4,Apartment,,,
Koti,Hyderabad,,8000000.0,1330.0,6015.0,2,2,Apartment,,,
Koti,Hyderabad,,3600000.0,1163.0,3095.442820292348,2,2,Apartment,,,
Koti,Hyderabad,,8000000.0,937.4,6015.0,2,2,Apartment,,,
Koti,Hyderabad,,15385054.88252427,1940.211690056733,6015.0,3,3,Apartment,,,
Koti,Hyderabad,,8000000.0,1330.0,6015.037593984963,2,2,Apartment,,,
Koti,Hyderabad,,9380000.0,1330.0,7052.631578947368,2,2,Apartment,,,
Koti,Hyderabad,,22000000.0,1080.0,20370.0,3,5,Plot,,,
Koti,Hyderabad,,22000000.0,2587.6,20370.0,2,3,Apartment,,,
Koti,Hyderabad,,20370.0,1011.6,20370.0,1,1,Apartment,,,
Koti,Hyderabad,,4400000.0,1080.0,4074.074074074074,2,3,Plot,,,
Koti,Hyderabad,,4800000.0,577.0,8318.0,1,1,House,,,
Koti,Hyderabad,,6640000.0,9714.4,683.5213703368196,1,1,House,,,
Koti,Hyderabad,,4800000.0,577.0,8318.0,1,1,Apartment,,,
Koti,Hyderabad,,4800000.0,1203.0,8318.0,2,2,Apartment,,,
Koti,Hyderabad,,15385054.88252427,1940.211690056733,8318.0,3,3,Apartment,,,
Koti,Hyderabad,,5560000.0,577.0,9636.048526863084,1,1,Apartment,,,
Koti,Hyderabad,,19520000.0,5987.2,3260.288615713522,1,1,Apartment,,,
Koti,Hyderabad,,6640000.0,9714.4,683.5213703368196,1,1,Apartment,,,
Koti,Hyderabad,,9000000.0,1005.0,7826.0,2,2,Apartment,,,
Koti,Hyderabad,,9000000.0,1118.0,7826.0,3,2,Apartment,,,
Koti,Hyderabad,,15385054.88252427,1940.211690056733,7826.0,3,3,Apartment,,,
Koti,Hyderabad,,7100000.0,1005.0,7064.676616915423,2,2,Apartment,,,
Koti,Hyderabad,,5120000.0,1150.0,4452.173913043478,2,2,Apartment,,,
Koti,Hyderabad,,70000000.0,3708.0,18889.0,4,3,Plot,,,
Koti,Hyderabad,,70000000.0,2657.2,18889.0,4,4,Apartment,,,
Koti,Hyderabad,,18889.0,1011.6,18889.0,1,1,Apartment,,,
Koti,Hyderabad,,42180000.0,3708.0,11375.40453074434,3,2,Plot,,,
Koti,Hyderabad,,15385054.88252427,1940.211690056733,7929.575397040516,3,3,Plot,,,
Koti,Hyderabad,,12500000.0,1159.0,10785.15962036238,2,2,Plot,,,
Koti,Hyderabad,,12500000.0,1542.8,8102.15193155302,3,3,Apartment,,,
Koti,Hyderabad,,135869.0,1011.6,134.3109924871491,1,1,Apartment,,,
Koti,Hyderabad,,19900000.0,2391.0,8322.0,4,4,Apartment,,,
Koti,Hyderabad,,19900000.0,2388.4,8322.0,3,8,Apartment,,,
Koti,Hyderabad,,15385054.88252427,1940.211690056733,8322.0,3,3,Apartment,,,
Koti,Hyderabad,,23480000.0,2391.0,9820.158929318275,3,3,Apartment,,,
Koti,Hyderabad,,7760000.0,2330.0,3330.472103004292,2,2,Apartment,,,
Koti,Hyderabad,,6500000.0,1200.0,5416.0,2,2,Apartment,,,
Koti,Hyderabad,,6500000.0,990.6,5416.0,2,2,Apartment,,,
Koti,Hyderabad,,15385054.88252427,1940.211690056733,5416.0,3,3,Apartment,,,
Koti,Hyderabad,,7840000.0,1200.0,6533.333333333333,2,2,Apartment,,,
Koti,Hyderabad,,8700000.0,1100.0,7909.0,2,2,Apartment,,,
Koti,Hyderabad,,8700000.0,1344.0,7909.0,2,3,Apartment,,,
Koti,Hyderabad,,15385054.88252427,1940.211690056733,7909.0,3,3,Apartment,,,
Koti,Hyderabad,,6940000.0,1100.0,6309.090909090909,2,2,Apartment,,,
Koti,Hyderabad,,7435800.0,1100.0,6759.818181818182,2,2,Apartment,,,
Koti,Hyderabad,,7500000.0,850.0,8823.0,3,2,Apartment,,,
Koti,Hyderabad,,7500000.0,1248.8,8823.0,3,2,Apartment,,,
Koti,Hyderabad,,15385054.88252427,1940.211690056733,8823.0,3,3,Apartment,,,
Koti,Hyderabad,,8500000.0,1220.0,5944.0,3,3,House,,,
Koti,Hyderabad,,9960000.0,2301.0,4328.552803129074,3,3,House,,,
Koti,Hyderabad,,8500000.0,1220.0,5944.0,3,3,Apartment,,,
Koti,Hyderabad,,8500000.0,1363.2,5944.0,3,2,Apartment,,,
Koti,Hyderabad,,15385054.88252427,1940.211690056733,5944.0,3,3,Apartment,,,
Koti,Hyderabad,,8100000.0,1220.0,6639.344262295082,3,2,Apartment,,,
Koti,Hyderabad,,12150000.0,1430.0,8496.503496503496,3,3,House,,,
Koti,Hyderabad,,70000000.0,2070.0,33816.0,3,3,Plot,,,
Koti,Hyderabad,,70000000.0,2657.2,33816.0,4,4,Apartment,,,
Koti,Hyderabad,,33816.0,1011.6,33816.0,1,1,Apartment,,,
Koti,Hyderabad,,38120000.0,2070.0,18415.45893719807,3,3,Plot,,,
Koti,Hyderabad,,10000000.0,1080.0,9259.0,2,2,Plot,,,
Koti,Hyderabad,,10000000.0,1220.4,9259.0,2,3,Apartment,,,
Koti,Hyderabad,,15385054.88252427,1940.211690056733,9259.0,3,3,Apartment,,,
Kukatpally,Hyderabad,,6220000.0,1365.0,7969.0,2,2,Apartment,,,
Kukatpally,Hyderabad,,3600000.0,1163.0,3095.442820292348,2,2,Apartment,,,
Kukatpally,Hyderabad,,15385054.88252427,1940.211690056733,7969.0,3,3,Apartment,,,
Kukatpally,Hyderabad,,15385054.88252427,1940.211690056733,7929.575397040516,3,3,Apartment,,,
Kukatpally,Hyderabad,,11880000.0,1365.0,8703.296703296703,2,2,Apartment,,,
Kukatpally,Hyderabad,,8720000.0,2860.0,3048.951048951049,4,5,Apartment,,,
Kukatpally,Hyderabad,,12020000.0,3130.0,3840.255591054313,3,2,Apartment,,,
Kukatpally,Hyderabad,,12560000.0,3815.0,3292.267365661861,4,5,Apartment,,,
Kukatpally,Hyderabad,,7800000.0,1155.0,6782.0,2,2,Apartment,,,
Kukatpally,Hyderabad,,7800000.0,1283.0,6782.0,2,2,Apartment,,,
Kukatpally,Hyderabad,,15385054.88252427,1940.211690056733,6782.0,3,3,Apartment,,,
Kukatpally,Hyderabad,,9900000.0,1155.0,8571.42857142857,2,2,Apartment,,,
Kukatpally,Hyderabad,,10000000.0,1155.0,8658.008658008657,2,2,Apartment,,,
Kukatpally,Hyderabad,,21800000.0,3255.0,6697.388632872504,4,4,Apartment,,,
Kukatpally,Hyderabad,,12320000.0,3255.0,3784.94623655914,4,4,Apartment,,,
Kukatpally,Hyderabad,,7800000.0,1010.0,7722.0,2,2,Apartment,,,
Kukatpally,Hyderabad,,7800000.0,1283.0,7722.0,2,2,Apartment,,,
Kukatpally,Hyderabad,,15385054.88252427,1940.211690056733,7722.0,3,3,Apartment,,,
Kukatpally,Hyderabad,,6000000.0,1010.0,5940.59405940594,2,2,Apartment,,,
Kukatpally,Hyderabad,,6900000.0,1035.0,6666.0,2,2,Apartment,,,
Kukatpally,Hyderabad,,6900000.0,1060.0,6666.0,3,2,Apartment,,,
Kukatpally,Hyderabad,,15385054.88252427,1940.211690056733,6666.0,3,3,Apartment,,,
Kukatpally,Hyderabad,,7260000.0,1035.0,7014.492753623188,2,2,Apartment,,,
Kukatpally,Hyderabad,,19500000.0,1885.0,10344.0,3,3,Apartment,,,
Kukatpally,Hyderabad,,9960000.0,2301.0,4328.552803129074,3,3,Apartment,,,
Kukatpally,Hyderabad,,19500000.0,2616.6,10344.0,6,6,Apartment,,,
Kukatpally,Hyderabad,,10344.0,1011.6,10344.0,1,1,Apartment,,,
Kukatpally,Hyderabad,,20600000.0,1885.0,10928.38196286472,3,3,Apartment,,,
Kukatpally,Hyderabad,,7280000.0,2568.2,2834.670197025154,3,3,Apartment,,,
Kukatpally,Hyderabad,,9382000.0,1988.0,4719.315895372233,3,3,Apartment,,,
Kukatpally,Hyderabad,,12596400.0,1988.0,6336.217303822938,3,3,Apartment,,,
Kukatpally,Hyderabad,,25000000.0,1899.0,13164.0,3,4,Apartment,,,
Kukatpally,Hyderabad,,25000000.0,2600.4,13164.0,3,4,Apartment,,,
Kukatpally,Hyderabad,,13164.0,1011.6,13164.0,1,1,Apartment,,,
Kukatpally,Hyderabad,,40700000.0,1899.0,21432.33280674039,3,3,Apartment,,,
Kukatpally,Hyderabad,,13920000.0,2880.0,4833.333333333333,3,3,Apartment,,,
Kukatpally,Hyderabad,,8000000.0,1050.0,7619.0,2,2,Apartment,,,
Kukatpally,Hyderabad,,8000000.0,937.4,7619.0,2,2,Apartment,,,
Kukatpally,Hyderabad,,15385054.88252427,1940.211690056733,7619.0,3,3,Apartment,,,
Kukatpally,Hyderabad,,6240000.0,1050.0,5942.857142857143,2,2,Apartment,,,
Kukatpally,Hyderabad,,7920000.0,1050.0,7542.857142857143,2,2,Apartment,,,
Kukatpally,Hyderabad,,20960000.0,2259.0,9278.441788401948,3,3,Apartment,,,
Kukatpally,Hyderabad,,10100000.0,4970.0,2032.193158953722,4,3,Apartment,,,
Kukatpally,Hyderabad,,9980000.0,4970.0,2008.04828973843,4,4,Apartment,,,
Kukatpally,Hyderabad,,47500000.0,3500.0,13285.0,3,5,Apartment,,,
Kukatpally,Hyderabad,,47500000.0,3812.0,13285.0,3,5,Apartment,,,
Kukatpally,Hyderabad,,13285.0,1011.6,13285.0,1,1,Apartment,,,
Kukatpally,Hyderabad,,33600000.0,3500.0,9600.0,3,5,Apartment,,,
Kukatpally,Hyderabad,,25000000.0,2103.0,11887.0,3,3,Apartment,,,
Kukatpally,Hyderabad,,25000000.0,2600.4,11887.0,3,4,Apartment,,,
Kukatpally,Hyderabad,,11887.0,1011.6,11887.0,1,1,Apartment,,,
Kukatpally,Hyderabad,,19320000.0,2103.0,9186.875891583451,4,3,Apartment,,,
Kukatpally,Hyderabad,,22000000.0,2259.0,9738.0,3,4,Apartment,,,
Kukatpally,Hyderabad,,22000000.0,2587.6,9738.0,2,3,Apartment,,,
Kukatpally,Hyderabad,,15385054.88252427,1940.211690056733,9738.0,3,3,Apartment,,,
Kukatpally,Hyderabad,,24800000.0,2259.0,10978.30898627711,3,3,Apartment,,,
Kukatpally,Hyderabad,,5500000.0,886.0,6207.0,2,2,Apartment,,,
Kukatpally,Hyderabad,,5500000.0,1024.4,6207.0,3,2,Apartment,,,
Kukatpally,Hyderabad,,15385054.88252427,1940.211690056733,6207.0,3,3,Apartment,,,
Kukatpally,Hyderabad,,6400000.0,886.0,7223.476297968397,2,2,Apartment,,,
Kukatpally,Hyderabad,,25000000.0,2259.0,11066.0,3,3,Apartment,,,
Kukatpally,Hyderabad,,25000000.0,2600.4,11066.0,3,4,Apartment,,,
Kukatpally,Hyderabad,,11066.0,1011.6,11066.0,1,1,Apartment,,,
Kukatpally,Hyderabad,,22000000.0,2259.0,9738.0,3,3,Apartment,,,
Kukatpally,Hyderabad,,14600000.0,1366.0,10688.0,2,2,Apartment,,,
Kukatpally,Hyderabad,,14600000.0,1614.8,10688.0,3,3,Apartment,,,
Kukatpally,Hyderabad,,10688.0,1011.6,10688.0,1,1,Apartment,,,
Kukatpally,Hyderabad,,11880000.0,1366.0,8696.92532942899,2,2,Apartment,,,
Kukatpally,Hyderabad,,8660000.0,1366.0,6339.677891654465,2,2,Apartment,,,
Kukatpally,Hyderabad,,95000000.0,2610.0,21111.0,5,7,Villa,,,
Kukatpally,Hyderabad,,46000000.0,3877.2,11864.23191994223,5,5,Apartment,,,
Kukatpally,Hyderabad,,95000000.0,2610.0,21111.0,5,7,Plot,,,
Kukatpally,Hyderabad,,95000000.0,4544.0,21111.0,6,5,Apartment,,,
Kukatpally,Hyderabad,,21111.0,1011.6,21111.0,1,1,Apartment,,,
Kukatpally,Hyderabad,,50840000.0,2610.0,19478.92720306513,4,5,Plot,,,
Kukatpally,Hyderabad,,68900000.0,2136.0,32256.5543071161,5,7,Apartment,,,
Kukatpally,Hyderabad,,29000000.0,2259.0,12837.0,3,3,Apartment,,,
Kukatpally,Hyderabad,,29000000.0,2055.6,12837.0,4,4,Apartment,,,
Kukatpally,Hyderabad,,12837.0,1011.6,12837.0,1,1,Apartment,,,
Kukatpally,Hyderabad,,45000000.0,3600.0,12500.0,3,4,Apartment,,,
Kukatpally,Hyderabad,,45000000.0,5601.2,12500.0,4,4,Apartment,,,
Kukatpally,Hyderabad,,12500.0,1011.6,12500.0,1,1,Apartment,,,
Kukatpally,Hyderabad,,40200000.0,3600.0,11166.66666666667,3,4,Apartment,,,
Kukatpally,Hyderabad,,14000000.0,1502.0,9320.0,3,3,Apartment,,,
Kukatpally,Hyderabad,,14000000.0,1493.0,9320.0,3,3,Apartment,,,
Kukatpally,Hyderabad,,15385054.88252427,1940.211690056733,9320.0,3,3,Apartment,,,
Kukatpally,Hyderabad,,9469000.0,1502.0,6304.260985352863,3,3,Apartment,,,
Kukatpally,Hyderabad,,5500000.0,1075.0,5116.0,2,2,Apartment,,,
Kukatpally,Hyderabad,,5500000.0,1024.4,5116.0,3,2,Apartment,,,
Kukatpally,Hyderabad,,15385054.88252427,1940.211690056733,5116.0,3,3,Apartment,,,
Kukatpally,Hyderabad,,6600000.0,1075.0,6139.53488372093,2,2,Apartment,,,
Kukatpally,Hyderabad,,6620000.0,1075.0,6158.139534883721,2,2,Apartment,,,
Kukatpally,Hyderabad,,6800000.0,1150.0,5913.0,2,2,Apartment,,,
Kukatpally,Hyderabad,,6800000.0,1038.8,5913.0,2,2,Apartment,,,
Kukatpally,Hyderabad,,15385054.88252427,1940.211690056733,5913.0,3,3,Apartment,,,
Kukatpally,Hyderabad,,7360000.0,1150.0,6400.0,3,2,Apartment,,,
Kukatpally,Hyderabad,,6200000.0,1050.0,5904.0,2,2,Apartment,,,
Kukatpally,Hyderabad,,6200000.0,964.4,5904.0,2,2,Apartment,,,
Kukatpally,Hyderabad,,15385054.88252427,1940.211690056733,5904.0,3,3,Apartment,,,
Kukatpally,Hyderabad,,30000000.0,1503.0,19960.0,3,3,Plot,,,
Kukatpally,Hyderabad,,30000000.0,2480.4,19960.0,4,3,Apartment,,,
Kukatpally,Hyderabad,,19960.0,1011.6,19960.0,1,1,Apartment,,,
Kukatpally,Hyderabad,,10749000.0,1503.0,7151.696606786427,3,3,Plot,,,
Kukatpally,Hyderabad,,14100000.0,2000.0,7050.0,3,3,Apartment,,,
Kukatpally,Hyderabad,,21500000.0,1170.0,18376.0,3,3,Plot,,,
Kukatpally,Hyderabad,,21500000.0,2080.2,18376.0,3,3,Apartment,,,
Kukatpally,Hyderabad,,18376.0,1011.6,18376.0,1,1,Apartment,,,
Kukatpally,Hyderabad,,13240000.0,1170.0,11316.23931623932,3,3,Plot,,,
Kukatpally,Hyderabad,,11900000.0,1450.0,8500.0,3,2,Apartment,,,
Kukatpally,Hyderabad,,11900000.0,1380.8,8500.0,3,2,Apartment,,,
Kukatpally,Hyderabad,,15385054.88252427,1940.211690056733,8500.0,3,3,Apartment,,,
Kukatpally,Hyderabad,,9660000.0,1450.0,6662.068965517241,3,2,Apartment,,,
Kukatpally,Hyderabad,,14000000.0,540.0,25925.0,2,2,Plot,,,
Kukatpally,Hyderabad,,14000000.0,1493.0,25925.0,3,3,Apartment,,,
Kukatpally,Hyderabad,,25925.0,1011.6,25925.0,1,1,Apartment,,,
Kukatpally,Hyderabad,,11440000.0,540.0,21185.18518518518,2,3,Plot,,,
Kukatpally,Hyderabad,,12000000.0,1600.0,7500.0,3,2,Apartment,,,
Kukatpally,Hyderabad,,12000000.0,1729.6,7500.0,4,2,Apartment,,,
Kukatpally,Hyderabad,,15385054.88252427,1940.211690056733,7500.0,3,3,Apartment,,,
Kukatpally,Hyderabad,,9986200.0,1600.0,6241.375,3,3,Apartment,,,
Kukatpally,Hyderabad,,5650000.0,1000.0,5650.0,2,2,Apartment,,,
Kukatpally,Hyderabad,,5650000.0,1156.0,5650.0,2,2,Apartment,,,
Kukatpally,Hyderabad,,15385054.88252427,1940.211690056733,5650.0,3,3,Apartment,,,
Kukatpally,Hyderabad,,4940000.0,1000.0,4940.0,3,2,Apartment,,,
Kukatpally,Hyderabad,,10500000.0,1100.0,9545.0,2,2,Apartment,,,
Kukatpally,Hyderabad,,10500000.0,1200.8,9545.0,4,2,Apartment,,,
Kukatpally,Hyderabad,,15385054.88252427,1940.211690056733,9545.0,3,3,Apartment,,,
Kukatpally,Hyderabad,,6940000.0,1100.0,6309.090909090909,2,2,Apartment,,,
Kukatpally,Hyderabad,,32500000.0,1800.0,18056.0,3,3,Plot,,,
Kukatpally,Hyderabad,,32500000.0,3846.0,18056.0,4,4,Apartment,,,
Kukatpally,Hyderabad,,18056.0,1011.6,18056.0,1,1,Apartment,,,
Kukatpally,Hyderabad,,16240000.0,1800.0,9022.222222222224,4,4,Plot,,,
Kukatpally,Hyderabad,,15385054.88252427,1940.211690056733,7929.575397040516,3,3,Plot,,,
Kukatpally,Hyderabad,,10500000.0,1135.0,9691.0,2,2,Apartment,,,
Kukatpally,Hyderabad,,10500000.0,1200.8,9691.0,4,2,Apartment,,,
Kukatpally,Hyderabad,,15385054.88252427,1940.211690056733,9691.0,3,3,Apartment,,,
Kukatpally,Hyderabad,,12920000.0,1135.0,11383.25991189427,2,2,Apartment,,,
Kukatpally,Hyderabad,,10160000.0,1135.0,8951.541850220265,2,2,Apartment,,,
Kukatpally,Hyderabad,,18000000.0,540.0,33333.0,4,5,House,,,
Kukatpally,Hyderabad,,26640000.0,4388.6,6070.27297999362,4,4,Apartment,,,
Kukatpally,Hyderabad,,18000000.0,540.0,33333.0,4,5,Plot,,,
Kukatpally,Hyderabad,,18000000.0,690.2,33333.0,4,3,Apartment,,,
Kukatpally,Hyderabad,,33333.0,1011.6,33333.0,1,1,Apartment,,,
Kukatpally,Hyderabad,,35080000.0,3252.4,10785.88119542492,4,5,Apartment,,,
Kukatpally,Hyderabad,,6640000.0,9714.4,683.5213703368196,1,1,House,,,
Kukatpally,Hyderabad,,10500000.0,1550.0,6774.0,3,3,Apartment,,,
Kukatpally,Hyderabad,,10500000.0,1200.8,6774.0,4,2,Apartment,,,
Kukatpally,Hyderabad,,15385054.88252427,1940.211690056733,6774.0,3,3,Apartment,,,
Kukatpally,Hyderabad,,9520000.0,1550.0,6141.935483870968,3,3,Apartment,,,
Kukatpally,Hyderabad,,20900000.0,1885.0,11087.0,3,3,Apartment,,,
Kukatpally,Hyderabad,,20900000.0,2677.2,11087.0,3,3,Apartment,,,
Kukatpally,Hyderabad,,11087.0,1011.6,11087.0,1,1,Apartment,,,
Kukatpally,Hyderabad,,20400000.0,1885.0,10822.28116710875,3,3,Apartment,,,
Kukatpally,Hyderabad,,21100000.0,1885.0,11193.0,3,3,Apartment,,,
Kukatpally,Hyderabad,,21100000.0,2001.0,11193.0,3,3,Apartment,,,
Kukatpally,Hyderabad,,11193.0,1011.6,11193.0,1,1,Apartment,,,
Kukatpally,Hyderabad,,20800000.0,1885.0,11034.0,3,3,Apartment,,,
Kukatpally,Hyderabad,,20800000.0,1561.8,11034.0,3,4,Apartment,,,
Kukatpally,Hyderabad,,11034.0,1011.6,11034.0,1,1,Apartment,,,
Kukatpally,Hyderabad,,20400000.0,1885.0,10822.0,3,3,Apartment,,,
Kukatpally,Hyderabad,,20400000.0,1924.0,10822.0,3,3,Apartment,,,
Kukatpally,Hyderabad,,10822.0,1011.6,10822.0,1,1,Apartment,,,
Kukatpally,Hyderabad,,20600000.0,1885.0,10928.0,3,3,Apartment,,,
Kukatpally,Hyderabad,,20600000.0,1924.0,10928.0,3,3,Apartment,,,
Kukatpally,Hyderabad,,10928.0,1011.6,10928.0,1,1,Apartment,,,
Kukatpally,Hyderabad,,21000000.0,1885.0,11140.0,3,3,Apartment,,,
Kukatpally,Hyderabad,,21000000.0,1903.0,11140.0,3,3,Apartment,,,
Kukatpally,Hyderabad,,11140.0,1011.6,11140.0,1,1,Apartment,,,
Kukatpally,Hyderabad,,20000000.0,1885.0,10610.0,3,3,Apartment,,,
Kukatpally,Hyderabad,,20000000.0,2507.6,10610.0,5,3,Apartment,,,
Kukatpally,Hyderabad,,10610.0,1011.6,10610.0,1,1,Apartment,,,
Kukatpally,Hyderabad,,18000000.0,1875.0,9600.0,3,3,Apartment,,,
Kukatpally,Hyderabad,,18000000.0,690.2,9600.0,4,3,Apartment,,,
Kukatpally,Hyderabad,,15385054.88252427,1940.211690056733,9600.0,3,3,Apartment,,,
Kukatpally,Hyderabad,,16060000.0,1875.0,8565.333333333334,3,3,Apartment,,,
Kukatpally,Hyderabad,,13960000.0,1875.0,7445.333333333333,3,3,Apartment,,,
Kukatpally,Hyderabad,,18000000.0,1766.0,10192.0,3,3,Apartment,,,
Kukatpally,Hyderabad,,18000000.0,690.2,10192.0,4,3,Apartment,,,
Kukatpally,Hyderabad,,10192.0,1011.6,10192.0,1,1,Apartment,,,
Kukatpally,Hyderabad,,13053200.0,1766.0,7391.392978482446,3,3,Apartment,,,
Kukatpally,Hyderabad,,17160000.0,1766.0,9716.87429218573,3,3,Apartment,,,
Kukatpally,Hyderabad,,24000000.0,2623.0,9149.0,3,3,Apartment,,,
Kukatpally,Hyderabad,,24000000.0,2609.2,9149.0,3,3,Apartment,,,
Kukatpally,Hyderabad,,15385054.88252427,1940.211690056733,9149.0,3,3,Apartment,,,
Kukatpally,Hyderabad,,50840000.0,2623.0,19382.38658025162,4,5,Apartment,,,
Kukatpally,Hyderabad,,15720000.0,2623.0,5993.137628669462,3,3,Apartment,,,
Kukatpally,Hyderabad,,21000000.0,2110.0,9952.0,3,3,Apartment,,,
Kukatpally,Hyderabad,,21000000.0,1903.0,9952.0,3,3,Apartment,,,
Kukatpally,Hyderabad,,15385054.88252427,1940.211690056733,9952.0,3,3,Apartment,,,
Kukatpally,Hyderabad,,12059000.0,2110.0,5715.165876777252,3,3,Apartment,,,
Kukatpally,Hyderabad,,14520000.0,2110.0,6881.516587677726,3,3,Apartment,,,
Lakdikapul,Hyderabad,,17500000.0,2460.0,7113.821138211382,4,4,Apartment,,,
Lakdikapul,Hyderabad,,16500000.0,2460.0,6707.317073170731,4,4,Apartment,,,
Lakdikapul,Hyderabad,,9600000.0,1585.0,6056.0,3,3,Apartment,,,
Lakdikapul,Hyderabad,,9960000.0,2301.0,4328.552803129074,3,3,Apartment,,,
Lakdikapul,Hyderabad,,9600000.0,1579.0,6056.0,3,3,Apartment,,,
Lakdikapul,Hyderabad,,15385054.88252427,1940.211690056733,6056.0,3,3,Apartment,,,
Lakdikapul,Hyderabad,,9900000.0,1585.0,6246.056782334384,3,3,Apartment,,,
Lakdikapul,Hyderabad,,7280000.0,2568.2,2834.670197025154,3,3,Apartment,,,
Lakdikapul,Hyderabad,,7360000.0,1585.0,4643.533123028391,3,3,Apartment,,,
Lakdikapul,Hyderabad,,31000000.0,5000.0,6200.0,8,8,Villa,,,
Lakdikapul,Hyderabad,,53600000.0,4216.4,12712.2663883882,8,7,Apartment,,,
Lakdikapul,Hyderabad,,31000000.0,5000.0,6200.0,8,8,Plot,,,
Lakdikapul,Hyderabad,,31000000.0,3503.0,6200.0,5,6,Apartment,,,
Lakdikapul,Hyderabad,,15385054.88252427,1940.211690056733,6200.0,3,3,Apartment,,,
Lakdikapul,Hyderabad,,38400000.0,5000.0,7680.0,6,7,Plot,,,
Lakdikapul,Hyderabad,,28900000.0,4120.0,7014.563106796117,8,8,Apartment,,,
Lakdikapul,Hyderabad,,5000000.0,780.0,6410.0,2,2,Apartment,,,
Lakdikapul,Hyderabad,,3600000.0,1163.0,3095.442820292348,2,2,Apartment,,,
Lakdikapul,Hyderabad,,5000000.0,822.0,6410.0,2,2,Apartment,,,
Lakdikapul,Hyderabad,,15385054.88252427,1940.211690056733,6410.0,3,3,Apartment,,,
Lakdikapul,Hyderabad,,8000000.0,780.0,10256.41025641026,2,2,Apartment,,,
Lakdikapul,Hyderabad,,9384000.0,836.0,11224.88038277512,2,2,Apartment,,,
Lakdikapul,Hyderabad,,10000000.0,1585.0,6309.0,3,2,Apartment,,,
Lakdikapul,Hyderabad,,10000000.0,1220.4,6309.0,2,3,Apartment,,,
Lakdikapul,Hyderabad,,15385054.88252427,1940.211690056733,6309.0,3,3,Apartment,,,
Lakdikapul,Hyderabad,,15000000.0,1590.0,9433.0,3,3,Apartment,,,
Lakdikapul,Hyderabad,,15000000.0,1596.0,9433.0,2,3,Apartment,,,
Lakdikapul,Hyderabad,,15385054.88252427,1940.211690056733,9433.0,3,3,Apartment,,,
Lakdikapul,Hyderabad,,12140000.0,1590.0,7635.220125786163,3,3,Apartment,,,
Lakdikapul,Hyderabad,,12856000.0,1600.0,8035.0,3,3,Apartment,,,
Lakdikapul,Hyderabad,,9500000.0,1465.0,6484.0,3,3,Apartment,,,
Lakdikapul,Hyderabad,,9500000.0,1400.0,6484.0,3,3,Apartment,,,
Lakdikapul,Hyderabad,,15385054.88252427,1940.211690056733,6484.0,3,3,Apartment,,,
Lakdikapul,Hyderabad,,10500000.0,1465.0,7167.235494880546,3,3,Apartment,,,
Lakdikapul,Hyderabad,,24300000.0,2432.0,9990.0,4,4,Apartment,,,
Lakdikapul,Hyderabad,,26640000.0,4388.6,6070.27297999362,4,4,Apartment,,,
Lakdikapul,Hyderabad,,24300000.0,2653.4,9990.0,3,3,Apartment,,,
Lakdikapul,Hyderabad,,15385054.88252427,1940.211690056733,9990.0,3,3,Apartment,,,
Lakdikapul,Hyderabad,,18160000.0,2432.0,7467.105263157895,3,3,Apartment,,,
Lakdikapul,Hyderabad,,36700000.0,3072.0,11946.61458333333,4,4,Apartment,,,
Lakdikapul,Hyderabad,,19900000.0,1989.0,9990.0,3,3,Apartment,,,
Lakdikapul,Hyderabad,,19900000.0,1989.0,9990.0,3,3,Plot,,,
Lakdikapul,Hyderabad,,19900000.0,2388.4,9990.0,3,8,Apartment,,,
Lakdikapul,Hyderabad,,15836400.0,1989.0,7961.990950226244,3,3,Plot,,,
Lakdikapul,Hyderabad,,17200000.0,1754.0,9800.0,3,3,Apartment,,,
Lakdikapul,Hyderabad,,17200000.0,1779.2,9800.0,3,3,Apartment,,,
Lakdikapul,Hyderabad,,15385054.88252427,1940.211690056733,9800.0,3,3,Apartment,,,
Lakdikapul,Hyderabad,,17760000.0,1754.0,10125.4275940707,3,3,Apartment,,,
Lakdikapul,Hyderabad,,18200000.0,1754.0,10376.0,3,3,Apartment,,,
Lakdikapul,Hyderabad,,18200000.0,1893.2,10376.0,3,3,Apartment,,,
Lakdikapul,Hyderabad,,10376.0,1011.6,10376.0,1,1,Apartment,,,
Lakdikapul,Hyderabad,,23000000.0,2250.0,10222.0,3,3,Apartment,,,
Lakdikapul,Hyderabad,,23000000.0,10195.625,10222.0,4,4,Apartment,,,
Lakdikapul,Hyderabad,,10222.0,1011.6,10222.0,1,1,Apartment,,,
Lakdikapul,Hyderabad,,37400000.0,2250.0,16622.22222222222,2,4,Apartment,,,
Lakdikapul,Hyderabad,,8130000.0,1084.0,7500.0,2,2,Apartment,,,
Lakdikapul,Hyderabad,,8130000.0,1421.4,7500.0,2,2,Apartment,,,
Lakdikapul,Hyderabad,,15385054.88252427,1940.211690056733,7500.0,3,3,Apartment,,,
Lakdikapul,Hyderabad,,6632000.0,1084.0,6118.081180811808,2,2,Apartment,,,
Lakdikapul,Hyderabad,,7552000.0,1084.0,6966.789667896679,2,2,Apartment,,,
Lakdikapul,Hyderabad,,12000000.0,1603.0,7485.0,3,3,Apartment,,,
Lakdikapul,Hyderabad,,12000000.0,1729.6,7485.0,4,2,Apartment,,,
Lakdikapul,Hyderabad,,15385054.88252427,1940.211690056733,7485.0,3,3,Apartment,,,
Lakdikapul,Hyderabad,,10660400.0,1603.0,6650.280723643169,3,3,Apartment,,,
Lakdikapul,Hyderabad,,12860400.0,1603.0,8022.707423580786,3,3,Apartment,,,
Lakdikapul,Hyderabad,,5500000.0,1050.0,6875.0,2,2,Apartment,,,
Lakdikapul,Hyderabad,,5500000.0,1024.4,6875.0,3,2,Apartment,,,
Lakdikapul,Hyderabad,,15385054.88252427,1940.211690056733,6875.0,3,3,Apartment,,,
Lakdikapul,Hyderabad,,6240000.0,1050.0,5942.857142857143,2,2,Apartment,,,
Lakdikapul,Hyderabad,,15000000.0,1875.0,8000.0,3,3,Plot,,,
Lakdikapul,Hyderabad,,15000000.0,1596.0,8000.0,2,3,Apartment,,,
Lakdikapul,Hyderabad,,15385054.88252427,1940.211690056733,8000.0,3,3,Apartment,,,
Lakdikapul,Hyderabad,,16060000.0,1875.0,8565.333333333334,3,3,Plot,,,
Lakdikapul,Hyderabad,,15385054.88252427,1940.211690056733,7929.575397040516,3,3,Plot,,,
Lakdikapul,Hyderabad,,5500000.0,1360.0,4044.0,2,2,House,,,
Lakdikapul,Hyderabad,,3600000.0,1163.0,3095.442820292348,2,2,House,,,
Lakdikapul,Hyderabad,,5500000.0,1360.0,4044.0,2,2,Apartment,,,
Lakdikapul,Hyderabad,,5500000.0,1024.4,4044.0,3,2,Apartment,,,
Lakdikapul,Hyderabad,,15385054.88252427,1940.211690056733,4044.0,3,3,Apartment,,,
Lakdikapul,Hyderabad,,7000000.0,1360.0,5147.058823529412,3,2,Apartment,,,
Lakdikapul,Hyderabad,,6220000.0,1360.0,4573.529411764706,2,2,House,,,
Lakdikapul,Hyderabad,,19000000.0,2700.0,7037.0,6,6,Apartment,,,
Lakdikapul,Hyderabad,,48600000.0,4050.0,12000.0,6,6,Apartment,,,
Lakdikapul,Hyderabad,,19000000.0,3729.2,7037.0,4,4,Apartment,,,
Lakdikapul,Hyderabad,,15385054.88252427,1940.211690056733,7037.0,3,3,Apartment,,,
Lakdikapul,Hyderabad,,35281000.0,2700.0,13067.03703703704,4,4,Apartment,,,
Lakdikapul,Hyderabad,,56600000.0,2041.2,27728.78698804625,6,6,Apartment,,,
Lakdikapul,Hyderabad,,20041000.0,2700.0,7422.592592592592,6,6,Apartment,,,
Lakdikapul,Hyderabad,,11500000.0,1500.0,7666.0,3,3,House,,,
Lakdikapul,Hyderabad,,9960000.0,2301.0,4328.552803129074,3,3,House,,,
Lakdikapul,Hyderabad,,11500000.0,1500.0,7666.0,3,3,Apartment,,,
Lakdikapul,Hyderabad,,11500000.0,1464.0,7666.0,3,3,Apartment,,,
Lakdikapul,Hyderabad,,15385054.88252427,1940.211690056733,7666.0,3,3,Apartment,,,
Lakdikapul,Hyderabad,,9080000.0,1500.0,6053.333333333333,3,3,Apartment,,,
Lakdikapul,Hyderabad,,9000000.0,1500.0,6000.0,3,3,House,,,
Lakdikapul,Hyderabad,,5900000.0,1160.0,5086.0,2,2,Apartment,,,
Lakdikapul,Hyderabad,,5900000.0,1027.0,5086.0,2,2,Apartment,,,
Lakdikapul,Hyderabad,,15385054.88252427,1940.211690056733,5086.0,3,3,Apartment,,,
Lakdikapul,Hyderabad,,6680000.0,1160.0,5758.620689655172,2,2,Apartment,,,
Lakdikapul,Hyderabad,,7320000.0,1160.0,6310.344827586207,2,2,Apartment,,,
Lakdikapul,Hyderabad,,5500000.0,1020.0,5392.0,2,2,House,,,
Lakdikapul,Hyderabad,,5500000.0,1020.0,5392.0,2,2,Apartment,,,
Lakdikapul,Hyderabad,,5500000.0,1024.4,5392.0,3,2,Apartment,,,
Lakdikapul,Hyderabad,,15385054.88252427,1940.211690056733,5392.0,3,3,Apartment,,,
Lakdikapul,Hyderabad,,5780000.0,1020.0,5666.666666666667,2,2,Apartment,,,
Lakdikapul,Hyderabad,,9384000.0,836.0,11224.88038277512,2,2,House,,,
Lakdikapul,Hyderabad,,9700000.0,1220.0,7950.0,2,2,Plot,,,
Lakdikapul,Hyderabad,,9700000.0,1434.0,7950.0,3,2,Apartment,,,
Lakdikapul,Hyderabad,,15385054.88252427,1940.211690056733,7950.0,3,3,Apartment,,,
Lakdikapul,Hyderabad,,8100000.0,1220.0,6639.344262295082,3,2,Plot,,,
Lakdikapul,Hyderabad,,7000000.0,1150.0,6086.0,2,2,Apartment,,,
Lakdikapul,Hyderabad,,7000000.0,1121.0,6086.0,2,2,Apartment,,,
Lakdikapul,Hyderabad,,15385054.88252427,1940.211690056733,6086.0,3,3,Apartment,,,
Lakdikapul,Hyderabad,,7360000.0,1150.0,6400.0,3,2,Apartment,,,
Lakdikapul,Hyderabad,,3100000.0,692.0,4479.0,1,1,Apartment,,,
Lakdikapul,Hyderabad,,6640000.0,9714.4,683.5213703368196,1,1,Apartment,,,
Lakdikapul,Hyderabad,,3100000.0,609.6,4479.0,1,1,Apartment,,,
Lakdikapul,Hyderabad,,15385054.88252427,1940.211690056733,4479.0,3,3,Apartment,,,
Lakdikapul,Hyderabad,,4080000.0,692.0,5895.953757225434,1,1,Apartment,,,
Lakdikapul,Hyderabad,,19520000.0,5987.2,3260.288615713522,1,1,Apartment,,,
Lakdikapul,Hyderabad,,5980000.0,692.0,8641.618497109826,1,1,Apartment,,,
Lakdikapul,Hyderabad,,14000000.0,1854.0,7551.0,3,3,Apartment,,,
Lakdikapul,Hyderabad,,14000000.0,1493.0,7551.0,3,3,Apartment,,,
Lakdikapul,Hyderabad,,15385054.88252427,1940.211690056733,7551.0,3,3,Apartment,,,
Lakdikapul,Hyderabad,,14720000.0,1854.0,7939.590075512406,3,2,Apartment,,,
Lakdikapul,Hyderabad,,5200000.0,1500.0,3466.0,3,2,Villa,,,
Lakdikapul,Hyderabad,,5200000.0,1500.0,3466.0,3,2,Plot,,,
Lakdikapul,Hyderabad,,5200000.0,1289.6,3466.0,2,2,Apartment,,,
Lakdikapul,Hyderabad,,15385054.88252427,1940.211690056733,3466.0,3,3,Apartment,,,
Lakdikapul,Hyderabad,,6000000.0,1100.0,5454.0,3,2,Apartment,,,
Lakdikapul,Hyderabad,,6000000.0,1387.2,5454.0,2,2,Apartment,,,
Lakdikapul,Hyderabad,,15385054.88252427,1940.211690056733,5454.0,3,3,Apartment,,,
Lakdikapul,Hyderabad,,6940000.0,1100.0,6309.090909090909,2,2,Apartment,,,
Lakdikapul,Hyderabad,,9740000.0,1100.0,8854.545454545454,3,2,Apartment,,,
Lakdikapul,Hyderabad,,5000000.0,950.0,5263.0,2,2,Apartment,,,
Lakdikapul,Hyderabad,,5000000.0,822.0,5263.0,2,2,Apartment,,,
Lakdikapul,Hyderabad,,15385054.88252427,1940.211690056733,5263.0,3,3,Apartment,,,
Lakdikapul,Hyderabad,,4920000.0,950.0,5178.947368421052,2,2,Apartment,,,
Lakdikapul,Hyderabad,,6900000.0,1100.0,6272.0,3,2,Apartment,,,
Lakdikapul,Hyderabad,,6900000.0,1060.0,6272.0,3,2,Apartment,,,
Lakdikapul,Hyderabad,,15385054.88252427,1940.211690056733,6272.0,3,3,Apartment,,,
Lakdikapul,Hyderabad,,8000000.0,1553.0,5151.0,3,3,Apartment,,,
Lakdikapul,Hyderabad,,8000000.0,937.4,5151.0,2,2,Apartment,,,
Lakdikapul,Hyderabad,,15385054.88252427,1940.211690056733,5151.0,3,3,Apartment,,,
Lakdikapul,Hyderabad,,9200000.0,1553.0,5924.018029620091,3,3,Apartment,,,
Lakdikapul,Hyderabad,,4000000.0,950.0,4210.0,2,2,Apartment,,,
Lakdikapul,Hyderabad,,4000000.0,605.6,4210.0,2,2,Apartment,,,
Lakdikapul,Hyderabad,,15385054.88252427,1940.211690056733,4210.0,3,3,Apartment,,,
Lakdikapul,Hyderabad,,4000000.0,900.0,4444.0,2,2,Apartment,,,
Lakdikapul,Hyderabad,,4000000.0,605.6,4444.0,2,2,Apartment,,,
Lakdikapul,Hyderabad,,15385054.88252427,1940.211690056733,4444.0,3,3,Apartment,,,
Lakdikapul,Hyderabad,,7460000.0,900.0,8288.888888888889,2,2,Apartment,,,
Lakdikapul,Hyderabad,,7000000.0,1130.0,6194.0,2,2,Apartment,,,
Lakdikapul,Hyderabad,,7000000.0,1121.0,6194.0,2,2,Apartment,,,
Lakdikapul,Hyderabad,,15385054.88252427,1940.211690056733,6194.0,3,3,Apartment,,,
Lakdikapul,Hyderabad,,9200000.0,1130.0,8141.592920353983,2,2,Apartment,,,
Lakdikapul,Hyderabad,,8200000.0,1130.0,7256.637168141593,2,2,Apartment,,,
Lakdikapul,Hyderabad,,4600000.0,910.0,5054.0,2,2,Apartment,,,
Lakdikapul,Hyderabad,,4600000.0,994.0,5054.0,2,2,Apartment,,,
Lakdikapul,Hyderabad,,15385054.88252427,1940.211690056733,5054.0,3,3,Apartment,,,
Lakdikapul,Hyderabad,,4640000.0,910.0,5098.901098901099,2,2,Apartment,,,
Lakdikapul,Hyderabad,,7800000.0,1296.0,6018.0,2,2,Apartment,,,
Lakdikapul,Hyderabad,,7800000.0,1283.0,6018.0,2,2,Apartment,,,
Lakdikapul,Hyderabad,,15385054.88252427,1940.211690056733,6018.0,3,3,Apartment,,,
Lakdikapul,Hyderabad,,9400000.0,1296.0,7253.086419753086,2,2,Apartment,,,
Lakdikapul,Hyderabad,,6880000.0,1296.0,5308.641975308642,2,2,Apartment,,,
Lakdikapul,Hyderabad,,7850000.0,1250.0,6280.0,3,2,Apartment,,,
Lakdikapul,Hyderabad,,7850000.0,1210.8,6280.0,2,2,Apartment,,,
Lakdikapul,Hyderabad,,15385054.88252427,1940.211690056733,6280.0,3,3,Apartment,,,
Lakdikapul,Hyderabad,,6450000.0,1250.0,5160.0,2,2,Apartment,,,
Lakdikapul,Hyderabad,,7500000.0,1111.0,6750.0,2,2,Apartment,,,
Lakdikapul,Hyderabad,,7500000.0,1248.8,6750.0,3,2,Apartment,,,
Lakdikapul,Hyderabad,,15385054.88252427,1940.211690056733,6750.0,3,3,Apartment,,,
Lakdikapul,Hyderabad,,7320000.0,1111.0,6588.658865886589,2,2,Apartment,,,
Lakdikapul,Hyderabad,,8960000.0,1111.0,8064.806480648065,2,2,Apartment,,,
Lakdikapul,Hyderabad,,5500000.0,1100.0,5000.0,2,2,Apartment,,,
Lakdikapul,Hyderabad,,5500000.0,1024.4,5000.0,3,2,Apartment,,,
Lakdikapul,Hyderabad,,15385054.88252427,1940.211690056733,5000.0,3,3,Apartment,,,
Lakdikapul,Hyderabad,,7435800.0,1100.0,6759.818181818182,2,2,Apartment,,,
Lakdikapul,Hyderabad,,5500000.0,1200.0,4583.0,2,2,Apartment,,,
Lakdikapul,Hyderabad,,5500000.0,1024.4,4583.0,3,2,Apartment,,,
Lakdikapul,Hyderabad,,15385054.88252427,1940.211690056733,4583.0,3,3,Apartment,,,
Lakdikapul,Hyderabad,,7840000.0,1200.0,6533.333333333333,2,2,Apartment,,,
Lakdikapul,Hyderabad,,7611200.0,810.0,9396.543209876543,2,2,Apartment,,,
Lakdikapul,Hyderabad,,5200000.0,1100.0,4727.0,2,2,Apartment,,,
Lakdikapul,Hyderabad,,5200000.0,1289.6,4727.0,2,2,Apartment,,,
Lakdikapul,Hyderabad,,15385054.88252427,1940.211690056733,4727.0,3,3,Apartment,,,
Lakdikapul,Hyderabad,,5500000.0,1000.0,5500.0,2,2,Apartment,,,
Lakdikapul,Hyderabad,,5500000.0,1024.4,5500.0,3,2,Apartment,,,
Lakdikapul,Hyderabad,,15385054.88252427,1940.211690056733,5500.0,3,3,Apartment,,,
Lakdikapul,Hyderabad,,4940000.0,1000.0,4940.0,3,2,Apartment,,,
Lakdikapul,Hyderabad,,8210000.0,1000.0,8210.0,2,2,Apartment,,,
Lakdikapul,Hyderabad,,5500000.0,900.0,6111.0,2,2,Apartment,,,
Lakdikapul,Hyderabad,,5500000.0,1024.4,6111.0,3,2,Apartment,,,
Lakdikapul,Hyderabad,,15385054.88252427,1940.211690056733,6111.0,3,3,Apartment,,,
Lakdikapul,Hyderabad,,5500000.0,960.0,5729.0,2,2,Apartment,,,
Lakdikapul,Hyderabad,,5500000.0,1024.4,5729.0,3,2,Apartment,,,
Lakdikapul,Hyderabad,,15385054.88252427,1940.211690056733,5729.0,3,3,Apartment,,,
Lakdikapul,Hyderabad,,6540000.0,960.0,6812.5,2,2,Apartment,,,
Lakdikapul,Hyderabad,,7500000.0,1300.0,5769.0,3,2,Apartment,,,
Lakdikapul,Hyderabad,,7500000.0,1248.8,5769.0,3,2,Apartment,,,
Lakdikapul,Hyderabad,,15385054.88252427,1940.211690056733,5769.0,3,3,Apartment,,,
Lakdikapul,Hyderabad,,6530000.0,1300.0,5023.076923076923,3,3,Apartment,,,
Lakdikapul,Hyderabad,,6300000.0,1300.0,4846.153846153846,3,2,Apartment,,,
Lakdikapul,Hyderabad,,8000000.0,1130.0,7079.0,2,2,Apartment,,,
Lakdikapul,Hyderabad,,8000000.0,937.4,7079.0,2,2,Apartment,,,
Lakdikapul,Hyderabad,,15385054.88252427,1940.211690056733,7079.0,3,3,Apartment,,,
Lakdikapul,Hyderabad,,4300000.0,680.0,6323.0,2,2,Apartment,,,
Lakdikapul,Hyderabad,,4300000.0,768.0,6323.0,2,2,Apartment,,,
Lakdikapul,Hyderabad,,15385054.88252427,1940.211690056733,6323.0,3,3,Apartment,,,
Lakdikapul,Hyderabad,,4900000.0,680.0,7205.882352941177,2,2,Apartment,,,
Lakdikapul,Hyderabad,,7680000.0,680.0,11294.11764705882,2,2,Apartment,,,
Lakdikapul,Hyderabad,,5500000.0,1250.0,4400.0,3,2,Apartment,,,
Lakdikapul,Hyderabad,,5500000.0,1024.4,4400.0,3,2,Apartment,,,
Lakdikapul,Hyderabad,,15385054.88252427,1940.211690056733,4400.0,3,3,Apartment,,,
Lakdikapul,Hyderabad,,8520000.0,1250.0,6816.0,3,2,Apartment,,,
Lakdikapul,Hyderabad,,5500000.0,1300.0,4230.0,3,2,Apartment,,,
Lakdikapul,Hyderabad,,5500000.0,1024.4,4230.0,3,2,Apartment,,,
Lakdikapul,Hyderabad,,15385054.88252427,1940.211690056733,4230.0,3,3,Apartment,,,
Lakdikapul,Hyderabad,,7000000.0,1350.0,5185.0,3,3,Apartment,,,
Lakdikapul,Hyderabad,,7000000.0,1121.0,5185.0,2,2,Apartment,,,
Lakdikapul,Hyderabad,,15385054.88252427,1940.211690056733,5185.0,3,3,Apartment,,,
Lakdikapul,Hyderabad,,7690000.0,1350.0,5696.296296296297,3,4,Apartment,,,
Lakdikapul,Hyderabad,,10470000.0,1350.0,7755.555555555556,3,3,Apartment,,,
Lakdikapul,Hyderabad,,7000000.0,1300.0,5384.0,3,3,Apartment,,,
Lakdikapul,Hyderabad,,7000000.0,1121.0,5384.0,2,2,Apartment,,,
Lakdikapul,Hyderabad,,15385054.88252427,1940.211690056733,5384.0,3,3,Apartment,,,
Lakdikapul,Hyderabad,,5000000.0,1050.0,4761.0,2,2,Apartment,,,
Lakdikapul,Hyderabad,,5000000.0,822.0,4761.0,2,2,Apartment,,,
Lakdikapul,Hyderabad,,15385054.88252427,1940.211690056733,4761.0,3,3,Apartment,,,
Lakdikapul,Hyderabad,,7000000.0,1200.0,5833.0,3,2,Apartment,,,
Lakdikapul,Hyderabad,,7000000.0,1121.0,5833.0,2,2,Apartment,,,
Lakdikapul,Hyderabad,,15385054.88252427,1940.211690056733,5833.0,3,3,Apartment,,,
Lakdikapul,Hyderabad,,7000000.0,980.0,7142.0,2,2,Apartment,,,
Lakdikapul,Hyderabad,,7000000.0,1121.0,7142.0,2,2,Apartment,,,
Lakdikapul,Hyderabad,,15385054.88252427,1940.211690056733,7142.0,3,3,Apartment,,,
Lakdikapul,Hyderabad,,9600000.0,980.0,9795.918367346938,2,2,Apartment,,,
Lakdikapul,Hyderabad,,7100000.0,960.0,7395.0,2,2,Apartment,,,
Lakdikapul,Hyderabad,,7100000.0,1366.0,7395.0,3,2,Apartment,,,
Lakdikapul,Hyderabad,,15385054.88252427,1940.211690056733,7395.0,3,3,Apartment,,,
Lakdikapul,Hyderabad,,6340000.0,960.0,6604.166666666667,2,2,Apartment,,,
Lakdikapul,Hyderabad,,5500000.0,1380.0,3985.0,3,2,Apartment,,,
Lakdikapul,Hyderabad,,5500000.0,1024.4,3985.0,3,2,Apartment,,,
Lakdikapul,Hyderabad,,15385054.88252427,1940.211690056733,3985.0,3,3,Apartment,,,
Lakdikapul,Hyderabad,,7300000.0,1380.0,5289.855072463768,3,2,Apartment,,,
Lakdikapul,Hyderabad,,8320000.0,1380.0,6028.985507246377,3,3,Apartment,,,
Lakdikapul,Hyderabad,,7973999.999999999,1329.0,6000.0,1,1,Apartment,,,
Lakdikapul,Hyderabad,,7973999.999999999,1269.6,6000.0,1,2,Apartment,,,
Lakdikapul,Hyderabad,,15385054.88252427,1940.211690056733,6000.0,3,3,Apartment,,,
Lakdikapul,Hyderabad,,8329600.0,1329.0,6267.569601203912,1,1,Apartment,,,
Lakdikapul,Hyderabad,,6329600.0,1329.0,4762.67870579383,1,1,Apartment,,,
Malakpet,Hyderabad,,15000000.0,1980.0,7575.0,3,3,Apartment,,,
Malakpet,Hyderabad,,9960000.0,2301.0,4328.552803129074,3,3,Apartment,,,
Malakpet,Hyderabad,,15000000.0,1596.0,7575.0,2,3,Apartment,,,
Malakpet,Hyderabad,,15385054.88252427,1940.211690056733,7575.0,3,3,Apartment,,,
Malakpet,Hyderabad,,25768000.0,1980.0,13014.14141414141,3,3,Apartment,,,
Malakpet,Hyderabad,,7280000.0,2568.2,2834.670197025154,3,3,Apartment,,,
Malakpet,Hyderabad,,11888000.0,1980.0,6004.040404040404,3,3,Apartment,,,
Malakpet,Hyderabad,,8500000.0,1199.0,7089.0,3,3,Apartment,,,
Malakpet,Hyderabad,,8500000.0,1363.2,7089.0,3,2,Apartment,,,
Malakpet,Hyderabad,,15385054.88252427,1940.211690056733,7089.0,3,3,Apartment,,,
Malakpet,Hyderabad,,7720000.0,1199.0,6438.698915763136,3,3,Apartment,,,
Malakpet,Hyderabad,,13360000.0,1199.0,11142.61884904087,3,3,Apartment,,,
Malakpet,Hyderabad,,54000000.0,4374.0,12346.0,10,9,Plot,,,
Malakpet,Hyderabad,,41800000.0,4212.8,9922.14204329662,10,9,Apartment,,,
Malakpet,Hyderabad,,54000000.0,3013.4,12346.0,6,6,Apartment,,,
Malakpet,Hyderabad,,12346.0,1011.6,12346.0,1,1,Apartment,,,
Malakpet,Hyderabad,,25648800.0,4374.0,5863.923182441701,6,5,Plot,,,
Malakpet,Hyderabad,,54600000.0,2351.6,23218.23439360435,10,9,Apartment,,,
Malakpet,Hyderabad,,26640000.0,4388.6,6070.27297999362,4,4,Apartment,,,
Malakpet,Hyderabad,,9700000.0,1785.0,5434.0,3,2,Apartment,,,
Malakpet,Hyderabad,,9700000.0,1434.0,5434.0,3,2,Apartment,,,
Malakpet,Hyderabad,,15385054.88252427,1940.211690056733,5434.0,3,3,Apartment,,,
Malakpet,Hyderabad,,9684200.0,1785.0,5425.322128851541,3,3,Apartment,,,
Malakpet,Hyderabad,,10000000.0,1529.8,6536.802196365538,3,2,Apartment,,,
Malakpet,Hyderabad,,16000000.0,1800.0,8888.0,5,3,Plot,,,
Malakpet,Hyderabad,,16000000.0,1673.0,8888.0,4,2,Apartment,,,
Malakpet,Hyderabad,,15385054.88252427,1940.211690056733,8888.0,3,3,Apartment,,,
Malakpet,Hyderabad,,16240000.0,1800.0,9022.222222222224,4,4,Plot,,,
Malakpet,Hyderabad,,15385054.88252427,1940.211690056733,7929.575397040516,3,3,Plot,,,
Malakpet,Hyderabad,,4000000.0,862.0,4640.0,2,2,Apartment,,,
Malakpet,Hyderabad,,3600000.0,1163.0,3095.442820292348,2,2,Apartment,,,
Malakpet,Hyderabad,,4000000.0,605.6,4640.0,2,2,Apartment,,,
Malakpet,Hyderabad,,15385054.88252427,1940.211690056733,4640.0,3,3,Apartment,,,
Malakpet,Hyderabad,,4000000.0,862.0,4640.371229698376,2,2,Apartment,,,
Malakpet,Hyderabad,,9384000.0,836.0,11224.88038277512,2,2,Apartment,,,
Malakpet,Hyderabad,,22500000.0,954.0,23584.0,4,5,House,,,
Malakpet,Hyderabad,,22500000.0,954.0,23584.0,4,5,Plot,,,
Malakpet,Hyderabad,,22500000.0,1890.0,23584.0,3,3,Apartment,,,
Malakpet,Hyderabad,,23584.0,1011.6,23584.0,1,1,Apartment,,,
Malakpet,Hyderabad,,13800000.0,954.0,14465.40880503145,4,4,Plot,,,
Malakpet,Hyderabad,,35080000.0,3252.4,10785.88119542492,4,5,Apartment,,,
Malakpet,Hyderabad,,12560000.0,106.0,44211.83576956148,4,5,House,,,
Malakpet,Hyderabad,,81000000.0,3600.0,5062.0,3,3,House,,,
Malakpet,Hyderabad,,15385054.88252427,1940.211690056733,7929.575397040516,3,3,Apartment,,,
Malakpet,Hyderabad,,81000000.0,3600.0,5062.0,3,3,Plot,,,
Malakpet,Hyderabad,,81000000.0,3926.0,5062.0,4,5,Apartment,,,
Malakpet,Hyderabad,,15385054.88252427,1940.211690056733,5062.0,3,3,Apartment,,,
Malakpet,Hyderabad,,40200000.0,3600.0,11166.66666666667,3,4,Plot,,,
Malakpet,Hyderabad,,3600000.0,1163.0,3095.442820292348,2,2,House,,,
Malakpet,Hyderabad,,4800000.0,1800.0,2667.0,3,3,Plot,,,
Malakpet,Hyderabad,,4800000.0,1203.0,2667.0,2,2,Apartment,,,
Malakpet,Hyderabad,,15385054.88252427,1940.211690056733,2667.0,3,3,Apartment,,,
Malakpet,Hyderabad,,8500000.0,1300.0,6538.0,3,3,Apartment,,,
Malakpet,Hyderabad,,8500000.0,1363.2,6538.0,3,2,Apartment,,,
Malakpet,Hyderabad,,15385054.88252427,1940.211690056733,6538.0,3,3,Apartment,,,
Malakpet,Hyderabad,,6530000.0,1300.0,5023.076923076923,3,3,Apartment,,,
Malakpet,Hyderabad,,10000000.0,1071.0,9337.0,2,1,House,,,
Malakpet,Hyderabad,,10000000.0,1071.0,9337.0,2,1,Apartment,,,
Malakpet,Hyderabad,,10000000.0,1220.4,9337.0,2,3,Apartment,,,
Malakpet,Hyderabad,,15385054.88252427,1940.211690056733,9337.0,3,3,Apartment,,,
Malakpet,Hyderabad,,7440000.0,1071.0,6946.778711484594,2,2,Apartment,,,
Malakpet,Hyderabad,,4100000.0,866.0,4734.0,2,2,Apartment,,,
Malakpet,Hyderabad,,4100000.0,1059.2,4734.0,2,2,Apartment,,,
Malakpet,Hyderabad,,15385054.88252427,1940.211690056733,4734.0,3,3,Apartment,,,
Malakpet,Hyderabad,,4040000.0,866.0,4665.127020785219,2,2,Apartment,,,
Malakpet,Hyderabad,,7760000.0,866.0,8960.739030023095,2,2,Apartment,,,
Malakpet,Hyderabad,,6100000.0,975.0,6256.0,2,2,Apartment,,,
Malakpet,Hyderabad,,6100000.0,929.6,6256.0,2,2,Apartment,,,
Malakpet,Hyderabad,,15385054.88252427,1940.211690056733,6256.0,3,3,Apartment,,,
Malakpet,Hyderabad,,5660000.0,975.0,5805.128205128205,2,2,Apartment,,,
Malakpet,Hyderabad,,2800000.0,720.0,3889.0,1,1,Plot,,,
Malakpet,Hyderabad,,2800000.0,720.0,3889.0,3,2,Plot,,,
Malakpet,Hyderabad,,2800000.0,972.0,3889.0,1,1,Apartment,,,
Malakpet,Hyderabad,,15385054.88252427,1940.211690056733,3889.0,3,3,Apartment,,,
Malakpet,Hyderabad,,9800000.0,720.0,13611.11111111111,3,3,Plot,,,
Malakpet,Hyderabad,,6640000.0,9714.4,683.5213703368196,1,1,Plot,,,
Malakpet,Hyderabad,,9600000.0,1440.0,6667.0,3,3,Plot,,,
Malakpet,Hyderabad,,9600000.0,1579.0,6667.0,3,3,Apartment,,,
Malakpet,Hyderabad,,15385054.88252427,1940.211690056733,6667.0,3,3,Apartment,,,
Malakpet,Hyderabad,,11520000.0,1440.0,8000.0,3,3,Plot,,,
Malakpet,Hyderabad,,25000000.0,1800.0,13889.0,8,8,Plot,,,
Malakpet,Hyderabad,,53600000.0,4216.4,12712.2663883882,8,7,Apartment,,,
Malakpet,Hyderabad,,25000000.0,2600.4,13889.0,3,4,Apartment,,,
Malakpet,Hyderabad,,13889.0,1011.6,13889.0,1,1,Apartment,,,
Malakpet,Hyderabad,,28900000.0,4120.0,7014.563106796117,8,8,Apartment,,,
Malakpet,Hyderabad,,9900000.0,2540.0,3897.0,7,5,House,,,
Malakpet,Hyderabad,,33200000.0,4706.0,7054.823629409265,7,7,House,,,
Malakpet,Hyderabad,,9900000.0,2540.0,3897.0,7,5,Apartment,,,
Malakpet,Hyderabad,,9900000.0,1676.0,3897.0,4,3,Apartment,,,
Malakpet,Hyderabad,,15385054.88252427,1940.211690056733,3897.0,3,3,Apartment,,,
Malakpet,Hyderabad,,25160000.0,2540.0,9905.511811023622,6,5,Apartment,,,
Malakpet,Hyderabad,,44160000.0,3924.0,11253.82262996942,7,5,Apartment,,,
Malakpet,Hyderabad,,7320000.0,2540.0,2881.889763779528,7,5,House,,,
Malakpet,Hyderabad,,9000000.0,720.0,12500.0,5,3,House,,,
Malakpet,Hyderabad,,46000000.0,3877.2,11864.23191994223,5,5,House,,,
Malakpet,Hyderabad,,9000000.0,720.0,12500.0,5,3,Apartment,,,
Malakpet,Hyderabad,,9000000.0,1118.0,12500.0,3,2,Apartment,,,
Malakpet,Hyderabad,,12500.0,1011.6,12500.0,1,1,Apartment,,,
Malakpet,Hyderabad,,41900000.0,3294.0,12720.09714632665,5,3,Apartment,,,
Malakpet,Hyderabad,,5160000.0,720.0,7166.666666666667,5,3,House,,,
Malakpet,Hyderabad,,4500000.0,965.0,4663.0,2,2,Apartment,,,
Malakpet,Hyderabad,,4500000.0,995.8,4663.0,3,2,Apartment,,,
Malakpet,Hyderabad,,15385054.88252427,1940.211690056733,4663.0,3,3,Apartment,,,
Malakpet,Hyderabad,,4700000.0,965.0,4870.466321243523,2,2,Apartment,,,
Malakpet,Hyderabad,,6100000.0,965.0,6321.243523316062,2,2,Apartment,,,
Malakpet,Hyderabad,,7500000.0,1818.0,4125.0,3,3,Plot,,,
Malakpet,Hyderabad,,7500000.0,1248.8,4125.0,3,2,Apartment,,,
Malakpet,Hyderabad,,15385054.88252427,1940.211690056733,4125.0,3,3,Apartment,,,
Malakpet,Hyderabad,,10504800.0,1818.0,5778.217821782178,3,3,Plot,,,
Malakpet,Hyderabad,,6000000.0,1020.0,5882.0,2,2,Apartment,,,
Malakpet,Hyderabad,,6000000.0,1387.2,5882.0,2,2,Apartment,,,
Malakpet,Hyderabad,,15385054.88252427,1940.211690056733,5882.0,3,3,Apartment,,,
Malakpet,Hyderabad,,5780000.0,1020.0,5666.666666666667,2,2,Apartment,,,
Malakpet,Hyderabad,,11200000.0,1440.0,7778.0,3,3,Plot,,,
Malakpet,Hyderabad,,11200000.0,1746.0,7778.0,3,2,Apartment,,,
Malakpet,Hyderabad,,15385054.88252427,1940.211690056733,7778.0,3,3,Apartment,,,
Malakpet,Hyderabad,,4500000.0,1000.0,4500.0,4,2,Apartment,,,
Malakpet,Hyderabad,,4500000.0,995.8,4500.0,3,2,Apartment,,,
Malakpet,Hyderabad,,15385054.88252427,1940.211690056733,4500.0,3,3,Apartment,,,
Malakpet,Hyderabad,,4940000.0,1000.0,4940.0,3,2,Apartment,,,
Malakpet,Hyderabad,,8300000.0,1080.0,7685.0,2,2,Apartment,,,
Malakpet,Hyderabad,,8300000.0,1139.0,7685.0,2,2,Apartment,,,
Malakpet,Hyderabad,,15385054.88252427,1940.211690056733,7685.0,3,3,Apartment,,,
Malakpet,Hyderabad,,4400000.0,1080.0,4074.074074074074,2,3,Apartment,,,
Malakpet,Hyderabad,,6416000.0,1080.0,5940.740740740741,2,2,Apartment,,,
Malakpet,Hyderabad,,25000000.0,2034.0,12291.0,2,3,House,,,
Malakpet,Hyderabad,,25000000.0,2034.0,12291.0,2,3,Plot,,,
Malakpet,Hyderabad,,25000000.0,2600.4,12291.0,3,4,Apartment,,,
Malakpet,Hyderabad,,12291.0,1011.6,12291.0,1,1,Apartment,,,
Malakpet,Hyderabad,,20680000.0,2034.0,10167.15830875123,3,3,Plot,,,
Malakpet,Hyderabad,,10200000.0,1534.0,6671.0,3,2,Apartment,,,
Malakpet,Hyderabad,,10200000.0,1495.0,6671.0,3,2,Apartment,,,
Malakpet,Hyderabad,,15385054.88252427,1940.211690056733,6671.0,3,3,Apartment,,,
Malakpet,Hyderabad,,10380000.0,1534.0,6766.623207301173,3,2,Apartment,,,
Malakpet,Hyderabad,,12760000.0,1534.0,8318.122555410691,3,2,Apartment,,,
Malakpet,Hyderabad,,10700000.0,1534.0,6961.0,3,3,Apartment,,,
Malakpet,Hyderabad,,10700000.0,1515.2,6961.0,3,3,Apartment,,,
Malakpet,Hyderabad,,15385054.88252427,1940.211690056733,6961.0,3,3,Apartment,,,
Malakpet,Hyderabad,,10500000.0,1534.0,6816.0,3,3,Apartment,,,
Malakpet,Hyderabad,,10500000.0,1200.8,6816.0,4,2,Apartment,,,
Malakpet,Hyderabad,,15385054.88252427,1940.211690056733,6816.0,3,3,Apartment,,,
Malakpet,Hyderabad,,10300000.0,1588.0,6486.0,3,3,Apartment,,,
Malakpet,Hyderabad,,10300000.0,1773.0,6486.0,3,3,Apartment,,,
Malakpet,Hyderabad,,15385054.88252427,1940.211690056733,6486.0,3,3,Apartment,,,
Malakpet,Hyderabad,,11160000.0,1588.0,7027.707808564232,3,3,Apartment,,,
Malakpet,Hyderabad,,8920000.0,1588.0,5617.128463476071,3,3,Apartment,,,
Malakpet,Hyderabad,,10100000.0,1588.0,6360.0,3,3,Apartment,,,
Malakpet,Hyderabad,,10100000.0,2249.2,6360.0,3,2,Apartment,,,
Malakpet,Hyderabad,,15385054.88252427,1940.211690056733,6360.0,3,3,Apartment,,,
Malakpet,Hyderabad,,10000000.0,1534.0,6518.0,3,3,Apartment,,,
Malakpet,Hyderabad,,10000000.0,1220.4,6518.0,2,3,Apartment,,,
Malakpet,Hyderabad,,15385054.88252427,1940.211690056733,6518.0,3,3,Apartment,,,
Malakpet,Hyderabad,,500000.0,1011.6,494.266508501384,1,1,Plot,,,
Malakpet,Hyderabad,,500000.0,1011.6,494.266508501384,1,1,Apartment,,,
Malakpet,Hyderabad,,11800000.0,1570.0,7500.0,3,3,Apartment,,,
Malakpet,Hyderabad,,11800000.0,1498.0,7500.0,3,2,Apartment,,,
Malakpet,Hyderabad,,15385054.88252427,1940.211690056733,7500.0,3,3,Apartment,,,
Malakpet,Hyderabad,,13760000.0,1570.0,8764.331210191083,4,4,Apartment,,,
Malakpet,Hyderabad,,4500000.0,1100.0,4090.0,2,2,Apartment,,,
Malakpet,Hyderabad,,4500000.0,995.8,4090.0,3,2,Apartment,,,
Malakpet,Hyderabad,,15385054.88252427,1940.211690056733,4090.0,3,3,Apartment,,,
Malakpet,Hyderabad,,6940000.0,1100.0,6309.090909090909,2,2,Apartment,,,
Malakpet,Hyderabad,,12000000.0,160.0,44211.83576956148,3,4,Plot,,,
Malakpet,Hyderabad,,12000000.0,1729.6,44211.83576956148,4,2,Apartment,,,
Malakpet,Hyderabad,,75000.0,1011.6,44211.83576956148,1,1,Apartment,,,
Malakpet,Hyderabad,,21800000.0,160.0,44211.83576956148,3,4,Plot,,,
Malakpet,Hyderabad,,59000000.0,5310.0,11111.0,10,10,House,,,
Malakpet,Hyderabad,,59000000.0,5310.0,11111.0,10,10,Plot,,,
Malakpet,Hyderabad,,59000000.0,4316.4,11111.0,7,8,Apartment,,,
Malakpet,Hyderabad,,11111.0,1011.6,11111.0,1,1,Apartment,,,
Malakpet,Hyderabad,,60680000.0,5310.0,11427.49529190207,4,8,Plot,,,
Malakpet,Hyderabad,,39200000.0,4944.0,7928.802588996764,10,10,Apartment,,,
Malakpet,Hyderabad,,32860000.0,5310.0,6188.323917137476,10,10,House,,,
Malakpet,Hyderabad,,6500000.0,1352.0,4807.0,3,3,Apartment,,,
Malakpet,Hyderabad,,6500000.0,990.6,4807.0,2,2,Apartment,,,
Malakpet,Hyderabad,,15385054.88252427,1940.211690056733,4807.0,3,3,Apartment,,,
Malakpet,Hyderabad,,9120000.0,1352.0,6745.562130177515,3,3,Apartment,,,
Malakpet,Hyderabad,,8720000.0,1352.0,6449.704142011834,3,3,Apartment,,,
Malakpet,Hyderabad,,3000000.0,900.0,3333.0,1,1,Plot,,,
Malakpet,Hyderabad,,3000000.0,748.0,3333.0,1,1,Apartment,,,
Malakpet,Hyderabad,,15385054.88252427,1940.211690056733,3333.0,3,3,Apartment,,,
Malakpet,Hyderabad,,7460000.0,900.0,8288.888888888889,2,2,Plot,,,
Malakpet,Hyderabad,,19520000.0,5987.2,3260.288615713522,1,1,Apartment,,,
Malakpet,Hyderabad,,5100000.0,1070.0,4766.0,2,2,Apartment,,,
Malakpet,Hyderabad,,5100000.0,913.8,4766.0,2,2,Apartment,,,
Malakpet,Hyderabad,,15385054.88252427,1940.211690056733,4766.0,3,3,Apartment,,,
Malakpet,Hyderabad,,6840000.0,1070.0,6392.523364485981,2,2,Apartment,,,
Malakpet,Hyderabad,,8000000.0,1070.0,7476.635514018692,2,2,Apartment,,,
Malakpet,Hyderabad,,3500000.0,1000.0,3500.0,2,2,House,,,
Malakpet,Hyderabad,,3500000.0,1000.0,3500.0,2,2,Apartment,,,
Malakpet,Hyderabad,,3500000.0,680.0,3500.0,2,2,Apartment,,,
Malakpet,Hyderabad,,15385054.88252427,1940.211690056733,3500.0,3,3,Apartment,,,
Malakpet,Hyderabad,,8210000.0,1000.0,8210.0,2,2,House,,,
Malakpet,Hyderabad,,7500000.0,1085.0,6912.0,2,2,Apartment,,,
Malakpet,Hyderabad,,7500000.0,1248.8,6912.0,3,2,Apartment,,,
Malakpet,Hyderabad,,15385054.88252427,1940.211690056733,6912.0,3,3,Apartment,,,
Malakpet,Hyderabad,,6060000.0,1085.0,5585.253456221199,2,2,Apartment,,,
Malakpet,Hyderabad,,40000000.0,10195.625,3060.0,4,7,Plot,,,
Malakpet,Hyderabad,,40000000.0,5546.0,3060.0,3,4,Apartment,,,
Malakpet,Hyderabad,,15385054.88252427,1940.211690056733,3060.0,3,3,Apartment,,,
Malakpet,Hyderabad,,97240000.0,10195.625,7441.077441077441,4,3,Plot,,,
Malakpet,Hyderabad,,4000000.0,864.0,4629.0,2,2,Apartment,,,
Malakpet,Hyderabad,,4000000.0,605.6,4629.0,2,2,Apartment,,,
Malakpet,Hyderabad,,15385054.88252427,1940.211690056733,4629.0,3,3,Apartment,,,
Malakpet,Hyderabad,,4000000.0,864.0,4629.62962962963,2,2,Apartment,,,
Malakpet,Hyderabad,,16000000.0,2880.0,5555.0,3,3,Apartment,,,
Malakpet,Hyderabad,,16000000.0,1673.0,5555.0,4,2,Apartment,,,
Malakpet,Hyderabad,,15385054.88252427,1940.211690056733,5555.0,3,3,Apartment,,,
Malakpet,Hyderabad,,26180000.0,2880.0,9090.277777777776,3,3,Apartment,,,
Malakpet,Hyderabad,,18000000.0,1962.0,9174.0,4,3,Plot,,,
Malakpet,Hyderabad,,18000000.0,690.2,9174.0,4,3,Apartment,,,
Malakpet,Hyderabad,,15385054.88252427,1940.211690056733,9174.0,3,3,Apartment,,,
Malakpet,Hyderabad,,11722000.0,1962.0,5974.515800203873,3,3,Plot,,,
Malakpet,Hyderabad,,7600000.0,1365.0,5567.0,3,2,Apartment,,,
Malakpet,Hyderabad,,7600000.0,1516.0,5567.0,2,2,Apartment,,,
Malakpet,Hyderabad,,15385054.88252427,1940.211690056733,5567.0,3,3,Apartment,,,
Malakpet,Hyderabad,,11880000.0,1365.0,8703.296703296703,2,2,Apartment,,,
Malakpet,Hyderabad,,30000000.0,5500.0,5455.0,4,4,House,,,
Malakpet,Hyderabad,,30000000.0,5500.0,5455.0,4,4,Apartment,,,
Malakpet,Hyderabad,,30000000.0,2480.4,5455.0,4,3,Apartment,,,
Malakpet,Hyderabad,,15385054.88252427,1940.211690056733,5455.0,3,3,Apartment,,,
Malakpet,Hyderabad,,53600000.0,5500.0,9745.454545454546,6,5,Apartment,,,
Malakpet,Hyderabad,,20900000.0,5500.0,3800.0,4,4,House,,,
Malakpet,Hyderabad,,4500000.0,1000.0,4500.0,2,2,Apartment,,,
Malakpet,Hyderabad,,5000000.0,950.0,5263.0,2,2,Apartment,,,
Malakpet,Hyderabad,,5000000.0,822.0,5263.0,2,2,Apartment,,,
Malakpet,Hyderabad,,15385054.88252427,1940.211690056733,5263.0,3,3,Apartment,,,
Malakpet,Hyderabad,,4920000.0,950.0,5178.947368421052,2,2,Apartment,,,
Malakpet,Hyderabad,,7500000.0,1265.0,5928.0,3,3,Apartment,,,
Malakpet,Hyderabad,,7500000.0,1248.8,5928.0,3,2,Apartment,,,
Malakpet,Hyderabad,,15385054.88252427,1940.211690056733,5928.0,3,3,Apartment,,,
Malakpet,Hyderabad,,7673200.0,1265.0,6065.770750988142,2,2,Apartment,,,
Masab Tank,Hyderabad,,12500000.0,1675.0,7462.0,3,3,House,,,
Masab Tank,Hyderabad,,9960000.0,2301.0,4328.552803129074,3,3,House,,,
Masab Tank,Hyderabad,,12500000.0,1675.0,7462.0,3,3,Plot,,,
Masab Tank,Hyderabad,,12500000.0,1542.8,7462.0,3,3,Apartment,,,
Masab Tank,Hyderabad,,15385054.88252427,1940.211690056733,7462.0,3,3,Apartment,,,
Masab Tank,Hyderabad,,12600000.0,1675.0,7522.388059701492,3,3,Plot,,,
Masab Tank,Hyderabad,,7280000.0,2568.2,2834.670197025154,3,3,Apartment,,,
Masab Tank,Hyderabad,,7000000.0,980.0,7142.0,2,2,Apartment,,,
Masab Tank,Hyderabad,,3600000.0,1163.0,3095.442820292348,2,2,Apartment,,,
Masab Tank,Hyderabad,,7000000.0,1121.0,7142.0,2,2,Apartment,,,
Masab Tank,Hyderabad,,15385054.88252427,1940.211690056733,7142.0,3,3,Apartment,,,
Masab Tank,Hyderabad,,9600000.0,980.0,9795.918367346938,2,2,Apartment,,,
Masab Tank,Hyderabad,,9384000.0,836.0,11224.88038277512,2,2,Apartment,,,
Masab Tank,Hyderabad,,52500000.0,3402.0,15432.0,2,2,House,,,
Masab Tank,Hyderabad,,52500000.0,3402.0,15432.0,2,2,Plot,,,
Masab Tank,Hyderabad,,52500000.0,2712.8,15432.0,6,5,Apartment,,,
Masab Tank,Hyderabad,,15432.0,1011.6,15432.0,1,1,Apartment,,,
Masab Tank,Hyderabad,,39200000.0,3402.0,11522.63374485597,3,3,Plot,,,
Masab Tank,Hyderabad,,22700000.0,1278.0,17778.0,2,2,Plot,,,
Masab Tank,Hyderabad,,22700000.0,1910.0,17778.0,3,3,Apartment,,,
Masab Tank,Hyderabad,,17778.0,1011.6,17778.0,1,1,Apartment,,,
Masab Tank,Hyderabad,,16140000.0,1278.0,12629.10798122066,2,2,Plot,,,
Masab Tank,Hyderabad,,15385054.88252427,1940.211690056733,7929.575397040516,3,3,Plot,,,
Masab Tank,Hyderabad,,25000000.0,3000.0,8333.0,4,4,Apartment,,,
Masab Tank,Hyderabad,,26640000.0,4388.6,6070.27297999362,4,4,Apartment,,,
Masab Tank,Hyderabad,,25000000.0,2600.4,8333.0,3,4,Apartment,,,
Masab Tank,Hyderabad,,15385054.88252427,1940.211690056733,8333.0,3,3,Apartment,,,
Masab Tank,Hyderabad,,21000000.0,3000.0,7000.0,4,4,Apartment,,,
Masab Tank,Hyderabad,,36700000.0,3072.0,11946.61458333333,4,4,Apartment,,,
Masab Tank,Hyderabad,,46000000.0,3877.2,11864.23191994223,5,5,Apartment,,,
Masab Tank,Hyderabad,,6500000.0,780.0,8333.0,1,2,Apartment,,,
Masab Tank,Hyderabad,,6640000.0,9714.4,683.5213703368196,1,1,Apartment,,,
Masab Tank,Hyderabad,,6500000.0,990.6,8333.0,2,2,Apartment,,,
Masab Tank,Hyderabad,,8000000.0,780.0,10256.41025641026,2,2,Apartment,,,
Masab Tank,Hyderabad,,5400000.0,690.4,7821.552723059096,1,2,Apartment,,,
Masab Tank,Hyderabad,,7040000.0,780.0,9025.641025641024,1,2,Apartment,,,
Masab Tank,Hyderabad,,6500000.0,975.0,6666.0,2,2,Apartment,,,
Masab Tank,Hyderabad,,6500000.0,990.6,6666.0,2,2,Apartment,,,
Masab Tank,Hyderabad,,15385054.88252427,1940.211690056733,6666.0,3,3,Apartment,,,
Masab Tank,Hyderabad,,5660000.0,975.0,5805.128205128205,2,2,Apartment,,,
Masab Tank,Hyderabad,,7000000.0,1200.0,5833.0,3,2,Apartment,,,
Masab Tank,Hyderabad,,9960000.0,2301.0,4328.552803129074,3,3,Apartment,,,
Masab Tank,Hyderabad,,7000000.0,1121.0,5833.0,2,2,Apartment,,,
Masab Tank,Hyderabad,,15385054.88252427,1940.211690056733,5833.0,3,3,Apartment,,,
Masab Tank,Hyderabad,,7840000.0,1200.0,6533.333333333333,2,2,Apartment,,,
Masab Tank,Hyderabad,,7500000.0,1111.0,6750.0,2,2,Apartment,,,
Masab Tank,Hyderabad,,7500000.0,1248.8,6750.0,3,2,Apartment,,,
Masab Tank,Hyderabad,,15385054.88252427,1940.211690056733,6750.0,3,3,Apartment,,,
Masab Tank,Hyderabad,,7320000.0,1111.0,6588.658865886589,2,2,Apartment,,,
Masab Tank,Hyderabad,,8960000.0,1111.0,8064.806480648065,2,2,Apartment,,,
Masab Tank,Hyderabad,,9500000.0,1456.0,6524.0,3,2,Apartment,,,
Masab Tank,Hyderabad,,9500000.0,1400.0,6524.0,3,3,Apartment,,,
Masab Tank,Hyderabad,,15385054.88252427,1940.211690056733,6524.0,3,3,Apartment,,,
Masab Tank,Hyderabad,,9540000.0,1456.0,6552.197802197802,3,2,Apartment,,,
Masab Tank,Hyderabad,,12620000.0,1456.0,8667.582417582418,3,2,Apartment,,,
Masab Tank,Hyderabad,,24000000.0,3000.0,8000.0,3,3,Apartment,,,
Masab Tank,Hyderabad,,24000000.0,2609.2,8000.0,3,3,Apartment,,,
Masab Tank,Hyderabad,,15385054.88252427,1940.211690056733,8000.0,3,3,Apartment,,,
Masab Tank,Hyderabad,,9500000.0,1465.0,6484.0,3,3,Apartment,,,
Masab Tank,Hyderabad,,9500000.0,1400.0,6484.0,3,3,Apartment,,,
Masab Tank,Hyderabad,,15385054.88252427,1940.211690056733,6484.0,3,3,Apartment,,,
Masab Tank,Hyderabad,,10500000.0,1465.0,7167.235494880546,3,3,Apartment,,,
Masab Tank,Hyderabad,,13300000.0,1130.0,11769.0,2,2,Plot,,,
Masab Tank,Hyderabad,,13300000.0,1460.8,11769.0,3,3,Apartment,,,
Masab Tank,Hyderabad,,11769.0,1011.6,11769.0,1,1,Apartment,,,
Masab Tank,Hyderabad,,9200000.0,1130.0,8141.592920353983,2,2,Plot,,,
Masab Tank,Hyderabad,,17200000.0,1754.0,9800.0,3,3,Apartment,,,
Masab Tank,Hyderabad,,17200000.0,1779.2,9800.0,3,3,Apartment,,,
Masab Tank,Hyderabad,,15385054.88252427,1940.211690056733,9800.0,3,3,Apartment,,,
Masab Tank,Hyderabad,,17760000.0,1754.0,10125.4275940707,3,3,Apartment,,,
Masab Tank,Hyderabad,,107250000.0,6300.0,24603.0,3,3,House,,,
Masab Tank,Hyderabad,,107250000.0,6300.0,24603.0,3,3,Plot,,,
Masab Tank,Hyderabad,,107250000.0,8100.0,24603.0,6,5,Apartment,,,
Masab Tank,Hyderabad,,24603.0,1011.6,24603.0,1,1,Apartment,,,
Masab Tank,Hyderabad,,86080000.0,6300.0,13663.49206349206,4,4,Plot,,,
Masab Tank,Hyderabad,,12600000.0,1650.0,7636.0,3,3,Apartment,,,
Masab Tank,Hyderabad,,12600000.0,1625.0,7636.0,3,3,Apartment,,,
Masab Tank,Hyderabad,,15385054.88252427,1940.211690056733,7636.0,3,3,Apartment,,,
Masab Tank,Hyderabad,,11040000.0,1650.0,6690.909090909091,3,3,Apartment,,,
Masab Tank,Hyderabad,,11000000.0,3000.0,3666.0,3,2,Apartment,,,
Masab Tank,Hyderabad,,11000000.0,2076.0,3666.0,3,2,Apartment,,,
Masab Tank,Hyderabad,,15385054.88252427,1940.211690056733,3666.0,3,3,Apartment,,,
Masab Tank,Hyderabad,,4500000.0,1057.2,44211.83576956148,2,2,Apartment,,,
Masab Tank,Hyderabad,,4500000.0,995.8,44211.83576956148,3,2,Apartment,,,
Masab Tank,Hyderabad,,46875.0,1011.6,44211.83576956148,1,1,Apartment,,,
Masab Tank,Hyderabad,,15385054.88252427,1940.211690056733,7929.575397040516,3,3,Apartment,,,
Masab Tank,Hyderabad,,17000000.0,2141.0,7940.0,3,3,Apartment,,,
Masab Tank,Hyderabad,,17000000.0,1934.8,7940.0,4,3,Apartment,,,
Masab Tank,Hyderabad,,15385054.88252427,1940.211690056733,7940.0,3,3,Apartment,,,
Masab Tank,Hyderabad,,13460000.0,2141.0,6286.781877627277,3,3,Apartment,,,
Masab Tank,Hyderabad,,15000000.0,1550.0,9677.0,3,3,Apartment,,,
Masab Tank,Hyderabad,,15000000.0,1596.0,9677.0,2,3,Apartment,,,
Masab Tank,Hyderabad,,15385054.88252427,1940.211690056733,9677.0,3,3,Apartment,,,
Masab Tank,Hyderabad,,9520000.0,1550.0,6141.935483870968,3,3,Apartment,,,
Masab Tank,Hyderabad,,12220000.0,1550.0,7883.870967741936,3,3,Apartment,,,
Masab Tank,Hyderabad,,7500000.0,1075.0,6976.0,2,2,House,,,
Masab Tank,Hyderabad,,3600000.0,1163.0,3095.442820292348,2,2,House,,,
Masab Tank,Hyderabad,,7500000.0,1075.0,6976.0,2,2,Plot,,,
Masab Tank,Hyderabad,,7500000.0,1248.8,6976.0,3,2,Apartment,,,
Masab Tank,Hyderabad,,15385054.88252427,1940.211690056733,6976.0,3,3,Apartment,,,
Masab Tank,Hyderabad,,6600000.0,1075.0,6139.53488372093,2,2,Plot,,,
Masab Tank,Hyderabad,,6620000.0,1075.0,6158.139534883721,2,2,House,,,
Masab Tank,Hyderabad,,9600000.0,1500.0,6400.0,4,3,Apartment,,,
Masab Tank,Hyderabad,,9600000.0,1579.0,6400.0,3,3,Apartment,,,
Masab Tank,Hyderabad,,15385054.88252427,1940.211690056733,6400.0,3,3,Apartment,,,
Masab Tank,Hyderabad,,9080000.0,1500.0,6053.333333333333,3,3,Apartment,,,
Masab Tank,Hyderabad,,9740000.0,1500.0,6493.333333333333,4,3,Apartment,,,
Masab Tank,Hyderabad,,7200000.0,1125.0,6400.0,2,2,House,,,
Masab Tank,Hyderabad,,7200000.0,1125.0,6400.0,2,2,Apartment,,,
Masab Tank,Hyderabad,,7200000.0,1540.8,6400.0,2,2,Apartment,,,
Masab Tank,Hyderabad,,7060000.0,1125.0,6275.555555555556,2,2,Apartment,,,
Masab Tank,Hyderabad,,6080000.0,1125.0,5404.444444444444,2,2,House,,,
Masab Tank,Hyderabad,,35281000.0,2700.0,13067.03703703704,4,4,Plot,,,
Masab Tank,Hyderabad,,5500000.0,1300.0,4230.0,3,2,Apartment,,,
Masab Tank,Hyderabad,,5500000.0,1024.4,4230.0,3,2,Apartment,,,
Masab Tank,Hyderabad,,15385054.88252427,1940.211690056733,4230.0,3,3,Apartment,,,
Masab Tank,Hyderabad,,6530000.0,1300.0,5023.076923076923,3,3,Apartment,,,
Masab Tank,Hyderabad,,8700000.0,1460.0,5958.0,2,2,Apartment,,,
Masab Tank,Hyderabad,,8700000.0,1344.0,5958.0,2,3,Apartment,,,
Masab Tank,Hyderabad,,15385054.88252427,1940.211690056733,5958.0,3,3,Apartment,,,
Masab Tank,Hyderabad,,9740000.0,1460.0,6671.232876712329,3,3,Apartment,,,
Masab Tank,Hyderabad,,7820000.0,1460.0,5356.164383561644,2,2,Apartment,,,
Masab Tank,Hyderabad,,12500000.0,1700.0,7352.0,3,3,Apartment,,,
Masab Tank,Hyderabad,,12500000.0,1542.8,7352.0,3,3,Apartment,,,
Masab Tank,Hyderabad,,15385054.88252427,1940.211690056733,7352.0,3,3,Apartment,,,
Masab Tank,Hyderabad,,12780000.0,1700.0,7517.64705882353,3,3,Apartment,,,
Masab Tank,Hyderabad,,13020000.0,1700.0,7658.823529411765,3,3,Apartment,,,
Masab Tank,Hyderabad,,5000000.0,950.0,5263.0,2,2,Apartment,,,
Masab Tank,Hyderabad,,5000000.0,822.0,5263.0,2,2,Apartment,,,
Masab Tank,Hyderabad,,15385054.88252427,1940.211690056733,5263.0,3,3,Apartment,,,
Masab Tank,Hyderabad,,4920000.0,950.0,5178.947368421052,2,2,Apartment,,,
Masab Tank,Hyderabad,,13000000.0,1150.0,11304.0,2,2,Apartment,,,
Masab Tank,Hyderabad,,13000000.0,1350.2,11304.0,2,3,Apartment,,,
Masab Tank,Hyderabad,,11304.0,1011.6,11304.0,1,1,Apartment,,,
Masab Tank,Hyderabad,,7360000.0,1150.0,6400.0,3,2,Apartment,,,
Masab Tank,Hyderabad,,5120000.0,1150.0,4452.173913043478,2,2,Apartment,,,
Masab Tank,Hyderabad,,8900000.0,1500.0,4377.0,3,2,House,,,
Masab Tank,Hyderabad,,8900000.0,1500.0,4377.0,3,2,Apartment,,,
Masab Tank,Hyderabad,,8900000.0,1440.0,4377.0,3,2,Apartment,,,
Masab Tank,Hyderabad,,15385054.88252427,1940.211690056733,4377.0,3,3,Apartment,,,
Masab Tank,Hyderabad,,6600000.0,1110.0,5945.0,2,2,Apartment,,,
Masab Tank,Hyderabad,,6600000.0,1086.0,5945.0,3,2,Apartment,,,
Masab Tank,Hyderabad,,15385054.88252427,1940.211690056733,5945.0,3,3,Apartment,,,
Masab Tank,Hyderabad,,7600000.0,1110.0,6846.846846846847,2,2,Apartment,,,
Masab Tank,Hyderabad,,8200000.0,1110.0,7387.387387387387,2,2,Apartment,,,
Masab Tank,Hyderabad,,16500000.0,2100.0,7857.0,3,3,Apartment,,,
Masab Tank,Hyderabad,,16500000.0,1306.0,7857.0,4,4,Apartment,,,
Masab Tank,Hyderabad,,15385054.88252427,1940.211690056733,7857.0,3,3,Apartment,,,
Masab Tank,Hyderabad,,34600000.0,2100.0,16476.19047619048,6,4,Apartment,,,
Masab Tank,Hyderabad,,8000000.0,1553.0,5151.0,3,3,Apartment,,,
Masab Tank,Hyderabad,,8000000.0,937.4,5151.0,2,2,Apartment,,,
Masab Tank,Hyderabad,,15385054.88252427,1940.211690056733,5151.0,3,3,Apartment,,,
Masab Tank,Hyderabad,,9200000.0,1553.0,5924.018029620091,3,3,Apartment,,,
Masab Tank,Hyderabad,,9000000.0,1500.0,6000.0,3,3,Apartment,,,
Masab Tank,Hyderabad,,9000000.0,1118.0,6000.0,3,2,Apartment,,,
Masab Tank,Hyderabad,,15385054.88252427,1940.211690056733,6000.0,3,3,Apartment,,,
Masab Tank,Hyderabad,,11000000.0,1530.0,8979.0,3,3,Apartment,,,
Masab Tank,Hyderabad,,11000000.0,2076.0,8979.0,3,2,Apartment,,,
Masab Tank,Hyderabad,,15385054.88252427,1940.211690056733,8979.0,3,3,Apartment,,,
Masab Tank,Hyderabad,,19360000.0,1530.0,12653.59477124183,3,3,Apartment,,,
Masab Tank,Hyderabad,,3800000.0,1867.6,44211.83576956148,3,2,Plot,,,
Masab Tank,Hyderabad,,3800000.0,840.0,44211.83576956148,2,2,Apartment,,,
Masab Tank,Hyderabad,,76000.0,1011.6,44211.83576956148,1,1,Apartment,,,
Masab Tank,Hyderabad,,7000000.0,1130.0,6194.0,2,2,Apartment,,,
Masab Tank,Hyderabad,,7000000.0,1121.0,6194.0,2,2,Apartment,,,
Masab Tank,Hyderabad,,15385054.88252427,1940.211690056733,6194.0,3,3,Apartment,,,
Masab Tank,Hyderabad,,8200000.0,1130.0,7256.637168141593,2,2,Apartment,,,
Masab Tank,Hyderabad,,52500000.0,380.0,44211.83576956148,10,9,Plot,,,
Masab Tank,Hyderabad,,41800000.0,4212.8,9922.14204329662,10,9,Apartment,,,
Masab Tank,Hyderabad,,52500000.0,2712.8,19352.69831907991,6,5,Apartment,,,
Masab Tank,Hyderabad,,138157.0,1011.6,136.5727560300514,1,1,Apartment,,,
Masab Tank,Hyderabad,,37100000.0,380.0,44211.83576956148,6,6,Plot,,,
Masab Tank,Hyderabad,,54600000.0,2351.6,23218.23439360435,10,9,Apartment,,,
Masab Tank,Hyderabad,,5500000.0,960.0,5729.0,2,2,Apartment,,,
Masab Tank,Hyderabad,,5500000.0,1024.4,5729.0,3,2,Apartment,,,
Masab Tank,Hyderabad,,15385054.88252427,1940.211690056733,5729.0,3,3,Apartment,,,
Masab Tank,Hyderabad,,6540000.0,960.0,6812.5,2,2,Apartment,,,
Masab Tank,Hyderabad,,7900000.0,1046.0,7553.0,2,2,House,,,
Masab Tank,Hyderabad,,7900000.0,1046.0,7553.0,2,2,Apartment,,,
Masab Tank,Hyderabad,,7900000.0,747.8,7553.0,2,2,Apartment,,,
Masab Tank,Hyderabad,,15385054.88252427,1940.211690056733,7553.0,3,3,Apartment,,,
Masab Tank,Hyderabad,,6660000.0,1046.0,6367.112810707457,2,2,Apartment,,,
Masab Tank,Hyderabad,,8060000.0,1046.0,7705.544933078394,2,2,House,,,
Masab Tank,Hyderabad,,35000000.0,2970.0,11784.0,6,6,House,,,
Masab Tank,Hyderabad,,48600000.0,4050.0,12000.0,6,6,Apartment,,,
Masab Tank,Hyderabad,,35000000.0,2970.0,11784.0,6,6,Plot,,,
Masab Tank,Hyderabad,,35000000.0,3453.0,11784.0,4,4,Apartment,,,
Masab Tank,Hyderabad,,11784.0,1011.6,11784.0,1,1,Apartment,,,
Masab Tank,Hyderabad,,24800000.0,2970.0,8350.168350168351,5,5,Plot,,,
Masab Tank,Hyderabad,,56600000.0,2041.2,27728.78698804625,6,6,Apartment,,,
Masab Tank,Hyderabad,,17360000.0,2970.0,5845.117845117845,6,6,House,,,
Masab Tank,Hyderabad,,8000000.0,1130.0,7079.0,2,2,Apartment,,,
Masab Tank,Hyderabad,,8000000.0,937.4,7079.0,2,2,Apartment,,,
Masab Tank,Hyderabad,,15385054.88252427,1940.211690056733,7079.0,3,3,Apartment,,,
Masab Tank,Hyderabad,,6000000.0,3000.0,1875.0,4,1,Plot,,,
Masab Tank,Hyderabad,,6000000.0,1387.2,1875.0,2,2,Apartment,,,
Masab Tank,Hyderabad,,15385054.88252427,1940.211690056733,1875.0,3,3,Apartment,,,
Masab Tank,Hyderabad,,5500000.0,1100.0,5000.0,2,2,Apartment,,,
Masab Tank,Hyderabad,,5500000.0,1024.4,5000.0,3,2,Apartment,,,
Masab Tank,Hyderabad,,15385054.88252427,1940.211690056733,5000.0,3,3,Apartment,,,
Masab Tank,Hyderabad,,6940000.0,1100.0,6309.090909090909,2,2,Apartment,,,
Masab Tank,Hyderabad,,7435800.0,1100.0,6759.818181818182,2,2,Apartment,,,
Masab Tank,Hyderabad,,10000000.0,900.0,11111.0,3,3,Villa,,,
Masab Tank,Hyderabad,,10000000.0,900.0,11111.0,3,3,Plot,,,
Masab Tank,Hyderabad,,10000000.0,1220.4,11111.0,2,3,Apartment,,,
Masab Tank,Hyderabad,,11111.0,1011.6,11111.0,1,1,Apartment,,,
Masab Tank,Hyderabad,,7460000.0,900.0,8288.888888888889,2,2,Plot,,,
Masab Tank,Hyderabad,,6900000.0,1100.0,6272.0,3,2,Apartment,,,
Masab Tank,Hyderabad,,6900000.0,1060.0,6272.0,3,2,Apartment,,,
Masab Tank,Hyderabad,,15385054.88252427,1940.211690056733,6272.0,3,3,Apartment,,,
Masab Tank,Hyderabad,,6320000.0,1100.0,5745.454545454545,3,2,Apartment,,,
Masab Tank,Hyderabad,,5000000.0,1050.0,4761.0,2,2,Apartment,,,
Masab Tank,Hyderabad,,5000000.0,822.0,4761.0,2,2,Apartment,,,
Masab Tank,Hyderabad,,15385054.88252427,1940.211690056733,4761.0,3,3,Apartment,,,
Masab Tank,Hyderabad,,6240000.0,1050.0,5942.857142857143,2,2,Apartment,,,
Masab Tank,Hyderabad,,19000000.0,6185.0,3072.0,4,7,Plot,,,
Masab Tank,Hyderabad,,19000000.0,3729.2,3072.0,4,4,Apartment,,,
Masab Tank,Hyderabad,,15385054.88252427,1940.211690056733,3072.0,3,3,Apartment,,,
Masab Tank,Hyderabad,,85940000.0,6185.0,13894.90703314471,4,4,Plot,,,
Masab Tank,Hyderabad,,5200000.0,1100.0,4727.0,2,2,Apartment,,,
Masab Tank,Hyderabad,,5200000.0,1289.6,4727.0,2,2,Apartment,,,
Masab Tank,Hyderabad,,15385054.88252427,1940.211690056733,4727.0,3,3,Apartment,,,
Masab Tank,Hyderabad,,4300000.0,680.0,6323.0,2,2,Apartment,,,
Masab Tank,Hyderabad,,4300000.0,768.0,6323.0,2,2,Apartment,,,
Masab Tank,Hyderabad,,15385054.88252427,1940.211690056733,6323.0,3,3,Apartment,,,
Masab Tank,Hyderabad,,4900000.0,680.0,7205.882352941177,2,2,Apartment,,,
Masab Tank,Hyderabad,,7680000.0,680.0,11294.11764705882,2,2,Apartment,,,
Miyapur,Hyderabad,,8628000.0,1630.0,7250.0,2,2,Apartment,,,
Miyapur,Hyderabad,,3600000.0,1163.0,3095.442820292348,2,2,Apartment,,,
Miyapur,Hyderabad,,8628000.0,1685.6,7250.0,3,3,Apartment,,,
Miyapur,Hyderabad,,8628000.0,1685.6,5118.652112007594,3,3,Apartment,,,
Miyapur,Hyderabad,,15385054.88252427,1940.211690056733,7250.0,3,3,Apartment,,,
Miyapur,Hyderabad,,10551200.0,1630.0,6473.128834355828,3,3,Apartment,,,
Miyapur,Hyderabad,,15600000.0,2075.0,7518.072289156626,3,3,Apartment,,,
Miyapur,Hyderabad,,18320000.0,2075.0,8828.915662650603,3,3,Apartment,,,
Miyapur,Hyderabad,,11400000.0,2030.0,5615.763546798029,3,3,Apartment,,,
Miyapur,Hyderabad,,13000000.0,2030.0,6403.940886699507,3,2,Apartment,,,
Miyapur,Hyderabad,,13120000.0,1940.0,6762.886597938144,3,3,Apartment,,,
Miyapur,Hyderabad,,12020000.0,2325.0,5169.89247311828,3,3,Apartment,,,
Miyapur,Hyderabad,,8628000.0,1968.0,4384.146341463415,3,3,Apartment,,,
Miyapur,Hyderabad,,12445600.0,1968.0,6323.983739837398,3,3,Apartment,,,
Miyapur,Hyderabad,,10600000.0,2339.0,4531.851218469431,4,4,Apartment,,,
Miyapur,Hyderabad,,6240000.0,2339.0,2667.806755023514,4,4,Apartment,,,
Miyapur,Hyderabad,,12640000.0,2060.0,6135.922330097087,3,3,Apartment,,,
Miyapur,Hyderabad,,37960000.0,2070.0,18338.16425120773,3,3,Apartment,,,
Miyapur,Hyderabad,,9839000.0,1880.0,5233.510638297872,3,3,Apartment,,,
Miyapur,Hyderabad,,15180000.0,1880.0,8074.468085106383,3,2,Apartment,,,
Miyapur,Hyderabad,,9103000.0,2465.0,3692.90060851927,3,3,Apartment,,,
Miyapur,Hyderabad,,12540600.0,2465.0,5087.464503042596,3,2,Apartment,,,
Miyapur,Hyderabad,,10300000.0,2139.0,4815.334268349696,3,3,Apartment,,,
Miyapur,Hyderabad,,12780000.0,2139.0,5974.754558204769,3,2,Apartment,,,
Miyapur,Hyderabad,,12560000.0,3159.0,3975.941753719531,4,4,Apartment,,,
Miyapur,Hyderabad,,12560000.0,3434.0,3657.542224810717,4,4,Apartment,,,
Miyapur,Hyderabad,,8700000.0,1330.0,6541.0,2,2,Apartment,,,
Miyapur,Hyderabad,,8700000.0,1344.0,6541.0,2,3,Apartment,,,
Miyapur,Hyderabad,,15385054.88252427,1940.211690056733,6541.0,3,3,Apartment,,,
Miyapur,Hyderabad,,8000000.0,1330.0,6015.037593984963,2,2,Apartment,,,
Miyapur,Hyderabad,,7504000.000000001,1967.0,3814.946619217082,3,3,Apartment,,,
Miyapur,Hyderabad,,12220000.0,1967.0,6212.50635485511,3,3,Apartment,,,
Miyapur,Hyderabad,,18500000.0,1350.0,13703.0,3,3,Villa,,,
Miyapur,Hyderabad,,9960000.0,2301.0,4328.552803129074,3,3,Villa,,,
Miyapur,Hyderabad,,18500000.0,1350.0,13703.0,3,3,Plot,,,
Miyapur,Hyderabad,,18500000.0,1701.6,13703.0,3,3,Apartment,,,
Miyapur,Hyderabad,,13703.0,1011.6,13703.0,1,1,Apartment,,,
Miyapur,Hyderabad,,7690000.0,1350.0,5696.296296296297,3,4,Plot,,,
Miyapur,Hyderabad,,7280000.0,2568.2,2834.670197025154,3,3,Apartment,,,
Miyapur,Hyderabad,,9000000.0,1330.0,6766.0,2,2,Apartment,,,
Miyapur,Hyderabad,,9000000.0,1118.0,6766.0,3,2,Apartment,,,
Miyapur,Hyderabad,,15385054.88252427,1940.211690056733,6766.0,3,3,Apartment,,,
Miyapur,Hyderabad,,8800000.0,1445.0,9096.0,2,2,Apartment,,,
Miyapur,Hyderabad,,8800000.0,1329.0,9096.0,2,2,Apartment,,,
Miyapur,Hyderabad,,15385054.88252427,1940.211690056733,9096.0,3,3,Apartment,,,
Miyapur,Hyderabad,,15120000.0,1445.0,10463.6678200692,3,3,Apartment,,,
Miyapur,Hyderabad,,7020000.0,1445.0,4858.131487889274,2,2,Apartment,,,
Miyapur,Hyderabad,,6700000.0,1270.0,5275.0,2,2,Apartment,,,
Miyapur,Hyderabad,,6700000.0,1211.0,5275.0,2,2,Apartment,,,
Miyapur,Hyderabad,,15385054.88252427,1940.211690056733,5275.0,3,3,Apartment,,,
Miyapur,Hyderabad,,8073200.0,1270.0,6356.850393700787,2,2,Apartment,,,
Miyapur,Hyderabad,,13000000.0,1161.0,11197.0,2,2,Apartment,,,
Miyapur,Hyderabad,,13000000.0,1350.2,11197.0,2,3,Apartment,,,
Miyapur,Hyderabad,,11197.0,1011.6,11197.0,1,1,Apartment,,,
Miyapur,Hyderabad,,9500000.0,1161.0,8182.60120585702,2,2,Apartment,,,
Miyapur,Hyderabad,,7820000.0,1161.0,6735.57278208441,2,2,Apartment,,,
Miyapur,Hyderabad,,27000000.0,2400.0,11250.0,3,4,Villa,,,
Miyapur,Hyderabad,,27000000.0,2400.0,11250.0,3,4,Plot,,,
Miyapur,Hyderabad,,27000000.0,1702.8,11250.0,6,7,Apartment,,,
Miyapur,Hyderabad,,11250.0,1011.6,11250.0,1,1,Apartment,,,
Miyapur,Hyderabad,,19880000.0,2400.0,8283.333333333334,3,4,Plot,,,
Miyapur,Hyderabad,,9000000.0,1541.0,5844.0,3,3,Apartment,,,
Miyapur,Hyderabad,,9960000.0,2301.0,4328.552803129074,3,3,Apartment,,,
Miyapur,Hyderabad,,9000000.0,1118.0,5844.0,3,2,Apartment,,,
Miyapur,Hyderabad,,15385054.88252427,1940.211690056733,5844.0,3,3,Apartment,,,
Miyapur,Hyderabad,,9300000.0,1541.0,6035.042180402336,3,3,Apartment,,,
Miyapur,Hyderabad,,10100000.0,1550.0,6516.0,3,2,Apartment,,,
Miyapur,Hyderabad,,10100000.0,2249.2,6516.0,3,2,Apartment,,,
Miyapur,Hyderabad,,15385054.88252427,1940.211690056733,6516.0,3,3,Apartment,,,
Miyapur,Hyderabad,,9520000.0,1550.0,6141.935483870968,3,3,Apartment,,,
Miyapur,Hyderabad,,11180000.0,1550.0,7212.903225806452,3,2,Apartment,,,
Miyapur,Hyderabad,,12000000.0,1420.0,9836.0,2,2,Apartment,,,
Miyapur,Hyderabad,,12000000.0,1729.6,9836.0,4,2,Apartment,,,
Miyapur,Hyderabad,,15385054.88252427,1940.211690056733,9836.0,3,3,Apartment,,,
Miyapur,Hyderabad,,9600000.0,1420.0,6760.56338028169,3,3,Apartment,,,
Miyapur,Hyderabad,,16000000.0,1350.0,11851.0,4,4,Villa,,,
Miyapur,Hyderabad,,26640000.0,4388.6,6070.27297999362,4,4,Apartment,,,
Miyapur,Hyderabad,,16000000.0,1350.0,11851.0,4,4,Plot,,,
Miyapur,Hyderabad,,16000000.0,1673.0,11851.0,4,2,Apartment,,,
Miyapur,Hyderabad,,11851.0,1011.6,11851.0,1,1,Apartment,,,
Miyapur,Hyderabad,,36700000.0,3072.0,11946.61458333333,4,4,Apartment,,,
Miyapur,Hyderabad,,16520000.0,2460.0,6715.447154471544,3,3,Apartment,,,
Miyapur,Hyderabad,,11200000.0,3624.0,3090.507726269316,3,3,Apartment,,,
Miyapur,Hyderabad,,12960000.0,3624.0,3576.158940397351,3,3,Apartment,,,
Miyapur,Hyderabad,,11200000.0,1200.0,9333.0,2,2,Apartment,,,
Miyapur,Hyderabad,,11200000.0,1746.0,9333.0,3,2,Apartment,,,
Miyapur,Hyderabad,,15385054.88252427,1940.211690056733,9333.0,3,3,Apartment,,,
Miyapur,Hyderabad,,7840000.0,1200.0,6533.333333333333,2,2,Apartment,,,
Miyapur,Hyderabad,,8500000.0,1210.0,7024.0,2,2,Apartment,,,
Miyapur,Hyderabad,,8500000.0,1363.2,7024.0,3,2,Apartment,,,
Miyapur,Hyderabad,,15385054.88252427,1940.211690056733,7024.0,3,3,Apartment,,,
Miyapur,Hyderabad,,11120000.0,1210.0,9190.0826446281,2,2,Apartment,,,
Miyapur,Hyderabad,,5420000.0,1210.0,4479.338842975207,2,2,Apartment,,,
Miyapur,Hyderabad,,10200000.0,1701.0,5996.47266313933,2,2,Apartment,,,
Miyapur,Hyderabad,,7760000.0,1701.0,4562.022339800117,2,2,Apartment,,,
Miyapur,Hyderabad,,9700000.0,1160.0,8362.0,2,2,Apartment,,,
Miyapur,Hyderabad,,9700000.0,1434.0,8362.0,3,2,Apartment,,,
Miyapur,Hyderabad,,15385054.88252427,1940.211690056733,8362.0,3,3,Apartment,,,
Miyapur,Hyderabad,,6680000.0,1160.0,5758.620689655172,2,2,Apartment,,,
Miyapur,Hyderabad,,8651000.0,1602.0,5400.0,3,3,Apartment,,,
Miyapur,Hyderabad,,8651000.0,1606.8,5400.0,3,3,Apartment,,,
Miyapur,Hyderabad,,15385054.88252427,1940.211690056733,5400.0,3,3,Apartment,,,
Miyapur,Hyderabad,,9988400.0,1602.0,6234.956304619226,3,3,Apartment,,,
Miyapur,Hyderabad,,9020400.0,1602.0,5630.711610486891,3,3,Apartment,,,
Miyapur,Hyderabad,,18500000.0,1710.0,10818.0,3,3,Apartment,,,
Miyapur,Hyderabad,,18500000.0,1701.6,10818.0,3,3,Apartment,,,
Miyapur,Hyderabad,,10818.0,1011.6,10818.0,1,1,Apartment,,,
Miyapur,Hyderabad,,15440000.0,1710.0,9029.239766081871,3,2,Apartment,,,
Miyapur,Hyderabad,,17360000.0,1710.0,10152.04678362573,3,3,Apartment,,,
Miyapur,Hyderabad,,13600000.0,1440.0,9444.0,3,3,Plot,,,
Miyapur,Hyderabad,,13600000.0,1454.2,9444.0,3,3,Apartment,,,
Miyapur,Hyderabad,,15385054.88252427,1940.211690056733,9444.0,3,3,Apartment,,,
Miyapur,Hyderabad,,11520000.0,1440.0,8000.0,3,3,Plot,,,
Miyapur,Hyderabad,,15385054.88252427,1940.211690056733,7929.575397040516,3,3,Plot,,,
Miyapur,Hyderabad,,17400000.0,1880.0,9255.0,3,3,Apartment,,,
Miyapur,Hyderabad,,17400000.0,1774.2,9255.0,3,3,Apartment,,,
Miyapur,Hyderabad,,15385054.88252427,1940.211690056733,9255.0,3,3,Apartment,,,
Miyapur,Hyderabad,,14647800.0,1880.0,7791.382978723404,3,3,Apartment,,,
Miyapur,Hyderabad,,14000000.0,1800.0,7778.0,3,3,Plot,,,
Miyapur,Hyderabad,,14000000.0,1493.0,7778.0,3,3,Apartment,,,
Miyapur,Hyderabad,,15385054.88252427,1940.211690056733,7778.0,3,3,Apartment,,,
Miyapur,Hyderabad,,16240000.0,1800.0,9022.222222222224,4,4,Plot,,,
Miyapur,Hyderabad,,11680000.0,1836.0,6361.655773420479,3,3,Apartment,,,
Miyapur,Hyderabad,,11680000.0,1039.0,11241.57844080847,3,3,Apartment,,,
Miyapur,Hyderabad,,17500000.0,2003.0,8733.0,3,3,Apartment,,,
Miyapur,Hyderabad,,17500000.0,1898.2,8733.0,3,3,Apartment,,,
Miyapur,Hyderabad,,15385054.88252427,1940.211690056733,8733.0,3,3,Apartment,,,
Miyapur,Hyderabad,,14900000.0,2003.0,7438.841737393909,3,3,Apartment,,,
Miyapur,Hyderabad,,13120000.0,2004.0,6546.906187624751,3,3,Apartment,,,
Miyapur,Hyderabad,,9344000.0,1611.0,5800.124146492862,3,3,Apartment,,,
Miyapur,Hyderabad,,14628800.0,1611.0,9080.571073867164,3,3,Apartment,,,
Miyapur,Hyderabad,,32000000.0,2322.0,13781.0,3,3,Plot,,,
Miyapur,Hyderabad,,32000000.0,3077.0,13781.0,5,6,Apartment,,,
Miyapur,Hyderabad,,13781.0,1011.6,13781.0,1,1,Apartment,,,
Miyapur,Hyderabad,,24520000.0,2322.0,10559.86218776916,3,3,Plot,,,
Miyapur,Hyderabad,,14000000.0,1611.0,8690.0,3,3,Apartment,,,
Miyapur,Hyderabad,,14000000.0,1493.0,8690.0,3,3,Apartment,,,
Miyapur,Hyderabad,,15385054.88252427,1940.211690056733,8690.0,3,3,Apartment,,,
Miyapur,Hyderabad,,12468800.0,1611.0,7739.788950962135,3,3,Apartment,,,
Miyapur,Hyderabad,,12320000.0,1780.0,6921.348314606742,3,3,Apartment,,,
Miyapur,Hyderabad,,9500000.0,1550.0,6129.0,3,2,Apartment,,,
Miyapur,Hyderabad,,9500000.0,1400.0,6129.0,3,3,Apartment,,,
Miyapur,Hyderabad,,15385054.88252427,1940.211690056733,6129.0,3,3,Apartment,,,
Miyapur,Hyderabad,,5470000.0,1140.0,4798.0,2,2,Apartment,,,
Miyapur,Hyderabad,,5470000.0,1025.0,4798.0,2,2,Apartment,,,
Miyapur,Hyderabad,,15385054.88252427,1940.211690056733,4798.0,3,3,Apartment,,,
Miyapur,Hyderabad,,6038000.0,1140.0,5296.491228070176,2,2,Apartment,,,
Miyapur,Hyderabad,,8200000.0,1140.0,7192.982456140351,2,2,Apartment,,,
Miyapur,Hyderabad,,18600000.0,2388.0,8086.0,3,3,Apartment,,,
Miyapur,Hyderabad,,18600000.0,1837.2,8086.0,3,3,Apartment,,,
Miyapur,Hyderabad,,15385054.88252427,1940.211690056733,8086.0,3,3,Apartment,,,
Miyapur,Hyderabad,,25900000.0,2388.0,10845.89614740369,4,4,Apartment,,,
Miyapur,Hyderabad,,6100000.0,798.0,7644.0,2,2,Apartment,,,
Miyapur,Hyderabad,,6100000.0,929.6,7644.0,2,2,Apartment,,,
Miyapur,Hyderabad,,15385054.88252427,1940.211690056733,7644.0,3,3,Apartment,,,
Miyapur,Hyderabad,,4900000.0,798.0,6140.350877192983,2,2,Apartment,,,
Miyapur,Hyderabad,,6220000.0,798.0,7794.486215538847,2,2,Apartment,,,
Miyapur,Hyderabad,,14300000.0,1880.0,7606.0,3,3,Apartment,,,
Miyapur,Hyderabad,,14300000.0,1566.8,7606.0,3,3,Apartment,,,
Miyapur,Hyderabad,,15385054.88252427,1940.211690056733,7606.0,3,3,Apartment,,,
Miyapur,Hyderabad,,13000000.0,1640.0,7926.0,3,3,Apartment,,,
Miyapur,Hyderabad,,13000000.0,1350.2,7926.0,2,3,Apartment,,,
Miyapur,Hyderabad,,15385054.88252427,1940.211690056733,7926.0,3,3,Apartment,,,
Miyapur,Hyderabad,,10969800.0,1640.0,6688.90243902439,3,3,Apartment,,,
Miyapur,Hyderabad,,11320000.0,1640.0,6902.439024390244,3,3,Apartment,,,
Miyapur,Hyderabad,,6200000.0,810.0,7654.0,2,2,Apartment,,,
Miyapur,Hyderabad,,6200000.0,964.4,7654.0,2,2,Apartment,,,
Miyapur,Hyderabad,,15385054.88252427,1940.211690056733,7654.0,3,3,Apartment,,,
Miyapur,Hyderabad,,4662400.0,810.0,5756.049382716049,2,2,Apartment,,,
Miyapur,Hyderabad,,7611200.0,810.0,9396.543209876543,2,2,Apartment,,,
Moosapet,Hyderabad,,12000000.0,720.0,16667.0,5,4,Plot,,,
Moosapet,Hyderabad,,46000000.0,3877.2,11864.23191994223,5,5,Apartment,,,
Moosapet,Hyderabad,,12000000.0,1729.6,16667.0,4,2,Apartment,,,
Moosapet,Hyderabad,,16667.0,1011.6,16667.0,1,1,Apartment,,,
Moosapet,Hyderabad,,9800000.0,720.0,13611.11111111111,3,3,Plot,,,
Moosapet,Hyderabad,,49600000.0,3985.2,12446.05038642979,5,4,Apartment,,,
Moosapet,Hyderabad,,15400000.0,1754.0,8779.0,3,3,Apartment,,,
Moosapet,Hyderabad,,9960000.0,2301.0,4328.552803129074,3,3,Apartment,,,
Moosapet,Hyderabad,,15400000.0,1791.6,8779.0,3,3,Apartment,,,
Moosapet,Hyderabad,,15385054.88252427,1940.211690056733,8779.0,3,3,Apartment,,,
Moosapet,Hyderabad,,17760000.0,1754.0,10125.4275940707,3,3,Apartment,,,
Moosapet,Hyderabad,,7280000.0,2568.2,2834.670197025154,3,3,Apartment,,,
Moosapet,Hyderabad,,15000000.0,1549.0,9683.0,3,3,Apartment,,,
Moosapet,Hyderabad,,15000000.0,1596.0,9683.0,2,3,Apartment,,,
Moosapet,Hyderabad,,15385054.88252427,1940.211690056733,9683.0,3,3,Apartment,,,
Moosapet,Hyderabad,,12320000.0,1549.0,7953.518398967076,3,3,Apartment,,,
Moosapet,Hyderabad,,13200000.0,1549.0,8521.626856036153,3,3,Apartment,,,
Moosapet,Hyderabad,,11900000.0,1277.0,9284.0,2,2,Apartment,,,
Moosapet,Hyderabad,,3600000.0,1163.0,3095.442820292348,2,2,Apartment,,,
Moosapet,Hyderabad,,11900000.0,1380.8,9284.0,3,2,Apartment,,,
Moosapet,Hyderabad,,15385054.88252427,1940.211690056733,9284.0,3,3,Apartment,,,
Moosapet,Hyderabad,,15640000.0,1277.0,12247.45497259201,2,2,Apartment,,,
Moosapet,Hyderabad,,9384000.0,836.0,11224.88038277512,2,2,Apartment,,,
Moosapet,Hyderabad,,6220000.0,1277.0,4870.790916209867,2,2,Apartment,,,
Moosapet,Hyderabad,,7420000.0,1080.0,6870.0,2,2,Apartment,,,
Moosapet,Hyderabad,,7420000.0,1142.0,6870.0,2,2,Apartment,,,
Moosapet,Hyderabad,,15385054.88252427,1940.211690056733,6870.0,3,3,Apartment,,,
Moosapet,Hyderabad,,4400000.0,1080.0,4074.074074074074,2,3,Apartment,,,
Moosapet,Hyderabad,,6900000.0,1000.0,6900.0,2,2,Apartment,,,
Moosapet,Hyderabad,,6900000.0,1060.0,6900.0,3,2,Apartment,,,
Moosapet,Hyderabad,,15385054.88252427,1940.211690056733,6900.0,3,3,Apartment,,,
Moosapet,Hyderabad,,4940000.0,1000.0,4940.0,3,2,Apartment,,,
Moosapet,Hyderabad,,16500000.0,1806.0,9157.0,3,3,Apartment,,,
Moosapet,Hyderabad,,16500000.0,1306.0,9157.0,4,4,Apartment,,,
Moosapet,Hyderabad,,15385054.88252427,1940.211690056733,9157.0,3,3,Apartment,,,
Moosapet,Hyderabad,,18280000.0,1806.0,10121.8161683278,3,3,Apartment,,,
Moosapet,Hyderabad,,16560000.0,1806.0,9169.435215946844,3,3,Apartment,,,
Moosapet,Hyderabad,,9000000.0,1275.0,7058.0,2,2,Apartment,,,
Moosapet,Hyderabad,,9000000.0,1118.0,7058.0,3,2,Apartment,,,
Moosapet,Hyderabad,,15385054.88252427,1940.211690056733,7058.0,3,3,Apartment,,,
Moosapet,Hyderabad,,9600000.0,1275.0,7529.411764705882,2,2,Apartment,,,
Moosapet,Hyderabad,,4500000.0,815.0,5521.0,2,2,Apartment,,,
Moosapet,Hyderabad,,4500000.0,995.8,5521.0,3,2,Apartment,,,
Moosapet,Hyderabad,,15385054.88252427,1940.211690056733,5521.0,3,3,Apartment,,,
Moosapet,Hyderabad,,4680000.0,815.0,5742.331288343558,2,2,Apartment,,,
Moosapet,Hyderabad,,18000000.0,1754.0,10262.0,3,3,Apartment,,,
Moosapet,Hyderabad,,18000000.0,690.2,10262.0,4,3,Apartment,,,
Moosapet,Hyderabad,,10262.0,1011.6,10262.0,1,1,Apartment,,,
Moosapet,Hyderabad,,17200000.0,1754.0,9806.157354618015,3,3,Apartment,,,
Moosapet,Hyderabad,,8300000.0,1250.0,6640.0,2,2,Apartment,,,
Moosapet,Hyderabad,,8300000.0,1139.0,6640.0,2,2,Apartment,,,
Moosapet,Hyderabad,,15385054.88252427,1940.211690056733,6640.0,3,3,Apartment,,,
Moosapet,Hyderabad,,6450000.0,1250.0,5160.0,2,2,Apartment,,,
Moosapet,Hyderabad,,7670000.0,1250.0,6136.0,2,2,Apartment,,,
Moosapet,Hyderabad,,7900000.0,549.0,14390.0,2,1,Plot,,,
Moosapet,Hyderabad,,7900000.0,747.8,14390.0,2,2,Apartment,,,
Moosapet,Hyderabad,,14390.0,1011.6,14390.0,1,1,Apartment,,,
Moosapet,Hyderabad,,6940000.0,549.0,12641.16575591985,2,1,Plot,,,
Moosapet,Hyderabad,,17500000.0,1840.0,9510.0,3,3,Apartment,,,
Moosapet,Hyderabad,,17500000.0,1898.2,9510.0,3,3,Apartment,,,
Moosapet,Hyderabad,,15385054.88252427,1940.211690056733,9510.0,3,3,Apartment,,,
Moosapet,Hyderabad,,13820000.0,1840.0,7510.869565217391,3,3,Apartment,,,
Moosapet,Hyderabad,,10700000.0,1149.0,9355.0,2,2,Apartment,,,
Moosapet,Hyderabad,,10700000.0,1515.2,9355.0,3,3,Apartment,,,
Moosapet,Hyderabad,,15385054.88252427,1940.211690056733,9355.0,3,3,Apartment,,,
Moosapet,Hyderabad,,8860000.0,1149.0,7711.053089643168,2,2,Apartment,,,
Moosapet,Hyderabad,,7400000.0,950.0,7789.0,2,2,Apartment,,,
Moosapet,Hyderabad,,7400000.0,1116.0,7789.0,2,2,Apartment,,,
Moosapet,Hyderabad,,15385054.88252427,1940.211690056733,7789.0,3,3,Apartment,,,
Moosapet,Hyderabad,,4920000.0,950.0,5178.947368421052,2,2,Apartment,,,
Moosapet,Hyderabad,,26300000.0,2990.0,8799.0,4,4,Apartment,,,
Moosapet,Hyderabad,,26640000.0,4388.6,6070.27297999362,4,4,Apartment,,,
Moosapet,Hyderabad,,26300000.0,2590.0,8799.0,3,3,Apartment,,,
Moosapet,Hyderabad,,15385054.88252427,1940.211690056733,8799.0,3,3,Apartment,,,
Moosapet,Hyderabad,,26120000.0,2990.0,8735.785953177257,4,4,Apartment,,,
Moosapet,Hyderabad,,36700000.0,3072.0,11946.61458333333,4,4,Apartment,,,
Moosapet,Hyderabad,,13880000.0,2990.0,4642.140468227425,4,4,Apartment,,,
Moosapet,Hyderabad,,107250000.0,10195.625,14444.0,5,7,Plot,,,
Moosapet,Hyderabad,,107250000.0,10195.625,14444.0,6,5,Apartment,,,
Moosapet,Hyderabad,,14444.0,1011.6,14444.0,1,1,Apartment,,,
Moosapet,Hyderabad,,107250000.0,10195.625,7229.62962962963,3,3,Plot,,,
Moosapet,Hyderabad,,15385054.88252427,1940.211690056733,7929.575397040516,3,3,Plot,,,
Moosapet,Hyderabad,,18000000.0,1800.0,10000.0,3,3,Apartment,,,
Moosapet,Hyderabad,,18000000.0,690.2,10000.0,4,3,Apartment,,,
Moosapet,Hyderabad,,15385054.88252427,1940.211690056733,10000.0,3,3,Apartment,,,
Moosapet,Hyderabad,,16240000.0,1800.0,9022.222222222224,4,4,Apartment,,,
Moosapet,Hyderabad,,12560000.0,1800.0,6977.777777777777,3,3,Apartment,,,
Moosapet,Hyderabad,,107250000.0,4950.0,26667.0,4,5,Plot,,,
Moosapet,Hyderabad,,107250000.0,10195.625,26667.0,6,5,Apartment,,,
Moosapet,Hyderabad,,26667.0,1011.6,26667.0,1,1,Apartment,,,
Moosapet,Hyderabad,,69820000.0,4950.0,14105.0505050505,4,6,Plot,,,
Moosapet,Hyderabad,,5500000.0,1080.0,5092.0,3,2,Plot,,,
Moosapet,Hyderabad,,5500000.0,1024.4,5092.0,3,2,Apartment,,,
Moosapet,Hyderabad,,15385054.88252427,1940.211690056733,5092.0,3,3,Apartment,,,
Moosapet,Hyderabad,,6500000.0,986.0,6592.0,2,2,Apartment,,,
Moosapet,Hyderabad,,6500000.0,990.6,6592.0,2,2,Apartment,,,
Moosapet,Hyderabad,,15385054.88252427,1940.211690056733,6592.0,3,3,Apartment,,,
Moosapet,Hyderabad,,8720000.0,986.0,8843.813387423936,2,2,Apartment,,,
Moosapet,Hyderabad,,5020000.0,986.0,5091.277890466531,2,2,Apartment,,,
Moosapet,Hyderabad,,9000000.0,1158.0,7772.0,2,2,Apartment,,,
Moosapet,Hyderabad,,9000000.0,1118.0,7772.0,3,2,Apartment,,,
Moosapet,Hyderabad,,15385054.88252427,1940.211690056733,7772.0,3,3,Apartment,,,
Moosapet,Hyderabad,,7980000.0,1158.0,6891.191709844559,2,2,Apartment,,,
Moosapet,Hyderabad,,7820000.0,1158.0,6753.022452504318,2,2,Apartment,,,
Moosapet,Hyderabad,,11000000.0,1540.0,7142.0,3,3,Apartment,,,
Moosapet,Hyderabad,,11000000.0,2076.0,7142.0,3,2,Apartment,,,
Moosapet,Hyderabad,,15385054.88252427,1940.211690056733,7142.0,3,3,Apartment,,,
Moosapet,Hyderabad,,9800000.0,1540.0,6363.636363636364,3,3,Apartment,,,
Moosapet,Hyderabad,,11000000.0,1540.0,7142.857142857143,3,3,Apartment,,,
Moosapet,Hyderabad,,7000000.0,1070.0,6542.0,2,2,Apartment,,,
Moosapet,Hyderabad,,7000000.0,1121.0,6542.0,2,2,Apartment,,,
Moosapet,Hyderabad,,15385054.88252427,1940.211690056733,6542.0,3,3,Apartment,,,
Moosapet,Hyderabad,,6840000.0,1070.0,6392.523364485981,2,2,Apartment,,,
Moosapet,Hyderabad,,8000000.0,1070.0,7476.635514018692,2,2,Apartment,,,
Moosapet,Hyderabad,,16000000.0,1800.0,8889.0,7,2,Plot,,,
Moosapet,Hyderabad,,33200000.0,4706.0,7054.823629409265,7,7,Apartment,,,
Moosapet,Hyderabad,,16000000.0,1673.0,8889.0,4,2,Apartment,,,
Moosapet,Hyderabad,,15385054.88252427,1940.211690056733,8889.0,3,3,Apartment,,,
Moosapet,Hyderabad,,22700000.0,1309.4,17336.18451199022,7,2,Apartment,,,
Moosapet,Hyderabad,,12200000.0,1200.0,10166.0,2,2,Apartment,,,
Moosapet,Hyderabad,,12200000.0,1184.0,10166.0,2,2,Apartment,,,
Moosapet,Hyderabad,,10166.0,1011.6,10166.0,1,1,Apartment,,,
Moosapet,Hyderabad,,7840000.0,1200.0,6533.333333333333,2,2,Apartment,,,
Moosapet,Hyderabad,,7500000.0,1200.0,6250.0,2,2,Apartment,,,
Moosapet,Hyderabad,,8000000.0,1100.0,7272.0,3,3,Apartment,,,
Moosapet,Hyderabad,,8000000.0,937.4,7272.0,2,2,Apartment,,,
Moosapet,Hyderabad,,15385054.88252427,1940.211690056733,7272.0,3,3,Apartment,,,
Moosapet,Hyderabad,,6940000.0,1100.0,6309.090909090909,2,2,Apartment,,,
Moosapet,Hyderabad,,7160000.0,1100.0,6509.090909090909,3,3,Apartment,,,
Moosapet,Hyderabad,,12000000.0,1200.0,10000.0,2,2,Apartment,,,
Moosapet,Hyderabad,,12000000.0,1729.6,10000.0,4,2,Apartment,,,
Moosapet,Hyderabad,,5900000.0,1100.0,5363.0,3,2,Apartment,,,
Moosapet,Hyderabad,,5900000.0,1027.0,5363.0,2,2,Apartment,,,
Moosapet,Hyderabad,,15385054.88252427,1940.211690056733,5363.0,3,3,Apartment,,,
Moosapet,Hyderabad,,13700000.0,1350.0,10148.0,3,3,Apartment,,,
Moosapet,Hyderabad,,13700000.0,1543.4,10148.0,3,3,Apartment,,,
Moosapet,Hyderabad,,10148.0,1011.6,10148.0,1,1,Apartment,,,
Moosapet,Hyderabad,,7690000.0,1350.0,5696.296296296297,3,4,Apartment,,,
Moosapet,Hyderabad,,4500000.0,900.0,5000.0,2,2,Apartment,,,
Moosapet,Hyderabad,,4500000.0,995.8,5000.0,3,2,Apartment,,,
Moosapet,Hyderabad,,15385054.88252427,1940.211690056733,5000.0,3,3,Apartment,,,
Moosapet,Hyderabad,,7460000.0,900.0,8288.888888888889,2,2,Apartment,,,
Moosapet,Hyderabad,,5000000.0,810.0,6172.0,2,2,Apartment,,,
Moosapet,Hyderabad,,5000000.0,822.0,6172.0,2,2,Apartment,,,
Moosapet,Hyderabad,,15385054.88252427,1940.211690056733,6172.0,3,3,Apartment,,,
Moosapet,Hyderabad,,4662400.0,810.0,5756.049382716049,2,2,Apartment,,,
Moosapet,Hyderabad,,20000000.0,1530.0,13072.0,3,3,House,,,
Moosapet,Hyderabad,,9960000.0,2301.0,4328.552803129074,3,3,House,,,
Moosapet,Hyderabad,,20000000.0,1530.0,13072.0,3,3,Apartment,,,
Moosapet,Hyderabad,,20000000.0,2507.6,13072.0,5,3,Apartment,,,
Moosapet,Hyderabad,,13072.0,1011.6,13072.0,1,1,Apartment,,,
Moosapet,Hyderabad,,19360000.0,1530.0,12653.59477124183,3,3,Apartment,,,
Moosapet,Hyderabad,,11000000.0,780.0,14102.0,2,2,Apartment,,,
Moosapet,Hyderabad,,11000000.0,2076.0,14102.0,3,2,Apartment,,,
Moosapet,Hyderabad,,14102.0,1011.6,14102.0,1,1,Apartment,,,
Moosapet,Hyderabad,,8000000.0,780.0,10256.41025641026,2,2,Apartment,,,
Moosapet,Hyderabad,,7560000.0,780.0,9692.307692307691,2,2,Apartment,,,
Moosapet,Hyderabad,,9500000.0,1090.0,12179.0,2,2,Apartment,,,
Moosapet,Hyderabad,,9500000.0,1400.0,12179.0,3,3,Apartment,,,
Moosapet,Hyderabad,,12179.0,1011.6,12179.0,1,1,Apartment,,,
Moosapet,Hyderabad,,9400000.0,1090.0,8623.853211009175,2,2,Apartment,,,
Moosapet,Hyderabad,,11000000.0,1800.0,6111.0,3,2,Apartment,,,
Moosapet,Hyderabad,,11000000.0,2076.0,6111.0,3,2,Apartment,,,
Moosapet,Hyderabad,,15385054.88252427,1940.211690056733,6111.0,3,3,Apartment,,,
Moosapet,Hyderabad,,7400000.0,1300.0,5692.0,2,2,Apartment,,,
Moosapet,Hyderabad,,7400000.0,1116.0,5692.0,2,2,Apartment,,,
Moosapet,Hyderabad,,15385054.88252427,1940.211690056733,5692.0,3,3,Apartment,,,
Moosapet,Hyderabad,,6530000.0,1300.0,5023.076923076923,3,3,Apartment,,,
Moosapet,Hyderabad,,5960000.0,1300.0,4584.615384615385,2,2,Apartment,,,
Moosapet,Hyderabad,,19500000.0,999.0,19519.0,7,7,Plot,,,
Moosapet,Hyderabad,,19500000.0,2616.6,19519.0,6,6,Apartment,,,
Moosapet,Hyderabad,,19519.0,1011.6,19519.0,1,1,Apartment,,,
Moosapet,Hyderabad,,11100000.0,999.0,11111.11111111111,4,4,Plot,,,
Moosapet,Hyderabad,,6640000.0,9714.4,683.5213703368196,1,1,Apartment,,,
Moosapet,Hyderabad,,20000000.0,1890.0,10582.0,3,3,House,,,
Moosapet,Hyderabad,,20000000.0,1890.0,10582.0,3,3,Plot,,,
Moosapet,Hyderabad,,20000000.0,2507.6,10582.0,5,3,Apartment,,,
Moosapet,Hyderabad,,10582.0,1011.6,10582.0,1,1,Apartment,,,
Moosapet,Hyderabad,,22460000.0,1890.0,11883.59788359788,3,3,Plot,,,
Moosapet,Hyderabad,,6500000.0,1140.0,6190.0,2,2,Apartment,,,
Moosapet,Hyderabad,,6500000.0,990.6,6190.0,2,2,Apartment,,,
Moosapet,Hyderabad,,15385054.88252427,1940.211690056733,6190.0,3,3,Apartment,,,
Moosapet,Hyderabad,,6038000.0,1140.0,5296.491228070176,2,2,Apartment,,,
Moosapet,Hyderabad,,7360000.0,1150.0,6400.0,3,2,Apartment,,,
Moosapet,Hyderabad,,11900000.0,1450.0,8500.0,3,2,Apartment,,,
Moosapet,Hyderabad,,11900000.0,1380.8,8500.0,3,2,Apartment,,,
Moosapet,Hyderabad,,15385054.88252427,1940.211690056733,8500.0,3,3,Apartment,,,
Moosapet,Hyderabad,,9660000.0,1450.0,6662.068965517241,3,2,Apartment,,,
Moosapet,Hyderabad,,6200000.0,1050.0,5904.0,2,2,Apartment,,,
Moosapet,Hyderabad,,6200000.0,964.4,5904.0,2,2,Apartment,,,
Moosapet,Hyderabad,,15385054.88252427,1940.211690056733,5904.0,3,3,Apartment,,,
Moosapet,Hyderabad,,6240000.0,1050.0,5942.857142857143,2,2,Apartment,,,
Moosapet,Hyderabad,,7920000.0,1050.0,7542.857142857143,2,2,Apartment,,,
Moosapet,Hyderabad,,9000000.0,1450.0,6206.0,3,3,Apartment,,,
Moosapet,Hyderabad,,9000000.0,1118.0,6206.0,3,2,Apartment,,,
Moosapet,Hyderabad,,15385054.88252427,1940.211690056733,6206.0,3,3,Apartment,,,
Moosapet,Hyderabad,,10500000.0,1100.0,9545.0,2,2,Apartment,,,
Moosapet,Hyderabad,,10500000.0,1200.8,9545.0,4,2,Apartment,,,
Moosapet,Hyderabad,,15385054.88252427,1940.211690056733,9545.0,3,3,Apartment,,,
Musheerabad,Hyderabad,,24000000.0,1800.0,13333.0,2,2,Plot,,,
Musheerabad,Hyderabad,,3600000.0,1163.0,3095.442820292348,2,2,Apartment,,,
Musheerabad,Hyderabad,,24000000.0,2609.2,13333.0,3,3,Apartment,,,
Musheerabad,Hyderabad,,13333.0,1011.6,13333.0,1,1,Apartment,,,
Musheerabad,Hyderabad,,16240000.0,1800.0,9022.222222222224,4,4,Plot,,,
Musheerabad,Hyderabad,,9384000.0,836.0,11224.88038277512,2,2,Apartment,,,
Musheerabad,Hyderabad,,8000000.0,1170.0,6837.0,2,2,Apartment,,,
Musheerabad,Hyderabad,,8000000.0,937.4,6837.0,2,2,Apartment,,,
Musheerabad,Hyderabad,,15385054.88252427,1940.211690056733,6837.0,3,3,Apartment,,,
Musheerabad,Hyderabad,,13240000.0,1170.0,11316.23931623932,3,3,Apartment,,,
Musheerabad,Hyderabad,,35000000.0,2700.0,14815.0,4,3,Plot,,,
Musheerabad,Hyderabad,,35000000.0,3453.0,14815.0,4,4,Apartment,,,
Musheerabad,Hyderabad,,14815.0,1011.6,14815.0,1,1,Apartment,,,
Musheerabad,Hyderabad,,35281000.0,2700.0,13067.03703703704,4,4,Plot,,,
Musheerabad,Hyderabad,,15385054.88252427,1940.211690056733,7929.575397040516,3,3,Plot,,,
Musheerabad,Hyderabad,,7500000.0,1200.0,6250.0,2,2,Apartment,,,
Musheerabad,Hyderabad,,7500000.0,1248.8,6250.0,3,2,Apartment,,,
Musheerabad,Hyderabad,,15385054.88252427,1940.211690056733,6250.0,3,3,Apartment,,,
Musheerabad,Hyderabad,,7840000.0,1200.0,6533.333333333333,2,2,Apartment,,,
Musheerabad,Hyderabad,,6000000.0,1012.0,5928.0,2,2,Apartment,,,
Musheerabad,Hyderabad,,6000000.0,1387.2,5928.0,2,2,Apartment,,,
Musheerabad,Hyderabad,,15385054.88252427,1940.211690056733,5928.0,3,3,Apartment,,,
Musheerabad,Hyderabad,,6320000.0,1012.0,6245.059288537549,2,2,Apartment,,,
Musheerabad,Hyderabad,,7040000.0,1012.0,6956.521739130435,2,2,Apartment,,,
Musheerabad,Hyderabad,,6500000.0,1152.0,5642.0,3,3,Plot,,,
Musheerabad,Hyderabad,,6500000.0,990.6,5642.0,2,2,Apartment,,,
Musheerabad,Hyderabad,,15385054.88252427,1940.211690056733,5642.0,3,3,Apartment,,,
Musheerabad,Hyderabad,,7640000.0,1152.0,6631.944444444444,2,2,Plot,,,
Musheerabad,Hyderabad,,35000000.0,6000.0,5833.0,10,10,House,,,
Musheerabad,Hyderabad,,41800000.0,4212.8,9922.14204329662,10,9,Apartment,,,
Musheerabad,Hyderabad,,35000000.0,6000.0,5833.0,10,10,Plot,,,
Musheerabad,Hyderabad,,35000000.0,3453.0,5833.0,4,4,Apartment,,,
Musheerabad,Hyderabad,,15385054.88252427,1940.211690056733,5833.0,3,3,Apartment,,,
Musheerabad,Hyderabad,,57300000.0,6000.0,9550.0,8,7,Plot,,,
Musheerabad,Hyderabad,,48400000.0,4354.8,11114.17286672178,10,10,Apartment,,,
Musheerabad,Hyderabad,,17500000.0,1920.0,9114.0,3,3,Apartment,,,
Musheerabad,Hyderabad,,9960000.0,2301.0,4328.552803129074,3,3,Apartment,,,
Musheerabad,Hyderabad,,17500000.0,1898.2,9114.0,3,3,Apartment,,,
Musheerabad,Hyderabad,,15385054.88252427,1940.211690056733,9114.0,3,3,Apartment,,,
Musheerabad,Hyderabad,,16400000.0,1920.0,8541.666666666666,3,3,Apartment,,,
Musheerabad,Hyderabad,,7280000.0,2568.2,2834.670197025154,3,3,Apartment,,,
Musheerabad,Hyderabad,,13120000.0,1920.0,6833.333333333333,3,3,Apartment,,,
Musheerabad,Hyderabad,,7000000.0,1385.0,5054.0,3,3,Apartment,,,
Musheerabad,Hyderabad,,7000000.0,1121.0,5054.0,2,2,Apartment,,,
Musheerabad,Hyderabad,,15385054.88252427,1940.211690056733,5054.0,3,3,Apartment,,,
Musheerabad,Hyderabad,,7900000.0,1385.0,5703.971119133574,3,2,Apartment,,,
Musheerabad,Hyderabad,,10000000.0,1500.0,6666.0,3,2,Apartment,,,
Musheerabad,Hyderabad,,10000000.0,1220.4,6666.0,2,3,Apartment,,,
Musheerabad,Hyderabad,,15385054.88252427,1940.211690056733,6666.0,3,3,Apartment,,,
Musheerabad,Hyderabad,,9080000.0,1500.0,6053.333333333333,3,3,Apartment,,,
Musheerabad,Hyderabad,,58400000.0,3870.0,15090.0,4,4,Plot,,,
Musheerabad,Hyderabad,,58400000.0,4092.0,15090.0,7,9,Apartment,,,
Musheerabad,Hyderabad,,15090.0,1011.6,15090.0,1,1,Apartment,,,
Musheerabad,Hyderabad,,63560000.0,3870.0,16423.77260981912,4,3,Plot,,,
Musheerabad,Hyderabad,,15385054.88252427,1940.211690056733,7929.575397040516,3,3,Apartment,,,
Musheerabad,Hyderabad,,12000000.0,738.0,16260.0,1,1,Plot,,,
Musheerabad,Hyderabad,,6640000.0,9714.4,683.5213703368196,1,1,Apartment,,,
Musheerabad,Hyderabad,,12000000.0,1729.6,16260.0,4,2,Apartment,,,
Musheerabad,Hyderabad,,16260.0,1011.6,16260.0,1,1,Apartment,,,
Musheerabad,Hyderabad,,7720000.0,738.0,10460.70460704607,2,2,Plot,,,
Musheerabad,Hyderabad,,19520000.0,5987.2,3260.288615713522,1,1,Apartment,,,
Musheerabad,Hyderabad,,4900000.0,743.0,6594.0,2,2,Apartment,,,
Musheerabad,Hyderabad,,4900000.0,810.4,6594.0,2,2,Apartment,,,
Musheerabad,Hyderabad,,15385054.88252427,1940.211690056733,6594.0,3,3,Apartment,,,
Musheerabad,Hyderabad,,4840000.0,743.0,6514.131897711978,2,2,Apartment,,,
Musheerabad,Hyderabad,,4740000.0,743.0,6379.542395693136,2,2,Apartment,,,
Musheerabad,Hyderabad,,4700000.0,924.0,5086.0,2,2,Apartment,,,
Musheerabad,Hyderabad,,4700000.0,1034.8,5086.0,2,2,Apartment,,,
Musheerabad,Hyderabad,,15385054.88252427,1940.211690056733,5086.0,3,3,Apartment,,,
Musheerabad,Hyderabad,,6180000.0,924.0,6688.311688311688,2,2,Apartment,,,
Musheerabad,Hyderabad,,4500000.0,820.0,5487.0,2,2,Apartment,,,
Musheerabad,Hyderabad,,4500000.0,995.8,5487.0,3,2,Apartment,,,
Musheerabad,Hyderabad,,15385054.88252427,1940.211690056733,5487.0,3,3,Apartment,,,
Musheerabad,Hyderabad,,4780000.0,820.0,5829.268292682927,2,2,Apartment,,,
Musheerabad,Hyderabad,,4500000.0,1057.0,4257.0,2,2,Apartment,,,
Musheerabad,Hyderabad,,4500000.0,995.8,4257.0,3,2,Apartment,,,
Musheerabad,Hyderabad,,15385054.88252427,1940.211690056733,4257.0,3,3,Apartment,,,
Musheerabad,Hyderabad,,5300000.0,1057.0,5014.191106906339,2,2,Apartment,,,
Musheerabad,Hyderabad,,7820000.0,1057.0,7398.297067171239,2,2,Apartment,,,
Musheerabad,Hyderabad,,4300000.0,950.0,4526.0,2,2,Apartment,,,
Musheerabad,Hyderabad,,4300000.0,768.0,4526.0,2,2,Apartment,,,
Musheerabad,Hyderabad,,15385054.88252427,1940.211690056733,4526.0,3,3,Apartment,,,
Musheerabad,Hyderabad,,4920000.0,950.0,5178.947368421052,2,2,Apartment,,,
Musheerabad,Hyderabad,,4300000.0,850.0,5058.0,2,2,Apartment,,,
Musheerabad,Hyderabad,,4300000.0,768.0,5058.0,2,2,Apartment,,,
Musheerabad,Hyderabad,,15385054.88252427,1940.211690056733,5058.0,3,3,Apartment,,,
Musheerabad,Hyderabad,,4180000.0,850.0,4917.64705882353,2,2,Apartment,,,
Musheerabad,Hyderabad,,4600000.0,840.0,5476.190476190476,2,2,Apartment,,,
Musheerabad,Hyderabad,,3800000.0,750.0,5066.0,2,2,Apartment,,,
Musheerabad,Hyderabad,,3800000.0,840.0,5066.0,2,2,Apartment,,,
Musheerabad,Hyderabad,,15385054.88252427,1940.211690056733,5066.0,3,3,Apartment,,,
Musheerabad,Hyderabad,,3920000.0,750.0,5226.666666666667,2,2,Apartment,,,
Musheerabad,Hyderabad,,4800000.0,743.0,6460.0,2,2,Apartment,,,
Musheerabad,Hyderabad,,4800000.0,1203.0,6460.0,2,2,Apartment,,,
Musheerabad,Hyderabad,,15385054.88252427,1940.211690056733,6460.0,3,3,Apartment,,,
Musheerabad,Hyderabad,,4000000.0,800.0,5000.0,2,2,Apartment,,,
Musheerabad,Hyderabad,,4000000.0,605.6,5000.0,2,2,Apartment,,,
Musheerabad,Hyderabad,,15385054.88252427,1940.211690056733,5000.0,3,3,Apartment,,,
Musheerabad,Hyderabad,,4720000.0,800.0,5900.0,2,2,Apartment,,,
Musheerabad,Hyderabad,,4800000.0,1124.4,4268.943436499466,2,2,Apartment,,,
Musheerabad,Hyderabad,,4800000.0,1203.0,3990.024937655861,2,2,Apartment,,,
Musheerabad,Hyderabad,,240000.0,1011.6,237.2479240806643,1,1,Apartment,,,
Musheerabad,Hyderabad,,3500000.0,600.0,5833.0,2,2,Apartment,,,
Musheerabad,Hyderabad,,3500000.0,680.0,5833.0,2,2,Apartment,,,
Musheerabad,Hyderabad,,7200000.0,600.0,12000.0,1,1,Apartment,,,
Musheerabad,Hyderabad,,3500000.0,750.0,4666.0,2,2,Apartment,,,
Musheerabad,Hyderabad,,3500000.0,680.0,4666.0,2,2,Apartment,,,
Musheerabad,Hyderabad,,15385054.88252427,1940.211690056733,4666.0,3,3,Apartment,,,
Musheerabad,Hyderabad,,4820000.0,750.0,6426.666666666667,2,2,Apartment,,,
Musheerabad,Hyderabad,,3500000.0,825.0,4242.0,2,2,Apartment,,,
Musheerabad,Hyderabad,,3500000.0,680.0,4242.0,2,2,Apartment,,,
Musheerabad,Hyderabad,,15385054.88252427,1940.211690056733,4242.0,3,3,Apartment,,,
Musheerabad,Hyderabad,,4140000.0,825.0,5018.181818181818,2,2,Apartment,,,
Musheerabad,Hyderabad,,7780000.0,850.0,9152.941176470587,2,2,Apartment,,,
Musheerabad,Hyderabad,,5500000.0,900.0,6111.0,2,2,House,,,
Musheerabad,Hyderabad,,3600000.0,1163.0,3095.442820292348,2,2,House,,,
Musheerabad,Hyderabad,,5500000.0,900.0,6111.0,2,2,Apartment,,,
Musheerabad,Hyderabad,,5500000.0,1024.4,6111.0,3,2,Apartment,,,
Musheerabad,Hyderabad,,15385054.88252427,1940.211690056733,6111.0,3,3,Apartment,,,
Musheerabad,Hyderabad,,7460000.0,900.0,8288.888888888889,2,2,Apartment,,,
Musheerabad,Hyderabad,,6100000.0,900.0,6777.777777777777,2,2,House,,,
Musheerabad,Hyderabad,,5500000.0,925.0,5945.0,2,2,Apartment,,,
Musheerabad,Hyderabad,,5500000.0,1024.4,5945.0,3,2,Apartment,,,
Musheerabad,Hyderabad,,15385054.88252427,1940.211690056733,5945.0,3,3,Apartment,,,
Musheerabad,Hyderabad,,6340000.0,925.0,6854.054054054054,2,2,Apartment,,,
Musheerabad,Hyderabad,,5500000.0,1045.0,6111.0,2,2,Apartment,,,
Musheerabad,Hyderabad,,5320000.0,1045.0,5090.909090909091,2,2,Apartment,,,
Musheerabad,Hyderabad,,7435800.0,1100.0,6759.818181818182,2,2,Apartment,,,
Musheerabad,Hyderabad,,5900000.0,1012.0,5830.0,2,2,Apartment,,,
Musheerabad,Hyderabad,,5900000.0,1027.0,5830.0,2,2,Apartment,,,
Musheerabad,Hyderabad,,15385054.88252427,1940.211690056733,5830.0,3,3,Apartment,,,
Musheerabad,Hyderabad,,5800000.0,1000.0,5800.0,2,2,Apartment,,,
Musheerabad,Hyderabad,,5800000.0,832.0,5800.0,2,2,Apartment,,,
Musheerabad,Hyderabad,,15385054.88252427,1940.211690056733,5800.0,3,3,Apartment,,,
Musheerabad,Hyderabad,,4940000.0,1000.0,4940.0,3,2,Apartment,,,
Musheerabad,Hyderabad,,8210000.0,1000.0,8210.0,2,2,Apartment,,,
Musheerabad,Hyderabad,,5700000.0,820.0,6951.0,2,2,Apartment,,,
Musheerabad,Hyderabad,,5700000.0,970.8,6951.0,2,2,Apartment,,,
Musheerabad,Hyderabad,,15385054.88252427,1940.211690056733,6951.0,3,3,Apartment,,,
Musheerabad,Hyderabad,,3800000.0,850.0,4470.0,2,2,Apartment,,,
Musheerabad,Hyderabad,,3800000.0,840.0,4470.0,2,2,Apartment,,,
Musheerabad,Hyderabad,,15385054.88252427,1940.211690056733,4470.0,3,3,Apartment,,,
Musheerabad,Hyderabad,,5000000.0,1073.0,4659.0,2,2,Apartment,,,
Musheerabad,Hyderabad,,5000000.0,822.0,4659.0,2,2,Apartment,,,
Musheerabad,Hyderabad,,15385054.88252427,1940.211690056733,4659.0,3,3,Apartment,,,
Musheerabad,Hyderabad,,5400000.0,1073.0,5032.618825722274,2,2,Apartment,,,
Musheerabad,Hyderabad,,5000000.0,840.0,5952.0,2,2,Apartment,,,
Musheerabad,Hyderabad,,5000000.0,822.0,5952.0,2,2,Apartment,,,
Musheerabad,Hyderabad,,15385054.88252427,1940.211690056733,5952.0,3,3,Apartment,,,
Musheerabad,Hyderabad,,5000000.0,1200.0,4166.0,2,2,Apartment,,,
Musheerabad,Hyderabad,,5000000.0,822.0,4166.0,2,2,Apartment,,,
Musheerabad,Hyderabad,,15385054.88252427,1940.211690056733,4166.0,3,3,Apartment,,,
Musheerabad,Hyderabad,,6920000.0,1200.0,5766.666666666667,2,2,Apartment,,,
Musheerabad,Hyderabad,,5400000.0,900.0,6000.0,2,2,Apartment,,,
Musheerabad,Hyderabad,,5400000.0,1185.0,6000.0,2,2,Apartment,,,
Musheerabad,Hyderabad,,15385054.88252427,1940.211690056733,6000.0,3,3,Apartment,,,
Musheerabad,Hyderabad,,5800000.0,1050.0,5524.0,2,2,House,,,
Musheerabad,Hyderabad,,5800000.0,1050.0,5524.0,2,2,Apartment,,,
Musheerabad,Hyderabad,,5800000.0,832.0,5524.0,2,2,Apartment,,,
Musheerabad,Hyderabad,,15385054.88252427,1940.211690056733,5524.0,3,3,Apartment,,,
Musheerabad,Hyderabad,,6240000.0,1050.0,5942.857142857143,2,2,Apartment,,,
Musheerabad,Hyderabad,,7920000.0,1050.0,7542.857142857143,2,2,House,,,
Musheerabad,Hyderabad,,4000000.0,825.0,4848.0,2,2,Apartment,,,
Musheerabad,Hyderabad,,4000000.0,605.6,4848.0,2,2,Apartment,,,
Musheerabad,Hyderabad,,15385054.88252427,1940.211690056733,4848.0,3,3,Apartment,,,
Musheerabad,Hyderabad,,6000000.0,950.0,6315.0,2,2,Apartment,,,
Musheerabad,Hyderabad,,6000000.0,1387.2,6315.0,2,2,Apartment,,,
Musheerabad,Hyderabad,,15385054.88252427,1940.211690056733,6315.0,3,3,Apartment,,,
Musheerabad,Hyderabad,,6000000.0,1350.0,4444.0,2,2,Apartment,,,
Musheerabad,Hyderabad,,6000000.0,1387.2,4444.0,2,2,Apartment,,,
Musheerabad,Hyderabad,,15385054.88252427,1940.211690056733,4444.0,3,3,Apartment,,,
Musheerabad,Hyderabad,,7690000.0,1350.0,5696.296296296297,3,4,Apartment,,,
Musheerabad,Hyderabad,,6500000.0,1133.0,5736.0,2,2,Apartment,,,
Musheerabad,Hyderabad,,6500000.0,990.6,5736.0,2,2,Apartment,,,
Musheerabad,Hyderabad,,15385054.88252427,1940.211690056733,5736.0,3,3,Apartment,,,
Musheerabad,Hyderabad,,11260000.0,1133.0,9938.21712268314,3,2,Apartment,,,
Nizampet,Hyderabad,,14020000.0,1805.0,7051.0,3,3,Apartment,,,
Nizampet,Hyderabad,,9960000.0,2301.0,4328.552803129074,3,3,Apartment,,,
Nizampet,Hyderabad,,15385054.88252427,1940.211690056733,7051.0,3,3,Apartment,,,
Nizampet,Hyderabad,,15385054.88252427,1940.211690056733,7929.575397040516,3,3,Apartment,,,
Nizampet,Hyderabad,,20800000.0,1805.0,11523.54570637119,3,3,Apartment,,,
Nizampet,Hyderabad,,14020000.0,1805.0,7767.313019390582,3,3,Apartment,,,
Nizampet,Hyderabad,,12020000.0,2514.0,4781.225139220366,3,2,Apartment,,,
Nizampet,Hyderabad,,8849000.0,1649.0,5366.282595512432,3,4,Apartment,,,
Nizampet,Hyderabad,,12489800.0,1649.0,7574.166161309885,3,2,Apartment,,,
Nizampet,Hyderabad,,12000000.0,1884.0,6369.0,3,3,Apartment,,,
Nizampet,Hyderabad,,12000000.0,1729.6,6369.0,4,2,Apartment,,,
Nizampet,Hyderabad,,15385054.88252427,1940.211690056733,6369.0,3,3,Apartment,,,
Nizampet,Hyderabad,,17240000.0,1884.0,9150.743099787684,3,3,Apartment,,,
Nizampet,Hyderabad,,15000000.0,2075.0,7228.0,3,2,Apartment,,,
Nizampet,Hyderabad,,15000000.0,1596.0,7228.0,2,3,Apartment,,,
Nizampet,Hyderabad,,15385054.88252427,1940.211690056733,7228.0,3,3,Apartment,,,
Nizampet,Hyderabad,,37120000.0,2075.0,17889.15662650602,3,3,Apartment,,,
Nizampet,Hyderabad,,13000000.0,1685.0,7715.0,3,3,Apartment,,,
Nizampet,Hyderabad,,13000000.0,1350.2,7715.0,2,3,Apartment,,,
Nizampet,Hyderabad,,15385054.88252427,1940.211690056733,7715.0,3,3,Apartment,,,
Nizampet,Hyderabad,,11975600.0,1685.0,7107.181008902077,3,3,Apartment,,,
Nizampet,Hyderabad,,11920000.0,1680.0,7095.238095238095,3,3,Apartment,,,
Nizampet,Hyderabad,,5400000.0,1115.0,4843.0,2,2,Apartment,,,
Nizampet,Hyderabad,,3600000.0,1163.0,3095.442820292348,2,2,Apartment,,,
Nizampet,Hyderabad,,5400000.0,1185.0,4843.0,2,2,Apartment,,,
Nizampet,Hyderabad,,15385054.88252427,1940.211690056733,4843.0,3,3,Apartment,,,
Nizampet,Hyderabad,,6660000.0,1115.0,5973.094170403588,2,2,Apartment,,,
Nizampet,Hyderabad,,9384000.0,836.0,11224.88038277512,2,2,Apartment,,,
Nizampet,Hyderabad,,8660000.0,1115.0,7766.816143497758,2,2,Apartment,,,
Nizampet,Hyderabad,,32000000.0,4800.0,6666.0,6,7,House,,,
Nizampet,Hyderabad,,48600000.0,4050.0,12000.0,6,6,Apartment,,,
Nizampet,Hyderabad,,32000000.0,4800.0,6666.0,6,7,Plot,,,
Nizampet,Hyderabad,,32000000.0,3077.0,6666.0,5,6,Apartment,,,
Nizampet,Hyderabad,,15385054.88252427,1940.211690056733,6666.0,3,3,Apartment,,,
Nizampet,Hyderabad,,41898800.0,4800.0,8728.916666666666,5,6,Plot,,,
Nizampet,Hyderabad,,86400000.0,5412.0,15964.52328159645,6,7,Apartment,,,
Nizampet,Hyderabad,,28000000.0,1215.0,23045.0,3,4,Plot,,,
Nizampet,Hyderabad,,28000000.0,5730.8,23045.0,4,4,Apartment,,,
Nizampet,Hyderabad,,23045.0,1011.6,23045.0,1,1,Apartment,,,
Nizampet,Hyderabad,,11400000.0,1215.0,9382.716049382716,2,3,Plot,,,
Nizampet,Hyderabad,,7500000.0,1115.0,6726.0,2,2,Apartment,,,
Nizampet,Hyderabad,,7500000.0,1248.8,6726.0,3,2,Apartment,,,
Nizampet,Hyderabad,,15385054.88252427,1940.211690056733,6726.0,3,3,Apartment,,,
Nizampet,Hyderabad,,7800000.0,1246.0,6260.0,3,2,Apartment,,,
Nizampet,Hyderabad,,7800000.0,1283.0,6260.0,2,2,Apartment,,,
Nizampet,Hyderabad,,15385054.88252427,1940.211690056733,6260.0,3,3,Apartment,,,
Nizampet,Hyderabad,,7480000.0,1246.0,6003.210272873194,3,2,Apartment,,,
Nizampet,Hyderabad,,9240000.0,1246.0,7415.730337078651,3,2,Apartment,,,
Nizampet,Hyderabad,,24800000.0,6688.0,4133.0,1,1,Apartment,,,
Nizampet,Hyderabad,,6640000.0,9714.4,683.5213703368196,1,1,Apartment,,,
Nizampet,Hyderabad,,24800000.0,6688.0,4133.0,1,1,Plot,,,
Nizampet,Hyderabad,,24800000.0,4183.0,4133.0,4,3,Apartment,,,
Nizampet,Hyderabad,,15385054.88252427,1940.211690056733,4133.0,3,3,Apartment,,,
Nizampet,Hyderabad,,40080000.0,6688.0,5992.822966507177,3,5,Plot,,,
Nizampet,Hyderabad,,19520000.0,5987.2,3260.288615713522,1,1,Apartment,,,
Nizampet,Hyderabad,,4800000.0,1045.0,4593.0,2,2,Apartment,,,
Nizampet,Hyderabad,,4800000.0,1203.0,4593.0,2,2,Apartment,,,
Nizampet,Hyderabad,,15385054.88252427,1940.211690056733,4593.0,3,3,Apartment,,,
Nizampet,Hyderabad,,5320000.0,1045.0,5090.909090909091,2,2,Apartment,,,
Nizampet,Hyderabad,,6500000.0,1255.0,5179.0,2,2,Apartment,,,
Nizampet,Hyderabad,,6500000.0,990.6,5179.0,2,2,Apartment,,,
Nizampet,Hyderabad,,15385054.88252427,1940.211690056733,5179.0,3,3,Apartment,,,
Nizampet,Hyderabad,,6580000.0,1255.0,5243.027888446215,2,2,Apartment,,,
Nizampet,Hyderabad,,5500000.0,1250.0,4400.0,2,2,Apartment,,,
Nizampet,Hyderabad,,5500000.0,1024.4,4400.0,3,2,Apartment,,,
Nizampet,Hyderabad,,15385054.88252427,1940.211690056733,4400.0,3,3,Apartment,,,
Nizampet,Hyderabad,,6450000.0,1250.0,5160.0,2,2,Apartment,,,
Nizampet,Hyderabad,,32000000.0,5400.0,5925.0,5,4,Apartment,,,
Nizampet,Hyderabad,,46000000.0,3877.2,11864.23191994223,5,5,Apartment,,,
Nizampet,Hyderabad,,32000000.0,3077.0,5925.0,5,6,Apartment,,,
Nizampet,Hyderabad,,15385054.88252427,1940.211690056733,5925.0,3,3,Apartment,,,
Nizampet,Hyderabad,,27840000.0,5400.0,5155.555555555556,2,3,Apartment,,,
Nizampet,Hyderabad,,49600000.0,3985.2,12446.05038642979,5,4,Apartment,,,
Nizampet,Hyderabad,,25140000.0,5400.0,4655.555555555556,5,4,Apartment,,,
Nizampet,Hyderabad,,10000000.0,1274.0,7849.0,2,2,Apartment,,,
Nizampet,Hyderabad,,10000000.0,1220.4,7849.0,2,3,Apartment,,,
Nizampet,Hyderabad,,15385054.88252427,1940.211690056733,7849.0,3,3,Apartment,,,
Nizampet,Hyderabad,,9800000.0,1274.0,7692.307692307692,2,2,Apartment,,,
Nizampet,Hyderabad,,29000000.0,1800.0,1307.0,4,5,Villa,,,
Nizampet,Hyderabad,,26640000.0,4388.6,6070.27297999362,4,4,Apartment,,,
Nizampet,Hyderabad,,29000000.0,1800.0,1307.0,4,5,Plot,,,
Nizampet,Hyderabad,,29000000.0,2055.6,1307.0,4,4,Apartment,,,
Nizampet,Hyderabad,,15385054.88252427,1940.211690056733,1307.0,3,3,Apartment,,,
Nizampet,Hyderabad,,16240000.0,1800.0,9022.222222222224,4,4,Plot,,,
Nizampet,Hyderabad,,35080000.0,3252.4,10785.88119542492,4,5,Apartment,,,
Nizampet,Hyderabad,,5940600.0,2466.0,2409.002433090024,4,5,Villa,,,
Nizampet,Hyderabad,,8700000.0,1530.0,5686.0,3,3,Apartment,,,
Nizampet,Hyderabad,,8700000.0,1344.0,5686.0,2,3,Apartment,,,
Nizampet,Hyderabad,,15385054.88252427,1940.211690056733,5686.0,3,3,Apartment,,,
Nizampet,Hyderabad,,19360000.0,1530.0,12653.59477124183,3,3,Apartment,,,
Nizampet,Hyderabad,,33000000.0,1503.0,21956.0,3,3,House,,,
Nizampet,Hyderabad,,33000000.0,1503.0,21956.0,3,3,Plot,,,
Nizampet,Hyderabad,,33000000.0,2021.2,21956.0,4,5,Apartment,,,
Nizampet,Hyderabad,,21956.0,1011.6,21956.0,1,1,Apartment,,,
Nizampet,Hyderabad,,10749000.0,1503.0,7151.696606786427,3,3,Plot,,,
Nizampet,Hyderabad,,11680000.0,2090.0,5588.516746411483,3,3,House,,,
Nizampet,Hyderabad,,6700000.0,1110.0,6036.0,2,2,Apartment,,,
Nizampet,Hyderabad,,6700000.0,1211.0,6036.0,2,2,Apartment,,,
Nizampet,Hyderabad,,15385054.88252427,1940.211690056733,6036.0,3,3,Apartment,,,
Nizampet,Hyderabad,,7600000.0,1110.0,6846.846846846847,2,2,Apartment,,,
Nizampet,Hyderabad,,8320000.0,1110.0,7495.495495495496,2,2,Apartment,,,
Nizampet,Hyderabad,,8500000.0,1220.0,6967.0,2,2,Apartment,,,
Nizampet,Hyderabad,,8500000.0,1363.2,6967.0,3,2,Apartment,,,
Nizampet,Hyderabad,,15385054.88252427,1940.211690056733,6967.0,3,3,Apartment,,,
Nizampet,Hyderabad,,8100000.0,1220.0,6639.344262295082,3,2,Apartment,,,
Nizampet,Hyderabad,,6220000.0,1220.0,5098.360655737705,2,2,Apartment,,,
Nizampet,Hyderabad,,5200000.0,1125.0,4888.0,2,2,Apartment,,,
Nizampet,Hyderabad,,5200000.0,1289.6,4888.0,2,2,Apartment,,,
Nizampet,Hyderabad,,15385054.88252427,1940.211690056733,4888.0,3,3,Apartment,,,
Nizampet,Hyderabad,,7060000.0,1125.0,6275.555555555556,2,2,Apartment,,,
Nizampet,Hyderabad,,5400000.0,950.0,5684.0,2,2,Apartment,,,
Nizampet,Hyderabad,,5400000.0,1185.0,5684.0,2,2,Apartment,,,
Nizampet,Hyderabad,,15385054.88252427,1940.211690056733,5684.0,3,3,Apartment,,,
Nizampet,Hyderabad,,4920000.0,950.0,5178.947368421052,2,2,Apartment,,,
Nizampet,Hyderabad,,6700000.0,950.0,7052.631578947368,2,2,Apartment,,,
Nizampet,Hyderabad,,5800000.0,1080.0,5370.0,2,2,Apartment,,,
Nizampet,Hyderabad,,5800000.0,832.0,5370.0,2,2,Apartment,,,
Nizampet,Hyderabad,,15385054.88252427,1940.211690056733,5370.0,3,3,Apartment,,,
Nizampet,Hyderabad,,4400000.0,1080.0,4074.074074074074,2,3,Apartment,,,
Nizampet,Hyderabad,,38000000.0,1800.0,21111.0,4,4,Plot,,,
Nizampet,Hyderabad,,38000000.0,2298.6,21111.0,4,4,Apartment,,,
Nizampet,Hyderabad,,21111.0,1011.6,21111.0,1,1,Apartment,,,
Nizampet,Hyderabad,,13000000.0,1470.0,8843.0,3,2,Apartment,,,
Nizampet,Hyderabad,,13000000.0,1350.2,8843.0,2,3,Apartment,,,
Nizampet,Hyderabad,,15385054.88252427,1940.211690056733,8843.0,3,3,Apartment,,,
Nizampet,Hyderabad,,12300000.0,1470.0,8367.34693877551,3,3,Apartment,,,
Nizampet,Hyderabad,,6966000.0,1265.0,5506.0,2,2,Apartment,,,
Nizampet,Hyderabad,,6966000.0,1182.0,5506.0,2,2,Apartment,,,
Nizampet,Hyderabad,,15385054.88252427,1940.211690056733,5506.0,3,3,Apartment,,,
Nizampet,Hyderabad,,7673200.0,1265.0,6065.770750988142,2,2,Apartment,,,
Nizampet,Hyderabad,,14500000.0,1680.0,8630.0,3,3,Apartment,,,
Nizampet,Hyderabad,,14500000.0,1672.8,8630.0,3,3,Apartment,,,
Nizampet,Hyderabad,,15385054.88252427,1940.211690056733,8630.0,3,3,Apartment,,,
Nizampet,Hyderabad,,12400000.0,1680.0,7380.952380952381,3,3,Apartment,,,
Nizampet,Hyderabad,,16000000.0,1350.0,12307.0,4,4,Plot,,,
Nizampet,Hyderabad,,16000000.0,1673.0,12307.0,4,2,Apartment,,,
Nizampet,Hyderabad,,12307.0,1011.6,12307.0,1,1,Apartment,,,
Nizampet,Hyderabad,,7690000.0,1350.0,5696.296296296297,3,4,Plot,,,
Nizampet,Hyderabad,,15385054.88252427,1940.211690056733,7929.575397040516,3,3,Plot,,,
Nizampet,Hyderabad,,11500000.0,1760.0,6534.0,3,3,Apartment,,,
Nizampet,Hyderabad,,11500000.0,1464.0,6534.0,3,3,Apartment,,,
Nizampet,Hyderabad,,15385054.88252427,1940.211690056733,6534.0,3,3,Apartment,,,
Nizampet,Hyderabad,,12700000.0,1760.0,7215.909090909091,3,3,Apartment,,,
Nizampet,Hyderabad,,6500000.0,1005.0,6467.0,2,2,Apartment,,,
Nizampet,Hyderabad,,6500000.0,990.6,6467.0,2,2,Apartment,,,
Nizampet,Hyderabad,,15385054.88252427,1940.211690056733,6467.0,3,3,Apartment,,,
Nizampet,Hyderabad,,7100000.0,1005.0,7064.676616915423,2,2,Apartment,,,
Nizampet,Hyderabad,,16000000.0,10195.625,8988.0,3,3,House,,,
Nizampet,Hyderabad,,9960000.0,2301.0,4328.552803129074,3,3,House,,,
Nizampet,Hyderabad,,16000000.0,10195.625,8988.0,3,3,Plot,,,
Nizampet,Hyderabad,,16000000.0,1673.0,8988.0,4,2,Apartment,,,
Nizampet,Hyderabad,,15385054.88252427,1940.211690056733,8988.0,3,3,Apartment,,,
Nizampet,Hyderabad,,89600000.0,10195.625,3829.059829059829,2,2,Plot,,,
Nizampet,Hyderabad,,7000000.0,1330.0,5263.0,2,2,Apartment,,,
Nizampet,Hyderabad,,7000000.0,1121.0,5263.0,2,2,Apartment,,,
Nizampet,Hyderabad,,15385054.88252427,1940.211690056733,5263.0,3,3,Apartment,,,
Nizampet,Hyderabad,,8000000.0,1330.0,6015.037593984963,2,2,Apartment,,,
Nizampet,Hyderabad,,8000000.0,1190.0,6722.0,2,2,Apartment,,,
Nizampet,Hyderabad,,8000000.0,937.4,6722.0,2,2,Apartment,,,
Nizampet,Hyderabad,,15385054.88252427,1940.211690056733,6722.0,3,3,Apartment,,,
Nizampet,Hyderabad,,7010000.0,1190.0,5890.756302521008,2,2,Apartment,,,
Nizampet,Hyderabad,,14000000.0,1675.0,8358.0,3,3,Apartment,,,
Nizampet,Hyderabad,,14000000.0,1493.0,8358.0,3,3,Apartment,,,
Nizampet,Hyderabad,,15385054.88252427,1940.211690056733,8358.0,3,3,Apartment,,,
Nizampet,Hyderabad,,12600000.0,1675.0,7522.388059701492,3,3,Apartment,,,
Nizampet,Hyderabad,,15260000.0,1675.0,9110.44776119403,3,3,Apartment,,,
Nizampet,Hyderabad,,10000000.0,1100.0,9090.0,2,2,Apartment,,,
Nizampet,Hyderabad,,10000000.0,1220.4,9090.0,2,3,Apartment,,,
Nizampet,Hyderabad,,15385054.88252427,1940.211690056733,9090.0,3,3,Apartment,,,
Nizampet,Hyderabad,,6940000.0,1100.0,6309.090909090909,2,2,Apartment,,,
Nizampet,Hyderabad,,27000000.0,1350.0,20000.0,6,6,Villa,,,
Nizampet,Hyderabad,,27000000.0,1350.0,20000.0,6,6,Plot,,,
Nizampet,Hyderabad,,27000000.0,1702.8,20000.0,6,7,Apartment,,,
Nizampet,Hyderabad,,20000.0,1011.6,20000.0,1,1,Apartment,,,
Nizampet,Hyderabad,,6200000.0,1050.0,5904.0,2,2,Apartment,,,
Nizampet,Hyderabad,,6200000.0,964.4,5904.0,2,2,Apartment,,,
Nizampet,Hyderabad,,15385054.88252427,1940.211690056733,5904.0,3,3,Apartment,,,
Nizampet,Hyderabad,,6240000.0,1050.0,5942.857142857143,2,2,Apartment,,,
Nizampet,Hyderabad,,7920000.0,1050.0,7542.857142857143,2,2,Apartment,,,
Nizampet,Hyderabad,,6000000.0,1165.0,5150.0,2,2,Apartment,,,
Nizampet,Hyderabad,,6000000.0,1387.2,5150.0,2,2,Apartment,,,
Nizampet,Hyderabad,,15385054.88252427,1940.211690056733,5150.0,3,3,Apartment,,,
Nizampet,Hyderabad,,7200000.0,1165.0,6180.257510729613,2,2,Apartment,,,
Nizampet,Hyderabad,,7000000.0,1125.0,6222.0,2,2,Apartment,,,
Nizampet,Hyderabad,,7000000.0,1121.0,6222.0,2,2,Apartment,,,
Nizampet,Hyderabad,,15385054.88252427,1940.211690056733,6222.0,3,3,Apartment,,,
Nizampet,Hyderabad,,6140000.0,1125.0,5457.777777777777,2,2,Apartment,,,
Nizampet,Hyderabad,,6300000.0,900.0,7000.0,2,2,Apartment,,,
Nizampet,Hyderabad,,6300000.0,947.4,7000.0,2,2,Apartment,,,
Nizampet,Hyderabad,,15385054.88252427,1940.211690056733,7000.0,3,3,Apartment,,,
Nizampet,Hyderabad,,7460000.0,900.0,8288.888888888889,2,2,Apartment,,,
Nizampet,Hyderabad,,16700000.0,2150.0,7767.0,3,3,Apartment,,,
Nizampet,Hyderabad,,16700000.0,1746.0,7767.0,4,4,Apartment,,,
Nizampet,Hyderabad,,15385054.88252427,1940.211690056733,7767.0,3,3,Apartment,,,
Nizampet,Hyderabad,,16840000.0,2150.0,7832.558139534884,3,3,Apartment,,,
Nizampet,Hyderabad,,9900000.0,990.0,10000.0,2,2,Plot,,,
Nizampet,Hyderabad,,9900000.0,1676.0,10000.0,4,3,Apartment,,,
Nizampet,Hyderabad,,15385054.88252427,1940.211690056733,10000.0,3,3,Apartment,,,
Nizampet,Hyderabad,,9380000.0,990.0,9474.747474747475,2,1,Plot,,,
Nizampet,Hyderabad,,67500000.0,3240.0,22500.0,4,5,Villa,,,
Nizampet,Hyderabad,,67500000.0,3240.0,22500.0,4,5,Plot,,,
Nizampet,Hyderabad,,67500000.0,3477.6,22500.0,4,4,Apartment,,,
Nizampet,Hyderabad,,22500.0,1011.6,22500.0,1,1,Apartment,,,
Nizampet,Hyderabad,,55360000.0,3240.0,17086.41975308642,4,5,Plot,,,
Nizampet,Hyderabad,,22000000.0,2550.0,8627.0,4,4,Apartment,,,
Nizampet,Hyderabad,,22000000.0,2587.6,8627.0,2,3,Apartment,,,
Nizampet,Hyderabad,,15385054.88252427,1940.211690056733,8627.0,3,3,Apartment,,,
Nizampet,Hyderabad,,17760000.0,2550.0,6964.705882352941,6,5,Apartment,,,
Nizampet,Hyderabad,,5400000.0,1160.0,4655.0,2,2,Apartment,,,
Nizampet,Hyderabad,,5400000.0,1185.0,4655.0,2,2,Apartment,,,
Nizampet,Hyderabad,,15385054.88252427,1940.211690056733,4655.0,3,3,Apartment,,,
Nizampet,Hyderabad,,6680000.0,1160.0,5758.620689655172,2,2,Apartment,,,
Nizampet,Hyderabad,,12000000.0,1940.0,8000.0,3,3,Apartment,,,
Nizampet,Hyderabad,,12000000.0,1729.6,8000.0,4,2,Apartment,,,
Nizampet,Hyderabad,,15385054.88252427,1940.211690056733,8000.0,3,3,Apartment,,,
Nizampet,Hyderabad,,11081000.0,1940.0,5711.855670103093,3,3,Apartment,,,
Nizampet,Hyderabad,,5750000.0,1250.0,4600.0,2,2,Apartment,,,
Nizampet,Hyderabad,,5750000.0,936.0,4600.0,2,2,Apartment,,,
Nizampet,Hyderabad,,15385054.88252427,1940.211690056733,4600.0,3,3,Apartment,,,
Nizampet,Hyderabad,,45000000.0,9800.0,4591.0,6,4,Apartment,,,
Nizampet,Hyderabad,,45000000.0,5601.2,4591.0,4,4,Apartment,,,
Nizampet,Hyderabad,,15385054.88252427,1940.211690056733,4591.0,3,3,Apartment,,,
Nizampet,Hyderabad,,26080000.0,9800.0,2661.224489795919,4,3,Apartment,,,
Nizampet,Hyderabad,,25200000.0,9800.0,2571.428571428572,5,4,Apartment,,,
Pragathi Nagar,Hyderabad,,8800000.0,1250.0,7040.0,2,2,Apartment,,,
Pragathi Nagar,Hyderabad,,3600000.0,1163.0,3095.442820292348,2,2,Apartment,,,
Pragathi Nagar,Hyderabad,,8800000.0,1329.0,7040.0,2,2,Apartment,,,
Pragathi Nagar,Hyderabad,,15385054.88252427,1940.211690056733,7040.0,3,3,Apartment,,,
Pragathi Nagar,Hyderabad,,6450000.0,1250.0,5160.0,2,2,Apartment,,,
Pragathi Nagar,Hyderabad,,9384000.0,836.0,11224.88038277512,2,2,Apartment,,,
Pragathi Nagar,Hyderabad,,32000000.0,2950.0,10847.0,4,4,Plot,,,
Pragathi Nagar,Hyderabad,,26640000.0,4388.6,6070.27297999362,4,4,Apartment,,,
Pragathi Nagar,Hyderabad,,32000000.0,3077.0,10847.0,5,6,Apartment,,,
Pragathi Nagar,Hyderabad,,10847.0,1011.6,10847.0,1,1,Apartment,,,
Pragathi Nagar,Hyderabad,,23400000.0,2950.0,7932.203389830508,4,4,Plot,,,
Pragathi Nagar,Hyderabad,,36700000.0,3072.0,11946.61458333333,4,4,Apartment,,,
Pragathi Nagar,Hyderabad,,13520000.0,1853.0,7296.276308688613,3,3,Apartment,,,
Pragathi Nagar,Hyderabad,,7609999.999999999,1960.0,3882.653061224489,3,3,Apartment,,,
Pragathi Nagar,Hyderabad,,12242000.0,1960.0,6245.918367346939,3,3,Apartment,,,
Pragathi Nagar,Hyderabad,,25000000.0,1800.0,13889.0,5,5,Plot,,,
Pragathi Nagar,Hyderabad,,25000000.0,2600.4,13889.0,3,4,Apartment,,,
Pragathi Nagar,Hyderabad,,13889.0,1011.6,13889.0,1,1,Apartment,,,
Pragathi Nagar,Hyderabad,,16240000.0,1800.0,9022.222222222224,4,4,Plot,,,
Pragathi Nagar,Hyderabad,,15385054.88252427,1940.211690056733,7929.575397040516,3,3,Plot,,,
Pragathi Nagar,Hyderabad,,12500000.0,1395.0,8960.0,3,3,Apartment,,,
Pragathi Nagar,Hyderabad,,9960000.0,2301.0,4328.552803129074,3,3,Apartment,,,
Pragathi Nagar,Hyderabad,,12500000.0,1542.8,8960.0,3,3,Apartment,,,
Pragathi Nagar,Hyderabad,,15385054.88252427,1940.211690056733,8960.0,3,3,Apartment,,,
Pragathi Nagar,Hyderabad,,9900000.0,1395.0,7096.774193548387,3,3,Apartment,,,
Pragathi Nagar,Hyderabad,,7280000.0,2568.2,2834.670197025154,3,3,Apartment,,,
Pragathi Nagar,Hyderabad,,13000000.0,1395.0,9318.996415770607,3,3,Apartment,,,
Pragathi Nagar,Hyderabad,,26640000.0,4388.6,6070.27297999362,4,4,Villa,,,
Pragathi Nagar,Hyderabad,,8714000.0,5447.0,1599.779695245089,4,4,Apartment,,,
Pragathi Nagar,Hyderabad,,5862800.0,5447.0,1076.335597576648,4,4,Apartment,,,
Pragathi Nagar,Hyderabad,,14900000.0,1595.0,14294.0,3,3,Apartment,,,
Pragathi Nagar,Hyderabad,,14900000.0,1573.0,14294.0,3,3,Apartment,,,
Pragathi Nagar,Hyderabad,,14294.0,1011.6,14294.0,1,1,Apartment,,,
Pragathi Nagar,Hyderabad,,14060000.0,1595.0,8815.047021943574,3,3,Apartment,,,
Pragathi Nagar,Hyderabad,,9900000.0,1155.0,8571.0,2,2,Apartment,,,
Pragathi Nagar,Hyderabad,,9900000.0,1676.0,8571.0,4,3,Apartment,,,
Pragathi Nagar,Hyderabad,,15385054.88252427,1940.211690056733,8571.0,3,3,Apartment,,,
Pragathi Nagar,Hyderabad,,9900000.0,1155.0,8571.42857142857,2,2,Apartment,,,
Pragathi Nagar,Hyderabad,,6200000.0,950.0,6526.0,2,2,Apartment,,,
Pragathi Nagar,Hyderabad,,6200000.0,964.4,6526.0,2,2,Apartment,,,
Pragathi Nagar,Hyderabad,,15385054.88252427,1940.211690056733,6526.0,3,3,Apartment,,,
Pragathi Nagar,Hyderabad,,4920000.0,950.0,5178.947368421052,2,2,Apartment,,,
Pragathi Nagar,Hyderabad,,5040000.0,950.0,5305.263157894737,2,2,Apartment,,,
Pragathi Nagar,Hyderabad,,10000000.0,1275.0,7843.0,2,2,Apartment,,,
Pragathi Nagar,Hyderabad,,10000000.0,1220.4,7843.0,2,3,Apartment,,,
Pragathi Nagar,Hyderabad,,15385054.88252427,1940.211690056733,7843.0,3,3,Apartment,,,
Pragathi Nagar,Hyderabad,,9600000.0,1275.0,7529.411764705882,2,2,Apartment,,,
Pragathi Nagar,Hyderabad,,6620000.0,1275.0,5192.156862745098,2,2,Apartment,,,
Pragathi Nagar,Hyderabad,,8500000.0,1383.0,6146.0,3,2,Apartment,,,
Pragathi Nagar,Hyderabad,,8500000.0,1363.2,6146.0,3,2,Apartment,,,
Pragathi Nagar,Hyderabad,,15385054.88252427,1940.211690056733,6146.0,3,3,Apartment,,,
Pragathi Nagar,Hyderabad,,8200000.0,1383.0,5929.139551699204,3,2,Apartment,,,
Pragathi Nagar,Hyderabad,,13360000.0,1383.0,9660.159074475778,3,2,Apartment,,,
Pragathi Nagar,Hyderabad,,8500000.0,1383.0,6146.0,3,3,Apartment,,,
Pragathi Nagar,Hyderabad,,12500000.0,1843.0,6782.0,3,3,Apartment,,,
Pragathi Nagar,Hyderabad,,12500000.0,1542.8,6782.0,3,3,Apartment,,,
Pragathi Nagar,Hyderabad,,15385054.88252427,1940.211690056733,6782.0,3,3,Apartment,,,
Pragathi Nagar,Hyderabad,,11460000.0,1843.0,6218.122626153011,3,3,Apartment,,,
Pragathi Nagar,Hyderabad,,14620000.0,1843.0,7932.718393922952,3,3,Apartment,,,
Pragathi Nagar,Hyderabad,,8500000.0,1200.0,7083.0,2,2,Apartment,,,
Pragathi Nagar,Hyderabad,,8500000.0,1363.2,7083.0,3,2,Apartment,,,
Pragathi Nagar,Hyderabad,,15385054.88252427,1940.211690056733,7083.0,3,3,Apartment,,,
Pragathi Nagar,Hyderabad,,7840000.0,1200.0,6533.333333333333,2,2,Apartment,,,
Pragathi Nagar,Hyderabad,,6920000.0,1200.0,5766.666666666667,2,2,Apartment,,,
Pragathi Nagar,Hyderabad,,9200000.0,1580.0,5822.0,3,2,Apartment,,,
Pragathi Nagar,Hyderabad,,9200000.0,1520.6,5822.0,3,2,Apartment,,,
Pragathi Nagar,Hyderabad,,15385054.88252427,1940.211690056733,5822.0,3,3,Apartment,,,
Pragathi Nagar,Hyderabad,,13600000.0,1580.0,8607.594936708861,3,2,Apartment,,,
Pragathi Nagar,Hyderabad,,12560000.0,1580.0,7949.367088607595,3,2,Apartment,,,
Pragathi Nagar,Hyderabad,,5900000.0,975.0,6051.0,2,2,Apartment,,,
Pragathi Nagar,Hyderabad,,5900000.0,1027.0,6051.0,2,2,Apartment,,,
Pragathi Nagar,Hyderabad,,15385054.88252427,1940.211690056733,6051.0,3,3,Apartment,,,
Pragathi Nagar,Hyderabad,,5660000.0,975.0,5805.128205128205,2,2,Apartment,,,
Pragathi Nagar,Hyderabad,,5300000.0,1059.0,5004.721435316336,2,2,Apartment,,,
Pragathi Nagar,Hyderabad,,8700000.0,1480.0,5878.0,3,3,Apartment,,,
Pragathi Nagar,Hyderabad,,8700000.0,1344.0,5878.0,2,3,Apartment,,,
Pragathi Nagar,Hyderabad,,15385054.88252427,1940.211690056733,5878.0,3,3,Apartment,,,
Pragathi Nagar,Hyderabad,,11480000.0,1480.0,7756.756756756757,3,3,Apartment,,,
Pragathi Nagar,Hyderabad,,12880000.0,1480.0,8702.702702702703,3,3,Apartment,,,
Pragathi Nagar,Hyderabad,,6200000.0,1076.0,5762.0,2,1,Apartment,,,
Pragathi Nagar,Hyderabad,,6200000.0,964.4,5762.0,2,2,Apartment,,,
Pragathi Nagar,Hyderabad,,15385054.88252427,1940.211690056733,5762.0,3,3,Apartment,,,
Pragathi Nagar,Hyderabad,,6180000.0,1076.0,5743.494423791822,2,2,Apartment,,,
Pragathi Nagar,Hyderabad,,13000000.0,2000.0,6500.0,3,4,Apartment,,,
Pragathi Nagar,Hyderabad,,13000000.0,1350.2,6500.0,2,3,Apartment,,,
Pragathi Nagar,Hyderabad,,15385054.88252427,1940.211690056733,6500.0,3,3,Apartment,,,
Pragathi Nagar,Hyderabad,,14100000.0,2000.0,7050.0,3,3,Apartment,,,
Pragathi Nagar,Hyderabad,,15200000.0,2000.0,7600.0,3,4,Apartment,,,
Pragathi Nagar,Hyderabad,,6000000.0,1050.0,5714.0,2,2,Apartment,,,
Pragathi Nagar,Hyderabad,,6000000.0,1387.2,5714.0,2,2,Apartment,,,
Pragathi Nagar,Hyderabad,,15385054.88252427,1940.211690056733,5714.0,3,3,Apartment,,,
Pragathi Nagar,Hyderabad,,6240000.0,1050.0,5942.857142857143,2,2,Apartment,,,
Pragathi Nagar,Hyderabad,,14500000.0,1891.0,7667.0,3,3,Apartment,,,
Pragathi Nagar,Hyderabad,,14500000.0,1672.8,7667.0,3,3,Apartment,,,
Pragathi Nagar,Hyderabad,,15385054.88252427,1940.211690056733,7667.0,3,3,Apartment,,,
Pragathi Nagar,Hyderabad,,21360000.0,1891.0,11295.61078794289,3,3,Apartment,,,
Pragathi Nagar,Hyderabad,,5900000.0,1085.0,5437.0,2,2,Apartment,,,
Pragathi Nagar,Hyderabad,,5900000.0,1027.0,5437.0,2,2,Apartment,,,
Pragathi Nagar,Hyderabad,,15385054.88252427,1940.211690056733,5437.0,3,3,Apartment,,,
Pragathi Nagar,Hyderabad,,6060000.0,1085.0,5585.253456221199,2,2,Apartment,,,
Pragathi Nagar,Hyderabad,,6420000.0,1085.0,5917.05069124424,2,2,Apartment,,,
Pragathi Nagar,Hyderabad,,7500000.0,1188.0,6313.0,2,2,Apartment,,,
Pragathi Nagar,Hyderabad,,7500000.0,1248.8,6313.0,3,2,Apartment,,,
Pragathi Nagar,Hyderabad,,15385054.88252427,1940.211690056733,6313.0,3,3,Apartment,,,
Pragathi Nagar,Hyderabad,,6805200.0,1188.0,5728.282828282829,2,2,Apartment,,,
Pragathi Nagar,Hyderabad,,10000000.0,1400.0,7142.0,3,3,Apartment,,,
Pragathi Nagar,Hyderabad,,10000000.0,1220.4,7142.0,2,3,Apartment,,,
Pragathi Nagar,Hyderabad,,15385054.88252427,1940.211690056733,7142.0,3,3,Apartment,,,
Pragathi Nagar,Hyderabad,,21300000.0,1400.0,15214.28571428571,3,2,Apartment,,,
Pragathi Nagar,Hyderabad,,6300000.0,950.0,6631.0,2,2,Apartment,,,
Pragathi Nagar,Hyderabad,,6300000.0,947.4,6631.0,2,2,Apartment,,,
Pragathi Nagar,Hyderabad,,15385054.88252427,1940.211690056733,6631.0,3,3,Apartment,,,
Pragathi Nagar,Hyderabad,,12000000.0,1155.0,10389.0,2,2,Apartment,,,
Pragathi Nagar,Hyderabad,,12000000.0,1729.6,10389.0,4,2,Apartment,,,
Pragathi Nagar,Hyderabad,,10389.0,1011.6,10389.0,1,1,Apartment,,,
Pragathi Nagar,Hyderabad,,6100000.0,950.0,6421.0,2,2,Apartment,,,
Pragathi Nagar,Hyderabad,,6100000.0,929.6,6421.0,2,2,Apartment,,,
Pragathi Nagar,Hyderabad,,15385054.88252427,1940.211690056733,6421.0,3,3,Apartment,,,
Pragathi Nagar,Hyderabad,,9689000.0,1685.0,5750.0,3,3,Apartment,,,
Pragathi Nagar,Hyderabad,,9689000.0,5387.0,5750.0,3,2,Apartment,,,
Pragathi Nagar,Hyderabad,,15385054.88252427,1940.211690056733,5750.0,3,3,Apartment,,,
Pragathi Nagar,Hyderabad,,11975600.0,1685.0,7107.181008902077,3,3,Apartment,,,
Pragathi Nagar,Hyderabad,,5500000.0,1165.0,4721.0,2,2,Apartment,,,
Pragathi Nagar,Hyderabad,,5500000.0,1024.4,4721.0,3,2,Apartment,,,
Pragathi Nagar,Hyderabad,,15385054.88252427,1940.211690056733,4721.0,3,3,Apartment,,,
Pragathi Nagar,Hyderabad,,7200000.0,1165.0,6180.257510729613,2,2,Apartment,,,
Pragathi Nagar,Hyderabad,,9200000.0,1543.0,8000.0,3,2,Apartment,,,
Pragathi Nagar,Hyderabad,,9200000.0,1520.6,8000.0,3,2,Apartment,,,
Pragathi Nagar,Hyderabad,,15385054.88252427,1940.211690056733,8000.0,3,3,Apartment,,,
Pragathi Nagar,Hyderabad,,8980000.0,1543.0,5819.831497083604,3,2,Apartment,,,
Pragathi Nagar,Hyderabad,,9800000.0,1543.0,6351.263771872975,3,2,Apartment,,,
Pragathi Nagar,Hyderabad,,9200000.0,1450.0,6344.0,3,2,Apartment,,,
Pragathi Nagar,Hyderabad,,9200000.0,1520.6,6344.0,3,2,Apartment,,,
Pragathi Nagar,Hyderabad,,15385054.88252427,1940.211690056733,6344.0,3,3,Apartment,,,
Pragathi Nagar,Hyderabad,,9660000.0,1450.0,6662.068965517241,3,2,Apartment,,,
Pragathi Nagar,Hyderabad,,13580000.0,1450.0,9365.51724137931,3,3,Apartment,,,
Pragathi Nagar,Hyderabad,,14800000.0,2205.0,6700.0,3,3,Apartment,,,
Pragathi Nagar,Hyderabad,,14800000.0,2104.2,6700.0,3,3,Apartment,,,
Pragathi Nagar,Hyderabad,,15385054.88252427,1940.211690056733,6700.0,3,3,Apartment,,,
Pragathi Nagar,Hyderabad,,13084800.0,2205.0,5934.149659863946,3,3,Apartment,,,
Pragathi Nagar,Hyderabad,,15880000.0,2205.0,7201.814058956916,3,3,Apartment,,,
Pragathi Nagar,Hyderabad,,8133000.0,1768.0,4600.0,3,3,Apartment,,,
Pragathi Nagar,Hyderabad,,8133000.0,1485.2,4600.0,2,2,Apartment,,,
Pragathi Nagar,Hyderabad,,15385054.88252427,1940.211690056733,4600.0,3,3,Apartment,,,
Pragathi Nagar,Hyderabad,,13053200.0,1768.0,7383.031674208145,3,3,Apartment,,,
Pragathi Nagar,Hyderabad,,13213200.0,1768.0,7473.529411764706,3,3,Apartment,,,
Pragathi Nagar,Hyderabad,,11200000.0,1670.0,6700.0,3,3,Apartment,,,
Pragathi Nagar,Hyderabad,,11200000.0,1746.0,6700.0,3,2,Apartment,,,
Pragathi Nagar,Hyderabad,,10642800.0,1670.0,6372.934131736527,3,3,Apartment,,,
Pragathi Nagar,Hyderabad,,14440000.0,1670.0,8646.706586826347,3,3,Apartment,,,
Pragathi Nagar,Hyderabad,,10900000.0,1625.0,6700.0,2,2,Apartment,,,
Pragathi Nagar,Hyderabad,,10900000.0,1564.4,6700.0,3,3,Apartment,,,
Pragathi Nagar,Hyderabad,,11960000.0,1625.0,7360.0,2,2,Apartment,,,
Pragathi Nagar,Hyderabad,,9040000.0,1625.0,5563.076923076923,2,2,Apartment,,,
Pragathi Nagar,Hyderabad,,8640000.0,1600.0,5400.0,3,3,Apartment,,,
Pragathi Nagar,Hyderabad,,8640000.0,1606.8,5400.0,3,3,Apartment,,,
Pragathi Nagar,Hyderabad,,15385054.88252427,1940.211690056733,5400.0,3,3,Apartment,,,
Pragathi Nagar,Hyderabad,,9986200.0,1600.0,6241.375,3,3,Apartment,,,
Pragathi Nagar,Hyderabad,,6426000.000000001,1190.0,5400.0,2,2,Apartment,,,
Pragathi Nagar,Hyderabad,,6426000.000000001,2276.0,5400.0,2,2,Apartment,,,
Pragathi Nagar,Hyderabad,,7010000.0,1190.0,5890.756302521008,2,2,Apartment,,,
Pragathi Nagar,Hyderabad,,6198000.0,1190.0,5208.0,2,2,Apartment,,,
Pragathi Nagar,Hyderabad,,6198000.0,997.2,5208.0,2,2,Apartment,,,
Pragathi Nagar,Hyderabad,,15385054.88252427,1940.211690056733,5208.0,3,3,Apartment,,,
Pragathi Nagar,Hyderabad,,7334000.0,1410.0,5205.0,3,3,Apartment,,,
Pragathi Nagar,Hyderabad,,7334000.0,1434.0,5205.0,3,3,Apartment,,,
Pragathi Nagar,Hyderabad,,15385054.88252427,1940.211690056733,5205.0,3,3,Apartment,,,
Pragathi Nagar,Hyderabad,,10633600.0,1410.0,7541.560283687943,2,2,Apartment,,,
Pragathi Nagar,Hyderabad,,6700000.0,1290.0,5193.0,2,2,Apartment,,,
Pragathi Nagar,Hyderabad,,6700000.0,1211.0,5193.0,2,2,Apartment,,,
Pragathi Nagar,Hyderabad,,15385054.88252427,1940.211690056733,5193.0,3,3,Apartment,,,
Pragathi Nagar,Hyderabad,,8200000.0,1290.0,6356.589147286822,2,2,Apartment,,,
Pragathi Nagar,Hyderabad,,43800000.0,3582.0,12222.0,3,3,Plot,,,
Pragathi Nagar,Hyderabad,,43800000.0,5392.8,12222.0,5,4,Apartment,,,
Pragathi Nagar,Hyderabad,,12222.0,1011.6,12222.0,1,1,Apartment,,,
Pragathi Nagar,Hyderabad,,46320000.0,3582.0,12931.32328308208,4,5,Plot,,,
Pragathi Nagar,Hyderabad,,13000000.0,1770.0,7344.0,3,2,Apartment,,,
Pragathi Nagar,Hyderabad,,13000000.0,1350.2,7344.0,2,3,Apartment,,,
Pragathi Nagar,Hyderabad,,15385054.88252427,1940.211690056733,7344.0,3,3,Apartment,,,
Pragathi Nagar,Hyderabad,,12053200.0,1770.0,6809.717514124294,3,3,Apartment,,,
Pragathi Nagar,Hyderabad,,6700000.0,1255.0,7112.0,2,2,Apartment,,,
Pragathi Nagar,Hyderabad,,6700000.0,1211.0,7112.0,2,2,Apartment,,,
Pragathi Nagar,Hyderabad,,15385054.88252427,1940.211690056733,7112.0,3,3,Apartment,,,
Pragathi Nagar,Hyderabad,,6580000.0,1255.0,5243.027888446215,2,2,Apartment,,,
Pragathi Nagar,Hyderabad,,8134999.999999999,1403.0,5798.0,2,2,Apartment,,,
Pragathi Nagar,Hyderabad,,8134999.999999999,1485.2,5798.0,2,2,Apartment,,,
Pragathi Nagar,Hyderabad,,15385054.88252427,1940.211690056733,5798.0,3,3,Apartment,,,
Pragathi Nagar,Hyderabad,,11494000.0,1403.0,8192.444761225945,2,3,Apartment,,,
Pragathi Nagar,Hyderabad,,8487000.0,1403.0,6049.180327868852,2,2,Apartment,,,
Pragathi Nagar,Hyderabad,,36900000.0,3075.0,12000.0,4,4,Villa,,,
Pragathi Nagar,Hyderabad,,36900000.0,3075.0,12000.0,4,4,Plot,,,
Pragathi Nagar,Hyderabad,,36900000.0,3990.0,12000.0,6,6,Apartment,,,
Pragathi Nagar,Hyderabad,,12000.0,1011.6,12000.0,1,1,Apartment,,,
Pragathi Nagar,Hyderabad,,46480000.0,3075.0,15115.44715447154,4,4,Plot,,,
Pragathi Nagar,Hyderabad,,21960000.0,3075.0,7141.463414634146,4,4,Villa,,,
Pragathi Nagar,Hyderabad,,39000000.0,1908.0,20440.0,3,3,Villa,,,
Pragathi Nagar,Hyderabad,,39000000.0,1908.0,20440.0,3,3,Plot,,,
Pragathi Nagar,Hyderabad,,39000000.0,3100.8,20440.0,3,5,Apartment,,,
Pragathi Nagar,Hyderabad,,20440.0,1011.6,20440.0,1,1,Apartment,,,
Pragathi Nagar,Hyderabad,,30140000.0,1908.0,15796.64570230608,3,3,Plot,,,
Pragathi Nagar,Hyderabad,,38500000.0,1953.0,12833.0,4,4,Villa,,,
Pragathi Nagar,Hyderabad,,38500000.0,1953.0,12833.0,4,4,Plot,,,
Pragathi Nagar,Hyderabad,,38500000.0,3320.4,12833.0,4,4,Apartment,,,
Pragathi Nagar,Hyderabad,,12833.0,1011.6,12833.0,1,1,Apartment,,,
Pragathi Nagar,Hyderabad,,27700000.0,1953.0,14183.30773169483,3,3,Plot,,,
Pragathi Nagar,Hyderabad,,10000000.0,1676.0,5966.0,3,3,Apartment,,,
Pragathi Nagar,Hyderabad,,10000000.0,1220.4,5966.0,2,3,Apartment,,,
Pragathi Nagar,Hyderabad,,15385054.88252427,1940.211690056733,5966.0,3,3,Apartment,,,
Pragathi Nagar,Hyderabad,,11800000.0,1676.0,7040.572792362768,3,3,Apartment,,,
Pragathi Nagar,Hyderabad,,9100000.0,1503.0,6054.0,2,2,Apartment,,,
Pragathi Nagar,Hyderabad,,9100000.0,1534.2,6054.0,2,2,Apartment,,,
Pragathi Nagar,Hyderabad,,15385054.88252427,1940.211690056733,6054.0,3,3,Apartment,,,
Pragathi Nagar,Hyderabad,,10749000.0,1503.0,7151.696606786427,3,3,Apartment,,,
Pragathi Nagar,Hyderabad,,13200000.0,2200.0,6000.0,3,3,Apartment,,,
Pragathi Nagar,Hyderabad,,13200000.0,1642.8,6000.0,2,3,Apartment,,,
Pragathi Nagar,Hyderabad,,15385054.88252427,1940.211690056733,6000.0,3,3,Apartment,,,
Pragathi Nagar,Hyderabad,,13084800.0,2200.0,5947.636363636364,3,3,Apartment,,,
Ram Nagar,Hyderabad,,27000000.0,2232.0,12097.0,10,10,Villa,,,
Ram Nagar,Hyderabad,,41800000.0,4212.8,9922.14204329662,10,9,Apartment,,,
Ram Nagar,Hyderabad,,27000000.0,2232.0,12097.0,10,10,Plot,,,
Ram Nagar,Hyderabad,,27000000.0,1702.8,12097.0,6,7,Apartment,,,
Ram Nagar,Hyderabad,,12097.0,1011.6,12097.0,1,1,Apartment,,,
Ram Nagar,Hyderabad,,28599000.0,2232.0,12813.17204301075,7,8,Plot,,,
Ram Nagar,Hyderabad,,48400000.0,4354.8,11114.17286672178,10,10,Apartment,,,
Ram Nagar,Hyderabad,,30780000.0,2232.0,13790.32258064516,10,10,Villa,,,
Ram Nagar,Hyderabad,,3500000.0,200.0,17500.0,2,2,Apartment,,,
Ram Nagar,Hyderabad,,3600000.0,1163.0,3095.442820292348,2,2,Apartment,,,
Ram Nagar,Hyderabad,,3500000.0,680.0,17500.0,2,2,Apartment,,,
Ram Nagar,Hyderabad,,17500.0,1011.6,17500.0,1,1,Apartment,,,
Ram Nagar,Hyderabad,,10700000.0,200.0,44211.83576956148,2,2,Apartment,,,
Ram Nagar,Hyderabad,,9384000.0,836.0,11224.88038277512,2,2,Apartment,,,
Ram Nagar,Hyderabad,,3500000.0,1000.0,3500.0,2,2,Apartment,,,
Ram Nagar,Hyderabad,,3500000.0,680.0,3500.0,2,2,Apartment,,,
Ram Nagar,Hyderabad,,15385054.88252427,1940.211690056733,3500.0,3,3,Apartment,,,
Ram Nagar,Hyderabad,,4940000.0,1000.0,4940.0,3,2,Apartment,,,
Ram Nagar,Hyderabad,,3800000.0,920.0,4130.0,2,2,Apartment,,,
Ram Nagar,Hyderabad,,3800000.0,840.0,4130.0,2,2,Apartment,,,
Ram Nagar,Hyderabad,,15385054.88252427,1940.211690056733,4130.0,3,3,Apartment,,,
Ram Nagar,Hyderabad,,5000000.0,920.0,5434.782608695652,2,2,Apartment,,,
Ram Nagar,Hyderabad,,20000000.0,3600.0,5556.0,7,7,Apartment,,,
Ram Nagar,Hyderabad,,33200000.0,4706.0,7054.823629409265,7,7,Apartment,,,
Ram Nagar,Hyderabad,,20000000.0,2507.6,5556.0,5,3,Apartment,,,
Ram Nagar,Hyderabad,,15385054.88252427,1940.211690056733,5556.0,3,3,Apartment,,,
Ram Nagar,Hyderabad,,40200000.0,3600.0,11166.66666666667,3,4,Apartment,,,
Ram Nagar,Hyderabad,,15800000.0,1933.8,8170.441617540594,7,7,Apartment,,,
Ram Nagar,Hyderabad,,4800000.0,729.0,6584.0,3,2,Plot,,,
Ram Nagar,Hyderabad,,4800000.0,1203.0,6584.0,2,2,Apartment,,,
Ram Nagar,Hyderabad,,15385054.88252427,1940.211690056733,6584.0,3,3,Apartment,,,
Ram Nagar,Hyderabad,,4640000.0,729.0,6364.883401920439,2,3,Plot,,,
Ram Nagar,Hyderabad,,15385054.88252427,1940.211690056733,7929.575397040516,3,3,Plot,,,
Ram Nagar,Hyderabad,,4500000.0,1057.0,4257.0,2,2,Apartment,,,
Ram Nagar,Hyderabad,,4500000.0,995.8,4257.0,3,2,Apartment,,,
Ram Nagar,Hyderabad,,15385054.88252427,1940.211690056733,4257.0,3,3,Apartment,,,
Ram Nagar,Hyderabad,,5300000.0,1057.0,5014.191106906339,2,2,Apartment,,,
Ram Nagar,Hyderabad,,7820000.0,1057.0,7398.297067171239,2,2,Apartment,,,
Ram Nagar,Hyderabad,,4700000.0,1100.0,4272.0,2,2,Apartment,,,
Ram Nagar,Hyderabad,,4700000.0,1034.8,4272.0,2,2,Apartment,,,
Ram Nagar,Hyderabad,,15385054.88252427,1940.211690056733,4272.0,3,3,Apartment,,,
Ram Nagar,Hyderabad,,6940000.0,1100.0,6309.090909090909,2,2,Apartment,,,
Ram Nagar,Hyderabad,,7435800.0,1100.0,6759.818181818182,2,2,Apartment,,,
Ram Nagar,Hyderabad,,4800000.0,743.0,6460.0,2,2,Apartment,,,
Ram Nagar,Hyderabad,,4800000.0,1203.0,6460.0,2,2,Apartment,,,
Ram Nagar,Hyderabad,,15385054.88252427,1940.211690056733,6460.0,3,3,Apartment,,,
Ram Nagar,Hyderabad,,4840000.0,743.0,6514.131897711978,2,2,Apartment,,,
Ram Nagar,Hyderabad,,4900000.0,743.0,6594.0,2,2,Apartment,,,
Ram Nagar,Hyderabad,,4900000.0,810.4,6594.0,2,2,Apartment,,,
Ram Nagar,Hyderabad,,15385054.88252427,1940.211690056733,6594.0,3,3,Apartment,,,
Ram Nagar,Hyderabad,,4740000.0,743.0,6379.542395693136,2,2,Apartment,,,
Ram Nagar,Hyderabad,,4700000.0,1025.0,4585.0,2,2,Apartment,,,
Ram Nagar,Hyderabad,,4700000.0,1034.8,4585.0,2,2,Apartment,,,
Ram Nagar,Hyderabad,,15385054.88252427,1940.211690056733,4585.0,3,3,Apartment,,,
Ram Nagar,Hyderabad,,4860000.0,1025.0,4741.463414634146,2,2,Apartment,,,
Ram Nagar,Hyderabad,,4800000.0,1025.0,4682.926829268293,2,2,Apartment,,,
Ram Nagar,Hyderabad,,5000000.0,822.0,44211.83576956148,2,2,Plot,,,
Ram Nagar,Hyderabad,,5000000.0,822.0,44211.83576956148,2,2,Apartment,,,
Ram Nagar,Hyderabad,,56818.0,1011.6,44211.83576956148,1,1,Apartment,,,
Ram Nagar,Hyderabad,,5000000.0,1073.0,4659.0,2,2,Apartment,,,
Ram Nagar,Hyderabad,,5000000.0,822.0,4659.0,2,2,Apartment,,,
Ram Nagar,Hyderabad,,15385054.88252427,1940.211690056733,4659.0,3,3,Apartment,,,
Ram Nagar,Hyderabad,,5400000.0,1073.0,5032.618825722274,2,2,Apartment,,,
Ram Nagar,Hyderabad,,5000000.0,840.0,5952.0,2,2,Apartment,,,
Ram Nagar,Hyderabad,,5000000.0,822.0,5952.0,2,2,Apartment,,,
Ram Nagar,Hyderabad,,15385054.88252427,1940.211690056733,5952.0,3,3,Apartment,,,
Ram Nagar,Hyderabad,,4600000.0,840.0,5476.190476190476,2,2,Apartment,,,
Ram Nagar,Hyderabad,,5100000.0,803.0,6351.0,2,3,Apartment,,,
Ram Nagar,Hyderabad,,5100000.0,913.8,6351.0,2,2,Apartment,,,
Ram Nagar,Hyderabad,,15385054.88252427,1940.211690056733,6351.0,3,3,Apartment,,,
Ram Nagar,Hyderabad,,4840000.0,803.0,6027.397260273972,2,3,Apartment,,,
Ram Nagar,Hyderabad,,4880000.0,800.0,6100.0,2,3,Apartment,,,
Ram Nagar,Hyderabad,,3500000.0,800.0,4375.0,2,2,Apartment,,,
Ram Nagar,Hyderabad,,3500000.0,680.0,4375.0,2,2,Apartment,,,
Ram Nagar,Hyderabad,,15385054.88252427,1940.211690056733,4375.0,3,3,Apartment,,,
Ram Nagar,Hyderabad,,4720000.0,800.0,5900.0,2,2,Apartment,,,
Shamirpet,Hyderabad,,6405000.0,2700.0,3888.0,4,3,Plot,,,
Shamirpet,Hyderabad,,6405000.0,2758.0,3888.0,2,2,Apartment,,,
Shamirpet,Hyderabad,,6405000.0,2758.0,2322.335025380711,2,2,Apartment,,,
Shamirpet,Hyderabad,,15385054.88252427,1940.211690056733,3888.0,3,3,Apartment,,,
Shamirpet,Hyderabad,,35281000.0,2700.0,13067.03703703704,4,4,Plot,,,
Shamirpet,Hyderabad,,15385054.88252427,1940.211690056733,7929.575397040516,3,3,Plot,,,
Shamirpet,Hyderabad,,23360000.0,6595.0,7999.0,4,4,Apartment,,,
Shamirpet,Hyderabad,,26640000.0,4388.6,6070.27297999362,4,4,Apartment,,,
Shamirpet,Hyderabad,,15385054.88252427,1940.211690056733,7999.0,3,3,Apartment,,,
Shamirpet,Hyderabad,,15385054.88252427,1940.211690056733,7929.575397040516,3,3,Apartment,,,
Shamirpet,Hyderabad,,45280000.0,6595.0,6865.807429871114,3,3,Apartment,,,
Shamirpet,Hyderabad,,8720000.0,6501.0,1341.332102753422,4,4,Villa,,,
Shamirpet,Hyderabad,,32360000.0,3780.0,8560.846560846561,4,3,Plot,,,
Shamirpet,Hyderabad,,5250000.0,3513.4,1494.279045938407,2,2,Plot,,,
Shamirpet,Hyderabad,,4400000.0,1800.0,2444.0,3,3,Plot,,,
Shamirpet,Hyderabad,,4400000.0,1481.2,2444.0,2,2,Apartment,,,
Shamirpet,Hyderabad,,15385054.88252427,1940.211690056733,2444.0,3,3,Apartment,,,
Shamirpet,Hyderabad,,16240000.0,1800.0,9022.222222222224,4,4,Plot,,,
Shamirpet,Hyderabad,,8000000.0,1800.0,4444.0,3,3,Plot,,,
Shamirpet,Hyderabad,,8000000.0,937.4,4444.0,2,2,Apartment,,,
Shamirpet,Hyderabad,,15385054.88252427,1940.211690056733,4444.0,3,3,Apartment,,,
Shamirpet,Hyderabad,,5600000.0,2106.0,2659.0,2,3,Plot,,,
Shamirpet,Hyderabad,,5600000.0,1537.2,2659.0,2,2,Apartment,,,
Shamirpet,Hyderabad,,15385054.88252427,1940.211690056733,2659.0,3,3,Apartment,,,
Shamirpet,Hyderabad,,16440000.0,2106.0,7806.267806267806,3,3,Plot,,,
Shamirpet,Hyderabad,,50800000.0,6534.0,7775.0,5,6,Plot,,,
Shamirpet,Hyderabad,,50800000.0,5819.6,7775.0,6,5,Apartment,,,
Shamirpet,Hyderabad,,15385054.88252427,1940.211690056733,7775.0,3,3,Apartment,,,
Shamirpet,Hyderabad,,45280000.0,6534.0,6929.905111723294,4,3,Plot,,,
Shamirpet,Hyderabad,,5200000.0,1800.0,2889.0,3,3,Plot,,,
Shamirpet,Hyderabad,,5200000.0,1289.6,2889.0,2,2,Apartment,,,
Shamirpet,Hyderabad,,15385054.88252427,1940.211690056733,2889.0,3,3,Apartment,,,
Shamirpet,Hyderabad,,1560000.0,1080.0,1444.0,3,2,Plot,,,
Shamirpet,Hyderabad,,1560000.0,1044.0,1444.0,1,1,Apartment,,,
Shamirpet,Hyderabad,,15385054.88252427,1940.211690056733,1444.0,3,3,Apartment,,,
Shamirpet,Hyderabad,,4400000.0,1080.0,4074.074074074074,2,3,Plot,,,
Shamirpet,Hyderabad,,7040000.000000001,1980.0,3556.0,3,3,Plot,,,
Shamirpet,Hyderabad,,7040000.000000001,1416.0,3556.0,3,2,Apartment,,,
Shamirpet,Hyderabad,,15385054.88252427,1940.211690056733,3556.0,3,3,Apartment,,,
Shamirpet,Hyderabad,,25768000.0,1980.0,13014.14141414141,3,3,Plot,,,
Shamirpet,Hyderabad,,12500000.0,4500.0,2778.0,3,4,Plot,,,
Shamirpet,Hyderabad,,12500000.0,1542.8,2778.0,3,3,Apartment,,,
Shamirpet,Hyderabad,,15385054.88252427,1940.211690056733,2778.0,3,3,Apartment,,,
Shamirpet,Hyderabad,,21500000.0,4500.0,4777.777777777777,3,3,Plot,,,
Shamirpet,Hyderabad,,4000000.0,909.0,4400.0,2,2,Villa,,,
Shamirpet,Hyderabad,,3600000.0,1163.0,3095.442820292348,2,2,Apartment,,,
Shamirpet,Hyderabad,,4000000.0,909.0,4400.0,2,2,Plot,,,
Shamirpet,Hyderabad,,4000000.0,605.6,4400.0,2,2,Apartment,,,
Shamirpet,Hyderabad,,15385054.88252427,1940.211690056733,4400.0,3,3,Apartment,,,
Shamirpet,Hyderabad,,4520000.0,909.0,4972.497249724973,2,2,Plot,,,
Shamirpet,Hyderabad,,9384000.0,836.0,11224.88038277512,2,2,Apartment,,,
Shamirpet,Hyderabad,,4720000.0,909.0,5192.519251925192,2,2,Villa,,,
Shamirpet,Hyderabad,,3000000.0,1791.0,1675.0,3,3,Plot,,,
Shamirpet,Hyderabad,,3000000.0,748.0,1675.0,1,1,Apartment,,,
Shamirpet,Hyderabad,,15385054.88252427,1940.211690056733,1675.0,3,3,Apartment,,,
Shamirpet,Hyderabad,,17109600.0,1791.0,9553.098827470689,5,4,Plot,,,
Shamirpet,Hyderabad,,13000000.0,10195.625,597.0,1,1,House,,,
Shamirpet,Hyderabad,,6640000.0,9714.4,683.5213703368196,1,1,House,,,
Shamirpet,Hyderabad,,13000000.0,10195.625,597.0,1,1,Plot,,,
Shamirpet,Hyderabad,,13000000.0,1350.2,597.0,2,3,Apartment,,,
Shamirpet,Hyderabad,,15385054.88252427,1940.211690056733,597.0,3,3,Apartment,,,
Shamirpet,Hyderabad,,14000000.0,10195.625,642.791551882461,2,2,Plot,,,
Shamirpet,Hyderabad,,19520000.0,5987.2,3260.288615713522,1,1,Apartment,,,
Shamirpet,Hyderabad,,8500000.0,900.0,10179.0,2,2,Plot,,,
Shamirpet,Hyderabad,,8500000.0,1363.2,10179.0,3,2,Apartment,,,
Shamirpet,Hyderabad,,10179.0,1011.6,10179.0,1,1,Apartment,,,
Shamirpet,Hyderabad,,7460000.0,900.0,8288.888888888889,2,2,Plot,,,
Shamirpet,Hyderabad,,5256000.0,1971.0,2667.0,3,3,Plot,,,
Shamirpet,Hyderabad,,5256000.0,1397.6,2667.0,2,2,Apartment,,,
Shamirpet,Hyderabad,,15385054.88252427,1940.211690056733,2667.0,3,3,Apartment,,,
Shamirpet,Hyderabad,,6828000.0,1971.0,3464.231354642313,3,3,Plot,,,
Shamirpet,Hyderabad,,26840000.0,2356.0,11392.19015280136,4,3,Plot,,,
Shamirpet,Hyderabad,,6000000.0,1020.0,5882.0,2,2,Apartment,,,
Shamirpet,Hyderabad,,6000000.0,1387.2,5882.0,2,2,Apartment,,,
Shamirpet,Hyderabad,,15385054.88252427,1940.211690056733,5882.0,3,3,Apartment,,,
Shamirpet,Hyderabad,,5780000.0,1020.0,5666.666666666667,2,2,Apartment,,,
Shamirpet,Hyderabad,,16200000.0,10195.625,1104.0,5,6,Plot,,,
Shamirpet,Hyderabad,,16200000.0,7278.8,1104.0,3,2,Apartment,,,
Shamirpet,Hyderabad,,15385054.88252427,1940.211690056733,1104.0,3,3,Apartment,,,
Shamirpet,Hyderabad,,92480000.0,10195.625,6300.156686422781,4,3,Plot,,,
Shamirpet,Hyderabad,,7900000.0,1200.0,7900.0,2,2,Plot,,,
Shamirpet,Hyderabad,,7900000.0,747.8,7900.0,2,2,Apartment,,,
Shamirpet,Hyderabad,,15385054.88252427,1940.211690056733,7900.0,3,3,Apartment,,,
Shamirpet,Hyderabad,,7840000.0,1200.0,6533.333333333333,2,2,Plot,,,
Shamirpet,Hyderabad,,7200000.0,3600.0,2000.0,1,1,House,,,
Shamirpet,Hyderabad,,7200000.0,3600.0,2000.0,1,1,Apartment,,,
Shamirpet,Hyderabad,,7200000.0,1540.8,2000.0,2,2,Apartment,,,
Shamirpet,Hyderabad,,15385054.88252427,1940.211690056733,2000.0,3,3,Apartment,,,
Shamirpet,Hyderabad,,40200000.0,3600.0,11166.66666666667,3,4,Apartment,,,
Shamirpet,Hyderabad,,15500000.0,10195.625,1476.0,5,7,Plot,,,
Shamirpet,Hyderabad,,15500000.0,3560.6,1476.0,3,3,Apartment,,,
Shamirpet,Hyderabad,,15385054.88252427,1940.211690056733,1476.0,3,3,Apartment,,,
Shamirpet,Hyderabad,,24400000.0,10195.625,2323.145767875845,4,3,Plot,,,
Shamirpet,Hyderabad,,11500000.0,2133.0,5391.0,2,2,Plot,,,
Shamirpet,Hyderabad,,11500000.0,1464.0,5391.0,3,3,Apartment,,,
Shamirpet,Hyderabad,,15385054.88252427,1940.211690056733,5391.0,3,3,Apartment,,,
Shamirpet,Hyderabad,,13460000.0,2133.0,6310.360993905298,3,3,Plot,,,
Shamirpet,Hyderabad,,31500000.0,10195.625,2999.0,5,7,Plot,,,
Shamirpet,Hyderabad,,31500000.0,6025.2,2999.0,4,5,Apartment,,,
Shamirpet,Hyderabad,,15385054.88252427,1940.211690056733,2999.0,3,3,Apartment,,,
Shamirpet,Hyderabad,,1000000.0,900.0,1111.0,2,2,Plot,,,
Shamirpet,Hyderabad,,1000000.0,1011.6,1111.0,1,1,Apartment,,,
Shamirpet,Hyderabad,,15385054.88252427,1940.211690056733,1111.0,3,3,Apartment,,,
Shamirpet,Hyderabad,,90000000.0,10195.625,3333.0,3,3,House,,,
Shamirpet,Hyderabad,,9960000.0,2301.0,4328.552803129074,3,3,House,,,
Shamirpet,Hyderabad,,90000000.0,10195.625,3333.0,3,3,Plot,,,
Shamirpet,Hyderabad,,90000000.0,10195.625,3333.0,3,3,Apartment,,,
Shamirpet,Hyderabad,,15385054.88252427,1940.211690056733,3333.0,3,3,Apartment,,,
Shamirpet,Hyderabad,,107250000.0,10195.625,7229.62962962963,3,3,Plot,,,
Shamirpet,Hyderabad,,7280000.0,2568.2,2834.670197025154,3,3,Apartment,,,
Shamirpet,Hyderabad,,7500000.0,4500.0,1667.0,5,6,Plot,,,
Shamirpet,Hyderabad,,7500000.0,1248.8,1667.0,3,2,Apartment,,,
Shamirpet,Hyderabad,,15385054.88252427,1940.211690056733,1667.0,3,3,Apartment,,,
Shamirpet,Hyderabad,,6800000.0,1800.0,3778.0,3,3,Plot,,,
Shamirpet,Hyderabad,,6800000.0,1038.8,3778.0,2,2,Apartment,,,
Shamirpet,Hyderabad,,15385054.88252427,1940.211690056733,3778.0,3,3,Apartment,,,
Shamirpet,Hyderabad,,6400000.0,3600.0,1778.0,3,3,Plot,,,
Shamirpet,Hyderabad,,6400000.0,2758.0,1778.0,2,3,Apartment,,,
Shamirpet,Hyderabad,,15385054.88252427,1940.211690056733,1778.0,3,3,Apartment,,,
Shamirpet,Hyderabad,,1920000.0,1080.0,1778.0,3,2,Plot,,,
Shamirpet,Hyderabad,,1920000.0,1188.0,1778.0,1,1,Apartment,,,
Shamirpet,Hyderabad,,6790000.000000001,1800.0,3778.0,3,3,Plot,,,
Shamirpet,Hyderabad,,6790000.000000001,1800.0,3778.0,2,2,Apartment,,,
Shamirpet,Hyderabad,,2880000.0,1620.0,1778.0,3,3,Plot,,,
Shamirpet,Hyderabad,,2880000.0,1116.0,1778.0,1,1,Apartment,,,
Shamirpet,Hyderabad,,8576000.0,1620.0,5293.827160493827,3,3,Plot,,,
Shamirpet,Hyderabad,,5400000.0,1800.0,3000.0,3,3,Plot,,,
Shamirpet,Hyderabad,,5400000.0,1185.0,3000.0,2,2,Apartment,,,
Shamirpet,Hyderabad,,15385054.88252427,1940.211690056733,3000.0,3,3,Apartment,,,
Shamirpet,Hyderabad,,36200000.0,2385.0,15158.0,4,4,Villa,,,
Shamirpet,Hyderabad,,36200000.0,2385.0,15158.0,4,4,Plot,,,
Shamirpet,Hyderabad,,36200000.0,2778.6,15158.0,4,4,Apartment,,,
Shamirpet,Hyderabad,,15158.0,1011.6,15158.0,1,1,Apartment,,,
Shamirpet,Hyderabad,,25900000.0,2385.0,10859.53878406709,4,4,Plot,,,
Shamirpet,Hyderabad,,6747000.0,4671.0,1444.0,4,6,Plot,,,
Shamirpet,Hyderabad,,6747000.0,2298.4,1444.0,2,2,Apartment,,,
Shamirpet,Hyderabad,,18498800.0,4671.0,3960.351102547634,7,6,Plot,,,
Shamirpet,Hyderabad,,2250000.0,1350.0,1667.0,3,3,Plot,,,
Shamirpet,Hyderabad,,2250000.0,1024.0,1667.0,1,1,Apartment,,,
Shamirpet,Hyderabad,,7690000.0,1350.0,5696.296296296297,3,4,Plot,,,
Shamirpet,Hyderabad,,5600000.0,1800.0,3111.0,2,3,Plot,,,
Shamirpet,Hyderabad,,5600000.0,1537.2,3111.0,2,2,Apartment,,,
Shamirpet,Hyderabad,,15385054.88252427,1940.211690056733,3111.0,3,3,Apartment,,,
Shamirpet,Hyderabad,,30000000.0,9000.0,3333.0,5,7,Plot,,,
Shamirpet,Hyderabad,,30000000.0,2480.4,3333.0,4,3,Apartment,,,
Shamirpet,Hyderabad,,75500000.0,9000.0,8388.888888888889,6,6,Plot,,,
Shamirpet,Hyderabad,,2800000.0,900.0,3111.0,2,2,Plot,,,
Shamirpet,Hyderabad,,2800000.0,972.0,3111.0,1,1,Apartment,,,
Shamirpet,Hyderabad,,6795999.999999999,1800.0,3775.0,3,3,Plot,,,
Shamirpet,Hyderabad,,6795999.999999999,1670.0,3775.0,2,2,Apartment,,,
Shamirpet,Hyderabad,,15385054.88252427,1940.211690056733,3775.0,3,3,Apartment,,,
Shamirpet,Hyderabad,,3872000.0,4356.0,889.0,5,5,Plot,,,
Shamirpet,Hyderabad,,3872000.0,2271.4,889.0,2,2,Apartment,,,
Shamirpet,Hyderabad,,15385054.88252427,1940.211690056733,889.0,3,3,Apartment,,,
Shamirpet,Hyderabad,,43148800.0,4356.0,9905.601469237832,8,7,Plot,,,
Shamirpet,Hyderabad,,4800000.0,2700.0,1778.0,4,3,Plot,,,
Shamirpet,Hyderabad,,4800000.0,1203.0,1778.0,2,2,Apartment,,,
Shamirpet,Hyderabad,,9680000.0,10195.625,889.0,5,7,Plot,,,
Shamirpet,Hyderabad,,9680000.0,5274.0,889.0,3,2,Apartment,,,
Shamirpet,Hyderabad,,100912000.0,10195.625,9266.483011937557,4,3,Plot,,,
Shamirpet,Hyderabad,,6000000.0,1800.0,3333.0,3,3,Plot,,,
Shamirpet,Hyderabad,,6000000.0,1387.2,3333.0,2,2,Apartment,,,
Shamirpet,Hyderabad,,18000000.0,1831.0,9830.0,4,5,Plot,,,
Shamirpet,Hyderabad,,18000000.0,690.2,9830.0,4,3,Apartment,,,
Shamirpet,Hyderabad,,15385054.88252427,1940.211690056733,9830.0,3,3,Apartment,,,
Shamirpet,Hyderabad,,16200000.0,1831.0,8847.624249044238,3,4,Plot,,,
Shamirpet,Hyderabad,,50000000.0,6595.0,7581.0,4,4,Apartment,,,
Shamirpet,Hyderabad,,50000000.0,2599.0,7581.0,3,4,Apartment,,,
Shamirpet,Hyderabad,,15385054.88252427,1940.211690056733,7581.0,3,3,Apartment,,,
Shamirpet,Hyderabad,,51000000.0,3350.0,15223.0,4,4,Villa,,,
Shamirpet,Hyderabad,,51000000.0,3350.0,15223.0,4,4,Apartment,,,
Shamirpet,Hyderabad,,51000000.0,3221.0,15223.0,5,5,Apartment,,,
Shamirpet,Hyderabad,,15223.0,1011.6,15223.0,1,1,Apartment,,,
Shamirpet,Hyderabad,,40020000.0,3350.0,11946.26865671642,3,3,Apartment,,,
Shamirpet,Hyderabad,,107250000.0,10195.625,525.0,6,5,Plot,,,
Shamirpet,Hyderabad,,107250000.0,10195.625,525.0,6,5,Apartment,,,
Shamirpet,Hyderabad,,15385054.88252427,1940.211690056733,525.0,3,3,Apartment,,,
Shamirpet,Hyderabad,,969000.0,1089.0,879.0,2,2,Plot,,,
Shamirpet,Hyderabad,,969000.0,1011.6,879.0,1,1,Apartment,,,
Shamirpet,Hyderabad,,15385054.88252427,1940.211690056733,879.0,3,3,Apartment,,,
Shamirpet,Hyderabad,,7687600.0,1089.0,7059.320477502296,2,2,Plot,,,
Shamirpet,Hyderabad,,2672000.0,1503.0,1778.0,3,3,Plot,,,
Shamirpet,Hyderabad,,2672000.0,941.8,1778.0,1,1,Apartment,,,
Shamirpet,Hyderabad,,10749000.0,1503.0,7151.696606786427,3,3,Plot,,,
Suchitra,Hyderabad,,9157000.0,1665.0,5500.0,3,3,Apartment,,,
Suchitra,Hyderabad,,9960000.0,2301.0,4328.552803129074,3,3,Apartment,,,
Suchitra,Hyderabad,,9157000.0,1422.0,5500.0,3,2,Apartment,,,
Suchitra,Hyderabad,,15385054.88252427,1940.211690056733,5500.0,3,3,Apartment,,,
Suchitra,Hyderabad,,11742800.0,1665.0,7052.732732732733,3,3,Apartment,,,
Suchitra,Hyderabad,,7280000.0,2568.2,2834.670197025154,3,3,Apartment,,,
Suchitra,Hyderabad,,12500000.0,1610.0,7763.0,3,3,Apartment,,,
Suchitra,Hyderabad,,12500000.0,1542.8,7763.0,3,3,Apartment,,,
Suchitra,Hyderabad,,15385054.88252427,1940.211690056733,7763.0,3,3,Apartment,,,
Suchitra,Hyderabad,,9500000.0,1610.0,5900.621118012423,3,3,Apartment,,,
Suchitra,Hyderabad,,8000000.0,1215.0,6584.0,2,2,Apartment,,,
Suchitra,Hyderabad,,3600000.0,1163.0,3095.442820292348,2,2,Apartment,,,
Suchitra,Hyderabad,,8000000.0,937.4,6584.0,2,2,Apartment,,,
Suchitra,Hyderabad,,15385054.88252427,1940.211690056733,6584.0,3,3,Apartment,,,
Suchitra,Hyderabad,,11400000.0,1215.0,9382.716049382716,2,3,Apartment,,,
Suchitra,Hyderabad,,9384000.0,836.0,11224.88038277512,2,2,Apartment,,,
Suchitra,Hyderabad,,10700000.0,1845.0,5800.0,3,3,Apartment,,,
Suchitra,Hyderabad,,10700000.0,1515.2,5800.0,3,3,Apartment,,,
Suchitra,Hyderabad,,15385054.88252427,1940.211690056733,5800.0,3,3,Apartment,,,
Suchitra,Hyderabad,,11100000.0,1845.0,6016.260162601626,3,3,Apartment,,,
Suchitra,Hyderabad,,10400000.0,1845.0,5636.856368563685,3,3,Apartment,,,
Suchitra,Hyderabad,,10800000.0,1843.0,5851.0,3,3,Apartment,,,
Suchitra,Hyderabad,,10800000.0,1520.6,5851.0,3,3,Apartment,,,
Suchitra,Hyderabad,,15385054.88252427,1940.211690056733,5851.0,3,3,Apartment,,,
Suchitra,Hyderabad,,11460000.0,1843.0,6218.122626153011,3,3,Apartment,,,
Suchitra,Hyderabad,,13920000.0,1843.0,7552.902875746066,3,3,Apartment,,,
Suchitra,Hyderabad,,29000000.0,1566.0,18518.0,6,6,Plot,,,
Suchitra,Hyderabad,,48600000.0,4050.0,12000.0,6,6,Apartment,,,
Suchitra,Hyderabad,,29000000.0,2055.6,18518.0,4,4,Apartment,,,
Suchitra,Hyderabad,,18518.0,1011.6,18518.0,1,1,Apartment,,,
Suchitra,Hyderabad,,17040000.0,1566.0,10881.22605363985,4,4,Plot,,,
Suchitra,Hyderabad,,56600000.0,2041.2,27728.78698804625,6,6,Apartment,,,
Suchitra,Hyderabad,,7900000.0,1235.0,6396.0,2,2,Apartment,,,
Suchitra,Hyderabad,,7900000.0,747.8,6396.0,2,2,Apartment,,,
Suchitra,Hyderabad,,15385054.88252427,1940.211690056733,6396.0,3,3,Apartment,,,
Suchitra,Hyderabad,,8800000.0,1235.0,7125.506072874494,2,2,Apartment,,,
Suchitra,Hyderabad,,4200000.0,687.0,6666.0,1,1,Apartment,,,
Suchitra,Hyderabad,,6640000.0,9714.4,683.5213703368196,1,1,Apartment,,,
Suchitra,Hyderabad,,4200000.0,808.0,6666.0,2,2,Apartment,,,
Suchitra,Hyderabad,,15385054.88252427,1940.211690056733,6666.0,3,3,Apartment,,,
Suchitra,Hyderabad,,3780000.0,687.0,5502.183406113537,1,1,Apartment,,,
Suchitra,Hyderabad,,19520000.0,5987.2,3260.288615713522,1,1,Apartment,,,
Suchitra,Hyderabad,,4820000.0,687.0,7016.011644832605,1,1,Apartment,,,
Suchitra,Hyderabad,,8200000.0,1235.0,6639.0,2,2,Apartment,,,
Suchitra,Hyderabad,,8200000.0,1180.0,6639.0,2,2,Apartment,,,
Suchitra,Hyderabad,,15385054.88252427,1940.211690056733,6639.0,3,3,Apartment,,,
Suchitra,Hyderabad,,7760000.0,1235.0,6283.400809716599,2,2,Apartment,,,
Suchitra,Hyderabad,,10000000.0,1540.0,6497.0,3,3,Apartment,,,
Suchitra,Hyderabad,,10000000.0,1220.4,6497.0,2,3,Apartment,,,
Suchitra,Hyderabad,,15385054.88252427,1940.211690056733,6497.0,3,3,Apartment,,,
Suchitra,Hyderabad,,9800000.0,1540.0,6363.636363636364,3,3,Apartment,,,
Suchitra,Hyderabad,,6920000.0,1540.0,4493.506493506494,3,3,Apartment,,,
Suchitra,Hyderabad,,10300000.0,1775.0,5802.0,3,3,Apartment,,,
Suchitra,Hyderabad,,10300000.0,1773.0,5802.0,3,3,Apartment,,,
Suchitra,Hyderabad,,15385054.88252427,1940.211690056733,5802.0,3,3,Apartment,,,
Suchitra,Hyderabad,,12420000.0,1775.0,6997.183098591549,3,3,Apartment,,,
Suchitra,Hyderabad,,39000000.0,6900.0,5652.0,10,15,Villa,,,
Suchitra,Hyderabad,,15385054.88252427,1940.211690056733,7929.575397040516,3,3,Apartment,,,
Suchitra,Hyderabad,,39000000.0,6900.0,5652.0,10,15,Apartment,,,
Suchitra,Hyderabad,,39000000.0,3100.8,5652.0,3,5,Apartment,,,
Suchitra,Hyderabad,,15385054.88252427,1940.211690056733,5652.0,3,3,Apartment,,,
Suchitra,Hyderabad,,35520000.0,6900.0,5147.826086956522,3,9,Apartment,,,
Suchitra,Hyderabad,,35360000.0,5622.0,6289.576663109214,10,15,Apartment,,,
Suchitra,Hyderabad,,24860000.0,6900.0,3602.898550724638,10,15,Villa,,,
Suchitra,Hyderabad,,9721000.0,1736.0,5599.0,3,3,Apartment,,,
Suchitra,Hyderabad,,9721000.0,1402.4,5599.0,3,2,Apartment,,,
Suchitra,Hyderabad,,15385054.88252427,1940.211690056733,5599.0,3,3,Apartment,,,
Suchitra,Hyderabad,,8048400.0,1736.0,4636.175115207373,3,3,Apartment,,,
Suchitra,Hyderabad,,9800000.0,1750.0,5600.0,3,3,Apartment,,,
Suchitra,Hyderabad,,9800000.0,1778.0,5600.0,3,3,Apartment,,,
Suchitra,Hyderabad,,15385054.88252427,1940.211690056733,5600.0,3,3,Apartment,,,
Suchitra,Hyderabad,,14440000.0,1750.0,8251.42857142857,3,3,Apartment,,,
Suchitra,Hyderabad,,10040000.0,1750.0,5737.142857142857,3,3,Apartment,,,
Suchitra,Hyderabad,,17500000.0,1800.0,9722.0,3,3,Apartment,,,
Suchitra,Hyderabad,,17500000.0,1898.2,9722.0,3,3,Apartment,,,
Suchitra,Hyderabad,,15385054.88252427,1940.211690056733,9722.0,3,3,Apartment,,,
Suchitra,Hyderabad,,16240000.0,1800.0,9022.222222222224,4,4,Apartment,,,
Suchitra,Hyderabad,,12560000.0,1800.0,6977.777777777777,3,3,Apartment,,,
Suchitra,Hyderabad,,79500000.0,330.0,44211.83576956148,5,6,Villa,,,
Suchitra,Hyderabad,,46000000.0,3877.2,11864.23191994223,5,5,Apartment,,,
Suchitra,Hyderabad,,79500000.0,330.0,44211.83576956148,5,6,Plot,,,
Suchitra,Hyderabad,,79500000.0,2782.0,28576.5636232926,4,5,Apartment,,,
Suchitra,Hyderabad,,240909.0,1011.6,238.1465005931198,1,1,Apartment,,,
Suchitra,Hyderabad,,48500000.0,330.0,44211.83576956148,3,4,Plot,,,
Suchitra,Hyderabad,,79800000.0,4192.0,19036.25954198473,5,6,Apartment,,,
Suchitra,Hyderabad,,8500000.0,1220.0,6967.0,2,2,Apartment,,,
Suchitra,Hyderabad,,8500000.0,1363.2,6967.0,3,2,Apartment,,,
Suchitra,Hyderabad,,15385054.88252427,1940.211690056733,6967.0,3,3,Apartment,,,
Suchitra,Hyderabad,,8100000.0,1220.0,6639.344262295082,3,2,Apartment,,,
Suchitra,Hyderabad,,8813000.0,1421.0,6201.0,2,2,Apartment,,,
Suchitra,Hyderabad,,8813000.0,1357.4,6201.0,2,2,Apartment,,,
Suchitra,Hyderabad,,15385054.88252427,1940.211690056733,6201.0,3,3,Apartment,,,
Suchitra,Hyderabad,,10685200.0,1421.0,7519.493314567206,2,2,Apartment,,,
Suchitra,Hyderabad,,7500000.0,1260.0,5952.0,2,2,Apartment,,,
Suchitra,Hyderabad,,7500000.0,1248.8,5952.0,3,2,Apartment,,,
Suchitra,Hyderabad,,15385054.88252427,1940.211690056733,5952.0,3,3,Apartment,,,
Suchitra,Hyderabad,,9600000.0,1260.0,7619.047619047619,2,2,Apartment,,,
Suchitra,Hyderabad,,8960000.0,1260.0,7111.111111111111,2,2,Apartment,,,
Suchitra,Hyderabad,,13000000.0,1625.0,8000.0,3,3,Apartment,,,
Suchitra,Hyderabad,,13000000.0,1350.2,8000.0,2,3,Apartment,,,
Suchitra,Hyderabad,,15385054.88252427,1940.211690056733,8000.0,3,3,Apartment,,,
Suchitra,Hyderabad,,11960000.0,1625.0,7360.0,2,2,Apartment,,,
Suchitra,Hyderabad,,107250000.0,10195.625,6667.0,5,7,Plot,,,
Suchitra,Hyderabad,,107250000.0,10195.625,6667.0,7,6,Apartment,,,
Suchitra,Hyderabad,,15385054.88252427,1940.211690056733,6667.0,3,3,Apartment,,,
Suchitra,Hyderabad,,56040000.0,10195.625,3113.333333333333,2,2,Plot,,,
Suchitra,Hyderabad,,15385054.88252427,1940.211690056733,7929.575397040516,3,3,Plot,,,
Suchitra,Hyderabad,,4700000.0,945.0,6714.0,2,2,Apartment,,,
Suchitra,Hyderabad,,4700000.0,1034.8,6714.0,2,2,Apartment,,,
Suchitra,Hyderabad,,15385054.88252427,1940.211690056733,6714.0,3,3,Apartment,,,
Suchitra,Hyderabad,,4400000.0,945.0,4656.084656084656,2,2,Apartment,,,
Suchitra,Hyderabad,,13700000.0,1700.0,8058.0,3,3,Apartment,,,
Suchitra,Hyderabad,,13700000.0,1543.4,8058.0,3,3,Apartment,,,
Suchitra,Hyderabad,,15385054.88252427,1940.211690056733,8058.0,3,3,Apartment,,,
Suchitra,Hyderabad,,12780000.0,1700.0,7517.64705882353,3,3,Apartment,,,
Suchitra,Hyderabad,,12000000.0,1623.0,7393.0,3,3,Apartment,,,
Suchitra,Hyderabad,,12000000.0,1729.6,7393.0,4,2,Apartment,,,
Suchitra,Hyderabad,,15385054.88252427,1940.211690056733,7393.0,3,3,Apartment,,,
Suchitra,Hyderabad,,12180000.0,1623.0,7504.621072088725,2,3,Apartment,,,
Suchitra,Hyderabad,,16200000.0,2590.0,6250.0,3,3,Apartment,,,
Suchitra,Hyderabad,,16200000.0,7278.8,6250.0,3,2,Apartment,,,
Suchitra,Hyderabad,,15385054.88252427,1940.211690056733,6250.0,3,3,Apartment,,,
Suchitra,Hyderabad,,49480000.0,2590.0,19104.2471042471,4,5,Apartment,,,
Suchitra,Hyderabad,,26000000.0,3300.0,7878.0,4,4,Villa,,,
Suchitra,Hyderabad,,26640000.0,4388.6,6070.27297999362,4,4,Apartment,,,
Suchitra,Hyderabad,,26000000.0,3300.0,7878.0,4,4,Plot,,,
Suchitra,Hyderabad,,26000000.0,2966.0,7878.0,3,3,Apartment,,,
Suchitra,Hyderabad,,15385054.88252427,1940.211690056733,7878.0,3,3,Apartment,,,
Suchitra,Hyderabad,,24800000.0,3300.0,7515.151515151515,3,4,Plot,,,
Suchitra,Hyderabad,,36700000.0,3072.0,11946.61458333333,4,4,Apartment,,,
Suchitra,Hyderabad,,8900000.0,1500.0,5933.0,3,3,Apartment,,,
Suchitra,Hyderabad,,8900000.0,1440.0,5933.0,3,2,Apartment,,,
Suchitra,Hyderabad,,15385054.88252427,1940.211690056733,5933.0,3,3,Apartment,,,
Suchitra,Hyderabad,,9080000.0,1500.0,6053.333333333333,3,3,Apartment,,,
Suchitra,Hyderabad,,9000000.0,1500.0,6000.0,3,3,Apartment,,,
Suchitra,Hyderabad,,15000000.0,1089.0,13774.0,2,2,House,,,
Suchitra,Hyderabad,,15000000.0,1089.0,13774.0,2,2,Plot,,,
Suchitra,Hyderabad,,15000000.0,1596.0,13774.0,2,3,Apartment,,,
Suchitra,Hyderabad,,13774.0,1011.6,13774.0,1,1,Apartment,,,
Suchitra,Hyderabad,,7687600.0,1089.0,7059.320477502296,2,2,Plot,,,
Suchitra,Hyderabad,,14800000.0,2178.0,6795.0,3,3,Apartment,,,
Suchitra,Hyderabad,,14800000.0,2104.2,6795.0,3,3,Apartment,,,
Suchitra,Hyderabad,,15385054.88252427,1940.211690056733,6795.0,3,3,Apartment,,,
Suchitra,Hyderabad,,17498800.0,2178.0,8034.343434343435,3,4,Apartment,,,
Suchitra,Hyderabad,,36000000.0,2403.0,15000.0,3,3,Plot,,,
Suchitra,Hyderabad,,36000000.0,2410.2,15000.0,4,4,Apartment,,,
Suchitra,Hyderabad,,15000.0,1011.6,15000.0,1,1,Apartment,,,
Suchitra,Hyderabad,,43500000.0,2403.0,18102.3720349563,4,4,Plot,,,
Suchitra,Hyderabad,,12900000.0,1700.0,7588.0,3,3,Apartment,,,
Suchitra,Hyderabad,,12900000.0,1842.0,7588.0,3,3,Apartment,,,
Suchitra,Hyderabad,,15385054.88252427,1940.211690056733,7588.0,3,3,Apartment,,,
Suchitra,Hyderabad,,13020000.0,1700.0,7658.823529411765,3,3,Apartment,,,
Suchitra,Hyderabad,,6000000.0,1800.0,3333.0,3,3,Plot,,,
Suchitra,Hyderabad,,6000000.0,1387.2,3333.0,2,2,Apartment,,,
Suchitra,Hyderabad,,15385054.88252427,1940.211690056733,3333.0,3,3,Apartment,,,
Suchitra,Hyderabad,,11400000.0,1900.0,6000.0,3,3,Apartment,,,
Suchitra,Hyderabad,,11400000.0,1848.6,6000.0,3,3,Apartment,,,
Suchitra,Hyderabad,,15385054.88252427,1940.211690056733,6000.0,3,3,Apartment,,,
Suchitra,Hyderabad,,35260000.0,1900.0,18557.89473684211,3,3,Apartment,,,
Suchitra,Hyderabad,,21900000.0,2856.0,7670.0,3,3,Apartment,,,
Suchitra,Hyderabad,,21900000.0,2320.2,7670.0,3,3,Apartment,,,
Suchitra,Hyderabad,,15385054.88252427,1940.211690056733,7670.0,3,3,Apartment,,,
Suchitra,Hyderabad,,18340000.0,2856.0,6421.568627450981,4,3,Apartment,,,
Suchitra,Hyderabad,,21400000.0,2403.0,8889.0,3,3,Plot,,,
Suchitra,Hyderabad,,21400000.0,1806.2,8889.0,3,3,Apartment,,,
Suchitra,Hyderabad,,15385054.88252427,1940.211690056733,8889.0,3,3,Apartment,,,
Suchitra,Hyderabad,,13500000.0,1900.0,7105.0,3,3,Apartment,,,
Suchitra,Hyderabad,,13500000.0,1502.2,7105.0,4,2,Apartment,,,
Suchitra,Hyderabad,,15385054.88252427,1940.211690056733,7105.0,3,3,Apartment,,,
Suchitra,Hyderabad,,12000000.0,1350.0,8889.0,3,3,Plot,,,
Suchitra,Hyderabad,,12000000.0,1729.6,8889.0,4,2,Apartment,,,
Suchitra,Hyderabad,,7690000.0,1350.0,5696.296296296297,3,4,Plot,,,
Suchitra,Hyderabad,,30000000.0,3199.0,9375.0,4,4,Villa,,,
Suchitra,Hyderabad,,30000000.0,3199.0,9375.0,4,4,Plot,,,
Suchitra,Hyderabad,,30000000.0,2480.4,9375.0,4,3,Apartment,,,
Suchitra,Hyderabad,,15385054.88252427,1940.211690056733,9375.0,3,3,Apartment,,,
Suchitra,Hyderabad,,27460000.0,3199.0,8583.932478899656,4,4,Plot,,,
Suchitra,Hyderabad,,31000000.0,3199.95,9687.65136955265,4,4,Villa,,,
Suchitra,Hyderabad,,30000000.0,3200.0,9375.0,4,4,Villa,,,
Suchitra,Hyderabad,,30000000.0,3200.0,9375.0,4,4,Plot,,,
Suchitra,Hyderabad,,27460000.0,3200.0,8581.25,4,4,Plot,,,
Suchitra,Hyderabad,,31000000.0,3200.0,9687.5,4,4,Villa,,,
Suchitra,Hyderabad,,27000000.0,300.0,44211.83576956148,3,3,Plot,,,
Suchitra,Hyderabad,,27000000.0,1702.8,44211.83576956148,6,7,Apartment,,,
Suchitra,Hyderabad,,90000.0,1011.6,44211.83576956148,1,1,Apartment,,,
Suchitra,Hyderabad,,23000000.0,300.0,44211.83576956148,5,4,Plot,,,
Suchitra,Hyderabad,,5600000.0,1436.8,44211.83576956148,1,2,Plot,,,
Suchitra,Hyderabad,,5600000.0,1537.2,44211.83576956148,2,2,Apartment,,,
Suchitra,Hyderabad,,86153.0,1011.6,44211.83576956148,1,1,Apartment,,,
Suchitra,Hyderabad,,4500000.0,910.0,4945.0,2,2,Apartment,,,
Suchitra,Hyderabad,,4500000.0,995.8,4945.0,3,2,Apartment,,,
Suchitra,Hyderabad,,15385054.88252427,1940.211690056733,4945.0,3,3,Apartment,,,
Suchitra,Hyderabad,,4640000.0,910.0,5098.901098901099,2,2,Apartment,,,
Suchitra,Hyderabad,,15500000.0,1850.0,8378.0,3,3,Apartment,,,
Suchitra,Hyderabad,,15500000.0,3560.6,8378.0,3,3,Apartment,,,
Suchitra,Hyderabad,,15385054.88252427,1940.211690056733,8378.0,3,3,Apartment,,,
Suchitra,Hyderabad,,14900000.0,1850.0,8054.054054054054,3,3,Apartment,,,
Suchitra,Hyderabad,,14300000.0,1850.0,7729.72972972973,3,3,Apartment,,,
Suchitra,Hyderabad,,6697000.0,1100.0,6088.0,2,2,Apartment,,,
Suchitra,Hyderabad,,6697000.0,1178.0,6088.0,2,2,Apartment,,,
Suchitra,Hyderabad,,15385054.88252427,1940.211690056733,6088.0,3,3,Apartment,,,
Suchitra,Hyderabad,,6940000.0,1100.0,6309.090909090909,2,2,Apartment,,,
Suchitra,Hyderabad,,7435800.0,1100.0,6759.818181818182,2,2,Apartment,,,
Suchitra,Hyderabad,,7350000.0,1609.0,4593.0,3,3,Apartment,,,
Suchitra,Hyderabad,,7350000.0,1397.6,4593.0,3,3,Apartment,,,
Suchitra,Hyderabad,,15385054.88252427,1940.211690056733,4593.0,3,3,Apartment,,,
Suchitra,Hyderabad,,7440000.0,1609.0,4623.990055935364,3,3,Apartment,,,
Suchitra,Hyderabad,,6500000.0,1257.0,5200.0,2,2,Apartment,,,
Suchitra,Hyderabad,,6500000.0,990.6,5200.0,2,2,Apartment,,,
Suchitra,Hyderabad,,15385054.88252427,1940.211690056733,5200.0,3,3,Apartment,,,
Suchitra,Hyderabad,,6540000.0,1257.0,5202.863961813842,2,2,Apartment,,,
Suchitra,Hyderabad,,7500000.0,1610.0,4658.0,3,3,Apartment,,,
Suchitra,Hyderabad,,7500000.0,1248.8,4658.0,3,2,Apartment,,,
Suchitra,Hyderabad,,15385054.88252427,1940.211690056733,4658.0,3,3,Apartment,,,
Suchitra,Hyderabad,,9000000.0,1250.0,7200.0,2,2,Apartment,,,
Suchitra,Hyderabad,,9000000.0,1118.0,7200.0,3,2,Apartment,,,
Suchitra,Hyderabad,,15385054.88252427,1940.211690056733,7200.0,3,3,Apartment,,,
Suchitra,Hyderabad,,6450000.0,1250.0,5160.0,2,2,Apartment,,,
Suchitra,Hyderabad,,7670000.0,1250.0,6136.0,2,2,Apartment,,,
Vidyanagar,Hyderabad,,39000000.0,2394.0,16291.0,3,3,Plot,,,
Vidyanagar,Hyderabad,,9960000.0,2301.0,4328.552803129074,3,3,Apartment,,,
Vidyanagar,Hyderabad,,39000000.0,3100.8,16291.0,3,5,Apartment,,,
Vidyanagar,Hyderabad,,16291.0,1011.6,16291.0,1,1,Apartment,,,
Vidyanagar,Hyderabad,,27580000.0,2394.0,11520.46783625731,3,3,Plot,,,
Vidyanagar,Hyderabad,,7280000.0,2568.2,2834.670197025154,3,3,Apartment,,,
Vidyanagar,Hyderabad,,28000000.0,10195.625,2689.0,5,7,House,,,
Vidyanagar,Hyderabad,,15385054.88252427,1940.211690056733,7929.575397040516,3,3,Apartment,,,
Vidyanagar,Hyderabad,,28000000.0,10195.625,2689.0,5,7,Plot,,,
Vidyanagar,Hyderabad,,28000000.0,5730.8,2689.0,4,4,Apartment,,,
Vidyanagar,Hyderabad,,15385054.88252427,1940.211690056733,2689.0,3,3,Apartment,,,
Vidyanagar,Hyderabad,,26900000.0,10195.625,2583.557433730311,4,3,Plot,,,
Vidyanagar,Hyderabad,,6500000.0,1090.0,5963.0,2,2,Apartment,,,
Vidyanagar,Hyderabad,,3600000.0,1163.0,3095.442820292348,2,2,Apartment,,,
Vidyanagar,Hyderabad,,6500000.0,990.6,5963.0,2,2,Apartment,,,
Vidyanagar,Hyderabad,,15385054.88252427,1940.211690056733,5963.0,3,3,Apartment,,,
Vidyanagar,Hyderabad,,9400000.0,1090.0,8623.853211009175,2,2,Apartment,,,
Vidyanagar,Hyderabad,,9384000.0,836.0,11224.88038277512,2,2,Apartment,,,
Vidyanagar,Hyderabad,,11000000.0,1460.0,7534.0,3,3,Apartment,,,
Vidyanagar,Hyderabad,,11000000.0,2076.0,7534.0,3,2,Apartment,,,
Vidyanagar,Hyderabad,,15385054.88252427,1940.211690056733,7534.0,3,3,Apartment,,,
Vidyanagar,Hyderabad,,9740000.0,1460.0,6671.232876712329,3,3,Apartment,,,
Vidyanagar,Hyderabad,,10600000.0,1460.0,7260.273972602739,3,3,Apartment,,,
Vidyanagar,Hyderabad,,5500000.0,1085.0,5069.0,2,2,Apartment,,,
Vidyanagar,Hyderabad,,5500000.0,1024.4,5069.0,3,2,Apartment,,,
Vidyanagar,Hyderabad,,15385054.88252427,1940.211690056733,5069.0,3,3,Apartment,,,
Vidyanagar,Hyderabad,,6060000.0,1085.0,5585.253456221199,2,2,Apartment,,,
Vidyanagar,Hyderabad,,6420000.0,1085.0,5917.05069124424,2,2,Apartment,,,
Vidyanagar,Hyderabad,,7600000.0,1136.0,6690.0,2,2,Apartment,,,
Vidyanagar,Hyderabad,,7600000.0,1516.0,6690.0,2,2,Apartment,,,
Vidyanagar,Hyderabad,,15385054.88252427,1940.211690056733,6690.0,3,3,Apartment,,,
Vidyanagar,Hyderabad,,7720000.0,1136.0,6795.774647887324,2,2,Apartment,,,
Vidyanagar,Hyderabad,,9800000.0,1136.0,8626.760563380281,2,2,Apartment,,,
Vidyanagar,Hyderabad,,13400000.0,1422.0,9423.0,3,3,House,,,
Vidyanagar,Hyderabad,,13400000.0,1422.0,9423.0,3,3,Plot,,,
Vidyanagar,Hyderabad,,13400000.0,1238.4,9423.0,4,3,Apartment,,,
Vidyanagar,Hyderabad,,15385054.88252427,1940.211690056733,9423.0,3,3,Apartment,,,
Vidyanagar,Hyderabad,,10685200.0,1422.0,7514.205344585092,3,3,Plot,,,
Vidyanagar,Hyderabad,,8500000.0,1202.0,7071.0,2,2,Apartment,,,
Vidyanagar,Hyderabad,,8500000.0,1363.2,7071.0,3,2,Apartment,,,
Vidyanagar,Hyderabad,,15385054.88252427,1940.211690056733,7071.0,3,3,Apartment,,,
Vidyanagar,Hyderabad,,8912000.0,1202.0,7414.309484193011,2,2,Apartment,,,
Vidyanagar,Hyderabad,,10000000.0,1650.0,6060.0,3,3,Apartment,,,
Vidyanagar,Hyderabad,,10000000.0,1220.4,6060.0,2,3,Apartment,,,
Vidyanagar,Hyderabad,,15385054.88252427,1940.211690056733,6060.0,3,3,Apartment,,,
Vidyanagar,Hyderabad,,11040000.0,1650.0,6690.909090909091,3,3,Apartment,,,
Vidyanagar,Hyderabad,,9000000.0,1460.0,6164.0,3,3,Apartment,,,
Vidyanagar,Hyderabad,,9000000.0,1118.0,6164.0,3,2,Apartment,,,
Vidyanagar,Hyderabad,,15385054.88252427,1940.211690056733,6164.0,3,3,Apartment,,,
Vidyanagar,Hyderabad,,12500000.0,1400.0,8900.0,3,3,Apartment,,,
Vidyanagar,Hyderabad,,12500000.0,1542.8,8900.0,3,3,Apartment,,,
Vidyanagar,Hyderabad,,15385054.88252427,1940.211690056733,8900.0,3,3,Apartment,,,
Vidyanagar,Hyderabad,,21300000.0,1400.0,15214.28571428571,3,2,Apartment,,,
Vidyanagar,Hyderabad,,9015000.0,1202.0,7500.0,2,2,Apartment,,,
Vidyanagar,Hyderabad,,9015000.0,1181.6,7500.0,2,2,Apartment,,,
Vidyanagar,Hyderabad,,15385054.88252427,1940.211690056733,7500.0,3,3,Apartment,,,
Vidyanagar,Hyderabad,,35700000.0,2475.0,14424.0,4,4,House,,,
Vidyanagar,Hyderabad,,26640000.0,4388.6,6070.27297999362,4,4,Apartment,,,
Vidyanagar,Hyderabad,,35700000.0,2475.0,14424.0,4,4,Plot,,,
Vidyanagar,Hyderabad,,35700000.0,2428.2,14424.0,4,4,Apartment,,,
Vidyanagar,Hyderabad,,14424.0,1011.6,14424.0,1,1,Apartment,,,
Vidyanagar,Hyderabad,,23700600.0,2475.0,9576.0,3,3,Plot,,,
Vidyanagar,Hyderabad,,36700000.0,3072.0,11946.61458333333,4,4,Apartment,,,
Vidyanagar,Hyderabad,,17000000.0,1350.0,12593.0,4,4,House,,,
Vidyanagar,Hyderabad,,17000000.0,1350.0,12593.0,4,4,Apartment,,,
Vidyanagar,Hyderabad,,17000000.0,1934.8,12593.0,4,3,Apartment,,,
Vidyanagar,Hyderabad,,12593.0,1011.6,12593.0,1,1,Apartment,,,
Vidyanagar,Hyderabad,,7690000.0,1350.0,5696.296296296297,3,4,Apartment,,,
Vidyanagar,Hyderabad,,14010000.0,1350.0,10377.77777777778,4,4,House,,,
Vidyanagar,Hyderabad,,36500000.0,1800.0,20278.0,4,4,House,,,
Vidyanagar,Hyderabad,,36500000.0,1800.0,20278.0,4,4,Plot,,,
Vidyanagar,Hyderabad,,36500000.0,2541.0,20278.0,4,4,Apartment,,,
Vidyanagar,Hyderabad,,20278.0,1011.6,20278.0,1,1,Apartment,,,
Vidyanagar,Hyderabad,,16240000.0,1800.0,9022.222222222224,4,4,Plot,,,
Vidyanagar,Hyderabad,,14000000.0,1507.0,9289.0,2,2,Apartment,,,
Vidyanagar,Hyderabad,,14000000.0,1493.0,9289.0,3,3,Apartment,,,
Vidyanagar,Hyderabad,,15385054.88252427,1940.211690056733,9289.0,3,3,Apartment,,,
Vidyanagar,Hyderabad,,7548800.0,1507.0,5009.157266091573,3,2,Apartment,,,
Vidyanagar,Hyderabad,,13520000.0,1507.0,8971.466489714665,5,2,Apartment,,,
Vidyanagar,Hyderabad,,16500000.0,110.0,44211.83576956148,6,5,Apartment,,,
Vidyanagar,Hyderabad,,48600000.0,4050.0,12000.0,6,6,Apartment,,,
Vidyanagar,Hyderabad,,16500000.0,110.0,44211.83576956148,6,5,Plot,,,
Vidyanagar,Hyderabad,,16500000.0,1306.0,12633.99693721286,4,4,Apartment,,,
Vidyanagar,Hyderabad,,150000.0,1011.6,148.2799525504151,1,1,Apartment,,,
Vidyanagar,Hyderabad,,12800000.0,110.0,44211.83576956148,6,6,Plot,,,
Vidyanagar,Hyderabad,,66900000.0,10195.625,6344.840667678301,6,5,Apartment,,,
Vidyanagar,Hyderabad,,13000000.0,837.0,15532.0,3,3,House,,,
Vidyanagar,Hyderabad,,13000000.0,837.0,15532.0,3,3,Plot,,,
Vidyanagar,Hyderabad,,13000000.0,1350.2,15532.0,2,3,Apartment,,,
Vidyanagar,Hyderabad,,15532.0,1011.6,15532.0,1,1,Apartment,,,
Vidyanagar,Hyderabad,,8000000.0,837.0,9557.94504181601,2,2,Plot,,,
Vidyanagar,Hyderabad,,37500000.0,5000.0,7500.0,4,7,Apartment,,,
Vidyanagar,Hyderabad,,37500000.0,5114.6,7500.0,5,6,Apartment,,,
Vidyanagar,Hyderabad,,38400000.0,5000.0,7680.0,6,7,Apartment,,,
Vidyanagar,Hyderabad,,26200000.0,5000.0,5240.0,4,7,Apartment,,,
Vidyanagar,Hyderabad,,19000000.0,5500.0,3454.0,4,4,House,,,
Vidyanagar,Hyderabad,,19000000.0,5500.0,3454.0,4,4,Plot,,,
Vidyanagar,Hyderabad,,19000000.0,3729.2,3454.0,4,4,Apartment,,,
Vidyanagar,Hyderabad,,15385054.88252427,1940.211690056733,3454.0,3,3,Apartment,,,
Vidyanagar,Hyderabad,,53600000.0,5500.0,9745.454545454546,6,5,Plot,,,
Vidyanagar,Hyderabad,,35000000.0,2799.0,12504.0,3,2,Plot,,,
Vidyanagar,Hyderabad,,35000000.0,3453.0,12504.0,4,4,Apartment,,,
Vidyanagar,Hyderabad,,12504.0,1011.6,12504.0,1,1,Apartment,,,
Vidyanagar,Hyderabad,,25180000.0,2799.0,8996.070025008932,3,3,Plot,,,
Vidyanagar,Hyderabad,,11680000.0,1565.0,7463.258785942492,3,3,Apartment,,,
Vidyanagar,Hyderabad,,13000000.0,1700.0,7647.0,3,3,Apartment,,,
Vidyanagar,Hyderabad,,13000000.0,1700.0,7647.0,3,3,Plot,,,
Vidyanagar,Hyderabad,,13000000.0,1350.2,7647.0,2,3,Apartment,,,
Vidyanagar,Hyderabad,,15385054.88252427,1940.211690056733,7647.0,3,3,Apartment,,,
Vidyanagar,Hyderabad,,12780000.0,1700.0,7517.64705882353,3,3,Plot,,,
Vidyanagar,Hyderabad,,27500000.0,1080.0,25463.0,4,4,House,,,
Vidyanagar,Hyderabad,,27500000.0,1080.0,25463.0,4,4,Plot,,,
Vidyanagar,Hyderabad,,27500000.0,2112.0,25463.0,4,4,Apartment,,,
Vidyanagar,Hyderabad,,25463.0,1011.6,25463.0,1,1,Apartment,,,
Vidyanagar,Hyderabad,,4400000.0,1080.0,4074.074074074074,2,3,Plot,,,
Vidyanagar,Hyderabad,,29000000.0,2160.0,13426.0,4,4,House,,,
Vidyanagar,Hyderabad,,29000000.0,2160.0,13426.0,4,4,Plot,,,
Vidyanagar,Hyderabad,,29000000.0,2055.6,13426.0,4,4,Apartment,,,
Vidyanagar,Hyderabad,,13426.0,1011.6,13426.0,1,1,Apartment,,,
Vidyanagar,Hyderabad,,27720000.0,2160.0,12833.33333333333,4,4,Plot,,,
Vidyanagar,Hyderabad,,28900000.0,1890.0,15291.0,4,3,Plot,,,
Vidyanagar,Hyderabad,,28900000.0,2091.6,15291.0,5,4,Apartment,,,
Vidyanagar,Hyderabad,,15291.0,1011.6,15291.0,1,1,Apartment,,,
Vidyanagar,Hyderabad,,22460000.0,1890.0,11883.59788359788,3,3,Plot,,,
Vidyanagar,Hyderabad,,29900000.0,1908.0,15671.0,4,3,Apartment,,,
Vidyanagar,Hyderabad,,29900000.0,2033.2,15671.0,4,3,Apartment,,,
Vidyanagar,Hyderabad,,15671.0,1011.6,15671.0,1,1,Apartment,,,
Vidyanagar,Hyderabad,,30140000.0,1908.0,15796.64570230608,3,3,Apartment,,,
Vidyanagar,Hyderabad,,21000000.0,1170.0,17949.0,5,4,House,,,
Vidyanagar,Hyderabad,,46000000.0,3877.2,11864.23191994223,5,5,Apartment,,,
Vidyanagar,Hyderabad,,21000000.0,1170.0,17949.0,5,4,Plot,,,
Vidyanagar,Hyderabad,,21000000.0,1903.0,17949.0,3,3,Apartment,,,
Vidyanagar,Hyderabad,,17949.0,1011.6,17949.0,1,1,Apartment,,,
Vidyanagar,Hyderabad,,13240000.0,1170.0,11316.23931623932,3,3,Plot,,,
Vidyanagar,Hyderabad,,49600000.0,3985.2,12446.05038642979,5,4,Apartment,,,
Vidyanagar,Hyderabad,,25000000.0,1080.0,23148.0,5,4,Villa,,,
Vidyanagar,Hyderabad,,25000000.0,1080.0,23148.0,5,4,Plot,,,
Vidyanagar,Hyderabad,,25000000.0,2600.4,23148.0,3,4,Apartment,,,
Vidyanagar,Hyderabad,,23148.0,1011.6,23148.0,1,1,Apartment,,,
Vidyanagar,Hyderabad,,7896000.0,1080.0,7311.111111111111,5,4,Villa,,,
"Injapur,",Hyderabad,Independent House,₹95.00 L,850 sqft,"₹11,176/sqft",2 BHK,2,Apartment,Semi-Furnished,nobroker.in,2026-02-25 15:46:47
Injapur,Hyderabad,Independent House,₹90.00 L,1300 sqft,"₹6,923/sqft",2 BHK,2,Apartment,NOT_FURNISHED,nobroker.in,2026-02-25 15:46:47
Injapur,Hyderabad,Trusted walls,₹75.00 L,1500 sqft,"₹5,000/sqft",3 BHK,3,Apartment,NOT_FURNISHED,nobroker.in,2026-02-25 15:46:47
injapur,Hyderabad,Independent House,₹68.00 L,1200 sqft,"₹5,667/sqft",2 BHK,2,Apartment,Semi-Furnished,nobroker.in,2026-02-25 15:46:47
Injapur,Hyderabad,sai krupa apartments snehapuri colony injapur,₹69.00 L,1415 sqft,"₹4,876/sqft",3 BHK,3,Apartment,NOT_FURNISHED,nobroker.in,2026-02-25 15:46:47
"Hayathnagar_Khalsa,",Hyderabad,Independent House,₹2.50 Cr,1200 sqft,"₹20,833/sqft",2 BHK,2,Apartment,Semi-Furnished,nobroker.in,2026-02-25 15:46:47
Injapur,Hyderabad,Independent House,₹80.00 L,1200 sqft,"₹6,667/sqft",2 BHK,2,Apartment,Semi-Furnished,nobroker.in,2026-02-25 15:46:47
Injapur,Hyderabad,Independent House,₹1.32 Cr,2640 sqft,"₹5,000/sqft",3 BHK,4,Apartment,NOT_FURNISHED,nobroker.in,2026-02-25 15:46:47
"Injapur,",Hyderabad,Independent House,₹1.35 Cr,3500 sqft,"₹3,857/sqft",4 BHK,5,Apartment,Semi-Furnished,nobroker.in,2026-02-25 15:46:47
"Injapur Road, Neeladri Nagar",Hyderabad,Independent House,₹1.45 Cr,1200 sqft,"₹12,083/sqft",3 BHK,3,Apartment,NOT_FURNISHED,nobroker.in,2026-02-25 15:46:47
Injapur,Hyderabad,Sai Krupa Apartment,₹70.00 L,1415 sqft,"₹4,947/sqft",3 BHK,3,Apartment,NOT_FURNISHED,nobroker.in,2026-02-25 15:46:47
Neeladri Nagar,Hyderabad,Trusted Walls Krishna Meridian,₹69.00 L,1188 sqft,"₹5,808/sqft",2 BHK,2,Apartment,NOT_FURNISHED,nobroker.in,2026-02-25 15:46:47
Injapur,Hyderabad,Independent House,₹1.20 Cr,1645 sqft,"₹7,295/sqft",3 BHK,2,Apartment,NOT_FURNISHED,nobroker.in,2026-02-25 15:46:47
Injapur,Hyderabad,Independent House,₹95.00 L,2500 sqft,"₹3,800/sqft",4 BHK,4,Apartment,NOT_FURNISHED,nobroker.in,2026-02-25 15:46:47
Injapur,Hyderabad,Independent House,₹1.30 Cr,1800 sqft,"₹7,222/sqft",3 BHK,4,Apartment,NOT_FURNISHED,nobroker.in,2026-02-25 15:46:47
Injapur,Hyderabad,Independent House,₹95.00 L,1650 sqft,"₹5,758/sqft",3 BHK,3,Apartment,Semi-Furnished,nobroker.in,2026-02-25 15:46:47
Injapur,Hyderabad,Independent House,₹1.20 Cr,1503 sqft,"₹7,984/sqft",2 BHK,3,Apartment,NOT_FURNISHED,nobroker.in,2026-02-25 15:46:47
Injapur,Hyderabad,Independent House,₹1.60 Cr,5000 sqft,"₹3,200/sqft",4 BHK,9,Apartment,NOT_FURNISHED,nobroker.in,2026-02-25 15:46:47
Neeladri Nagar,Hyderabad,Independent House,₹1.30 Cr,600 sqft,"₹21,667/sqft",1 BHK,1,Apartment,NOT_FURNISHED,nobroker.in,2026-02-25 15:46:47
Injapur,Hyderabad,Independent House,₹1.10 Cr,2160 sqft,"₹5,093/sqft",4 BHK,4,Apartment,NOT_FURNISHED,nobroker.in,2026-02-25 15:46:47
injapur,Hyderabad,Independent House,₹2.50 Cr,3834 sqft,"₹6,521/sqft",4 BHK,6,Apartment,NOT_FURNISHED,nobroker.in,2026-02-25 15:46:47
Injapur,Hyderabad,signature apartments,₹72.00 L,1375 sqft,"₹5,236/sqft",3 BHK,3,Apartment,NOT_FURNISHED,nobroker.in,2026-02-25 15:46:47
Hayathnagar_Khalsa,Hyderabad,Independent House,₹85.00 L,1240 sqft,"₹6,855/sqft",3 BHK,4,Apartment,Furnished,nobroker.in,2026-02-25 15:46:47
Injapur,Hyderabad,Independent House,₹1.10 Cr,2400 sqft,"₹4,583/sqft",3 BHK,3,Apartment,NOT_FURNISHED,nobroker.in,2026-02-25 15:46:47
Injapur,Hyderabad,Independent House,₹75.00 L,700 sqft,"₹10,714/sqft",2 BHK,1,Apartment,NOT_FURNISHED,nobroker.in,2026-02-25 15:46:47
Injapur,Hyderabad,Independent House,₹95.00 L,1300 sqft,"₹7,308/sqft",2 BHK,3,Apartment,Semi-Furnished,nobroker.in,2026-02-25 15:46:51
Injapur,Hyderabad,Independent House,₹1.15 Cr,1900 sqft,"₹6,053/sqft",3 BHK,4,Apartment,NOT_FURNISHED,nobroker.in,2026-02-25 15:46:51
Injapur,Hyderabad,Independent House,₹1.20 Cr,1600 sqft,"₹7,500/sqft",4 BHK,6,Apartment,NOT_FURNISHED,nobroker.in,2026-02-25 15:46:51
Injapur,Hyderabad,Independent House,₹95.00 L,1300 sqft,"₹7,308/sqft",4 BHK,5,Apartment,NOT_FURNISHED,nobroker.in,2026-02-25 15:46:51
Vanasthalipuram,Hyderabad,Independent House,₹92.00 L,1350 sqft,"₹6,815/sqft",2 BHK,2,Apartment,Semi-Furnished,nobroker.in,2026-02-25 15:46:51
Injapur,Hyderabad,Standalone Building,₹100.00 L,2808 sqft,"₹3,561/sqft",4 BHK,6,Apartment,NOT_FURNISHED,nobroker.in,2026-02-25 15:46:51
Neeladri Nagar,Hyderabad,TIRUMALA NIVAS,₹68.00 L,1530 sqft,"₹4,444/sqft",3 BHK,3,Apartment,NOT_FURNISHED,nobroker.in,2026-02-25 15:46:51
Neeladri Nagar,Hyderabad,apartment,₹68.00 L,1368 sqft,"₹4,971/sqft",3 BHK,3,Apartment,NOT_FURNISHED,nobroker.in,2026-02-25 15:46:51
Neeladri Nagar,Hyderabad,apartment,₹63.00 L,1250 sqft,"₹5,040/sqft",2 BHK,2,Apartment,NOT_FURNISHED,nobroker.in,2026-02-25 15:46:51
injapur,Hyderabad,Independent House,₹1.60 Cr,1315 sqft,"₹12,167/sqft",2 BHK,2,Apartment,NOT_FURNISHED,nobroker.in,2026-02-25 15:46:51
Injapur,Hyderabad,Independent House,₹1.20 Cr,1350 sqft,"₹8,889/sqft",3 BHK,3,Apartment,NOT_FURNISHED,nobroker.in,2026-02-25 15:46:51
Gurram Guda,Hyderabad,Independent House,₹95.00 L,1200 sqft,"₹7,917/sqft",3 BHK,3,Apartment,NOT_FURNISHED,nobroker.in,2026-02-25 15:46:51
LB Nagar,Hyderabad,Independent House,₹1.10 Cr,1300 sqft,"₹8,462/sqft",2 BHK,2,Apartment,NOT_FURNISHED,nobroker.in,2026-02-25 15:46:51
Apple Avenue injapur,Hyderabad,"apple Avenue,injapur",₹25.00 L,620 sqft,"₹4,032/sqft",2 BHK,2,Apartment,Semi-Furnished,nobroker.in,2026-02-25 15:46:51
Neeladri Nagar,Hyderabad,Independent House,₹1.00 Cr,1350 sqft,"₹7,407/sqft",2 BHK,3,Apartment,NOT_FURNISHED,nobroker.in,2026-02-25 15:46:51
Injapur,Hyderabad,Independent House,₹4.80 Cr,7684 sqft,"₹6,247/sqft",4 BHK,9,Apartment,NOT_FURNISHED,nobroker.in,2026-02-25 15:46:51
Gurram Guda,Hyderabad,Independent House,₹2.10 Cr,1503 sqft,"₹13,972/sqft",4 BHK,8,Apartment,Furnished,nobroker.in,2026-02-25 15:46:51
Injapur,Hyderabad,Independent House,₹1.35 Cr,2600 sqft,"₹5,192/sqft",3 BHK,3,Apartment,NOT_FURNISHED,nobroker.in,2026-02-25 15:46:51
Injapur,Hyderabad,Independent House,₹1.50 Cr,1350 sqft,"₹11,111/sqft",2 BHK,3,Apartment,Furnished,nobroker.in,2026-02-25 15:46:51
Injapur,Hyderabad,Independent House,₹1.50 Cr,1350 sqft,"₹11,111/sqft",3 BHK,4,Apartment,Semi-Furnished,nobroker.in,2026-02-25 15:46:51
Neeladri Nagar,Hyderabad,K V Nilayam,₹40.00 L,930 sqft,"₹4,301/sqft",2 BHK,2,Apartment,NOT_FURNISHED,nobroker.in,2026-02-25 15:46:51
injapur,Hyderabad,svn apartment,₹40.00 L,1000 sqft,"₹4,000/sqft",2 BHK,2,Apartment,NOT_FURNISHED,nobroker.in,2026-02-25 15:46:51
injapur,Hyderabad,Independent House,₹1.50 Cr,1000 sqft,"₹15,000/sqft",2 BHK,2,Apartment,NOT_FURNISHED,nobroker.in,2026-02-25 15:46:51
Injapur,Hyderabad,Independent House,₹1.60 Cr,2268 sqft,"₹7,055/sqft",4 BHK,2,Apartment,NOT_FURNISHED,nobroker.in,2026-02-25 15:46:51
Balapur,Hyderabad,Independent House,₹1.90 Cr,2700 sqft,"₹7,037/sqft",4 BHK,5,Apartment,Semi-Furnished,nobroker.in,2026-02-25 15:45:41
Balapur,Hyderabad,Independent House,₹2.00 Cr,1100 sqft,"₹18,182/sqft",3 BHK,2,Apartment,Semi-Furnished,nobroker.in,2026-02-25 15:45:41
Balapur,Hyderabad,Independent House,₹85.00 L,1350 sqft,"₹6,296/sqft",3 BHK,2,Apartment,NOT_FURNISHED,nobroker.in,2026-02-25 15:45:41
Balapur,Hyderabad,Independent House,₹1.25 Cr,2250 sqft,"₹5,556/sqft",3 BHK,2,Apartment,NOT_FURNISHED,nobroker.in,2026-02-25 15:45:41
Balapur,Hyderabad,Independent House,₹1.10 Cr,2250 sqft,"₹4,889/sqft",3 BHK,3,Apartment,NOT_FURNISHED,nobroker.in,2026-02-25 15:45:41
BALAPUR,Hyderabad,Independent House,₹98.00 L,140 sqft,"₹70,000/sqft",2 BHK,2,Apartment,Furnished,nobroker.in,2026-02-25 15:45:41
BALAPUR,Hyderabad,Independent House,₹12.50 L,200 sqft,"₹6,250/sqft",1 RK,1,Apartment,NOT_FURNISHED,nobroker.in,2026-02-25 15:45:41
Balapur,Hyderabad,Independent House,₹50.00 L,990 sqft,"₹5,051/sqft",2 BHK,1,Apartment,NOT_FURNISHED,nobroker.in,2026-02-25 15:45:41
Balapur,Hyderabad,Independent House,₹1.50 Cr,4050 sqft,"₹3,704/sqft",4 BHK,4,Apartment,NOT_FURNISHED,nobroker.in,2026-02-25 15:45:41
Subhodaya Nagar,Hyderabad,Independent House,₹1.50 Cr,2800 sqft,"₹5,357/sqft",4 BHK,7,Apartment,Semi-Furnished,nobroker.in,2026-02-25 15:45:41
Balapur,Hyderabad,sri deep towers,₹60.00 L,1150 sqft,"₹5,217/sqft",2 BHK,2,Apartment,NOT_FURNISHED,nobroker.in,2026-02-25 15:45:41
Balapur,Hyderabad,Independent House,₹1.50 Cr,3600 sqft,"₹4,167/sqft",2 BHK,2,Apartment,NOT_FURNISHED,nobroker.in,2026-02-25 15:45:41
Sai Nagar,Hyderabad,Independent House,₹1.15 Cr,1350 sqft,"₹8,519/sqft",2 BHK,2,Apartment,NOT_FURNISHED,nobroker.in,2026-02-25 15:45:41
madhunagar,Hyderabad,Independent House,₹1.25 Cr,1400 sqft,"₹8,929/sqft",4 BHK,3,Apartment,Semi-Furnished,nobroker.in,2026-02-25 15:45:41
Kanchan Bagh,Hyderabad,ashoka residency,₹58.00 L,1100 sqft,"₹5,273/sqft",2 BHK,2,Apartment,Semi-Furnished,nobroker.in,2026-02-25 15:45:41
Kanchan Bagh,Hyderabad,bhavaniresidency,₹38.00 L,1100 sqft,"₹3,455/sqft",2 BHK,2,Apartment,NOT_FURNISHED,nobroker.in,2026-02-25 15:45:41
balapur,Hyderabad,bhavani residency 2,₹45.00 L,1200 sqft,"₹3,750/sqft",2 BHK,2,Apartment,Semi-Furnished,nobroker.in,2026-02-25 15:45:41
Barkatpura,Hyderabad,Mahashiva apartment,₹85.00 L,1346 sqft,"₹6,315/sqft",2 BHK,2,Apartment,Semi-Furnished,nobroker.in,2026-02-25 15:45:41
Balapur,Hyderabad,Independent House,₹35.00 L,540 sqft,"₹6,481/sqft",1 BHK,1,Apartment,NOT_FURNISHED,nobroker.in,2026-02-25 15:45:41
Balapur,Hyderabad,namaratha residency,₹30.00 L,700 sqft,"₹4,286/sqft",1 BHK,1,Apartment,NOT_FURNISHED,nobroker.in,2026-02-25 15:45:41
Meerpet,Hyderabad,CBR Enclave,₹75.00 L,1200 sqft,"₹6,250/sqft",2 BHK,2,Apartment,NOT_FURNISHED,nobroker.in,2026-02-25 15:45:41
Meerpet,Hyderabad,CBR Enclave,₹45.00 L,1170 sqft,"₹3,846/sqft",2 BHK,2,Apartment,Semi-Furnished,nobroker.in,2026-02-25 15:45:41
BALAPUR CROSS ROAD,Hyderabad,KMR Srideep Homes,₹52.00 L,1150 sqft,"₹4,522/sqft",2 BHK,2,Apartment,Semi-Furnished,nobroker.in,2026-02-25 15:45:41
Kanchan Bagh,Hyderabad,Hi Tech Residency,₹45.00 L,1151 sqft,"₹3,910/sqft",2 BHK,2,Apartment,Semi-Furnished,nobroker.in,2026-02-25 15:45:41
Kanchan Bagh,Hyderabad,Independent House,₹32.00 L,540 sqft,"₹5,926/sqft",1 BHK,1,Apartment,NOT_FURNISHED,nobroker.in,2026-02-25 15:45:41
Balapur,Hyderabad,Standalone Building,₹75.00 L,1200 sqft,"₹6,250/sqft",3 BHK,3,Apartment,Semi-Furnished,nobroker.in,2026-02-25 15:45:41
Balapur,Hyderabad,Independent House,₹1.50 Cr,3000 sqft,"₹5,000/sqft",4 BHK,5,Apartment,Semi-Furnished,nobroker.in,2026-02-25 15:45:43
Balapur,Hyderabad,Independent House,₹60.00 L,1350 sqft,"₹4,444/sqft",2 BHK,2,Apartment,NOT_FURNISHED,nobroker.in,2026-02-25 15:45:43
Kanchanbagh,Hyderabad,Independent House,₹1.50 Cr,2000 sqft,"₹7,500/sqft",4 BHK,5,Apartment,NOT_FURNISHED,nobroker.in,2026-02-25 15:45:43
Edamma Temple,Hyderabad,Independent House,₹1.20 Cr,918 sqft,"₹13,072/sqft",4 BHK,4,Apartment,NOT_FURNISHED,nobroker.in,2026-02-25 15:45:43
Kanchan Bagh,Hyderabad,bhavani residency,₹45.00 L,1200 sqft,"₹3,750/sqft",2 BHK,2,Apartment,Semi-Furnished,nobroker.in,2026-02-25 15:45:43
Sai Nagar Colony,Hyderabad,Independent House,₹1.05 Cr,2280 sqft,"₹4,605/sqft",4 BHK,5,Apartment,NOT_FURNISHED,nobroker.in,2026-02-25 15:45:43
Triveni Nagar,Hyderabad,bhavani resdiency 3,₹48.00 L,1200 sqft,"₹4,000/sqft",2 BHK,2,Apartment,Semi-Furnished,nobroker.in,2026-02-25 15:45:43
Balapur,Hyderabad,hitech mujaffar residency,₹60.00 L,1100 sqft,"₹5,455/sqft",2 BHK,2,Apartment,NOT_FURNISHED,nobroker.in,2026-02-25 15:45:43
Balapur,Hyderabad,Independent House,₹1.10 Cr,1250 sqft,"₹8,800/sqft",3 BHK,3,Apartment,NOT_FURNISHED,nobroker.in,2026-02-25 15:45:43
Meerpet,Hyderabad,Independent House,₹72.00 L,200 sqft,"₹36,000/sqft",1 RK,1,Apartment,NOT_FURNISHED,nobroker.in,2026-02-25 15:45:43
Balapur,Hyderabad,KTR RESIDENCY,₹42.00 L,980 sqft,"₹4,286/sqft",2 BHK,2,Apartment,Semi-Furnished,nobroker.in,2026-02-25 15:45:43
Kanchan Bagh,Hyderabad,srideep towers,₹48.00 L,1150 sqft,"₹4,174/sqft",2 BHK,2,Apartment,Furnished,nobroker.in,2026-02-25 15:45:43
"Balapur,",Hyderabad,Independent House,₹75.00 L,1200 sqft,"₹6,250/sqft",2 BHK,2,Apartment,NOT_FURNISHED,nobroker.in,2026-02-25 15:45:43
"Balapur,",Hyderabad,Independent House,₹1.20 Cr,1500 sqft,"₹8,000/sqft",3 BHK,3,Apartment,Semi-Furnished,nobroker.in,2026-02-25 15:45:43
Balapur,Hyderabad,Anusha residency,₹42.00 L,1150 sqft,"₹3,652/sqft",2 BHK,2,Apartment,Semi-Furnished,nobroker.in,2026-02-25 15:45:43
Balapur,Hyderabad,Independent House,₹1.30 Cr,3000 sqft,"₹4,333/sqft",3 BHK,4,Apartment,NOT_FURNISHED,nobroker.in,2026-02-25 15:45:43
Subhodaya Nagar,Hyderabad,standalone building,₹2.30 Cr,2400 sqft,"₹9,583/sqft",4 BHK,6,Apartment,NOT_FURNISHED,nobroker.in,2026-02-25 15:45:43
Balapur,Hyderabad,Independent House,₹1.45 Cr,3200 sqft,"₹4,531/sqft",4 BHK,6,Apartment,Furnished,nobroker.in,2026-02-25 15:45:43
BALAPUR CROSS ROAD,Hyderabad,Nishanth Arcade,₹78.00 L,1500 sqft,"₹5,200/sqft",3 BHK,2,Apartment,NOT_FURNISHED,nobroker.in,2026-02-25 15:45:43
Balapur,Hyderabad,Independent House,₹40.00 L,540 sqft,"₹7,407/sqft",1 BHK,1,Apartment,NOT_FURNISHED,nobroker.in,2026-02-25 15:45:43
Balapur,Hyderabad,anusha residency,₹60.00 L,1150 sqft,"₹5,217/sqft",2 BHK,2,Apartment,Semi-Furnished,nobroker.in,2026-02-25 15:45:43
balapur x road,Hyderabad,Independent House,₹45.00 L,1200 sqft,"₹3,750/sqft",2 BHK,1,Apartment,NOT_FURNISHED,nobroker.in,2026-02-25 15:45:43
Bandlaguda Jagir,Hyderabad,Independent House,₹1.10 Cr,1170 sqft,"₹9,402/sqft",2 BHK,2,Apartment,NOT_FURNISHED,nobroker.in,2026-02-25 15:45:43
Balapur,Hyderabad,Independent House,₹24.00 L,540 sqft,"₹4,444/sqft",1 BHK,1,Apartment,NOT_FURNISHED,nobroker.in,2026-02-25 15:45:43
Nawab Saheb Kunta,Hyderabad,Independent House,₹60.00 L,990 sqft,"₹6,061/sqft",2 BHK,2,Apartment,NOT_FURNISHED,nobroker.in,2026-02-25 15:45:59
Nawab Saheb Kunta,Hyderabad,Independent House,₹40.00 L,1370 sqft,"₹2,920/sqft",3 BHK,3,Apartment,Semi-Furnished,nobroker.in,2026-02-25 15:45:59
Nawab Saheb Kunta,Hyderabad,Independent House,₹1.00 Cr,1000 sqft,"₹10,000/sqft",3 BHK,2,Apartment,NOT_FURNISHED,nobroker.in,2026-02-25 15:45:59
Nawab Saheb Kunta,Hyderabad,ahmad apartments,₹35.00 L,975 sqft,"₹3,590/sqft",2 BHK,2,Apartment,NOT_FURNISHED,nobroker.in,2026-02-25 15:45:59
Nawab Saheb Kunta,Hyderabad,Independent House,₹22.00 L,1035 sqft,"₹2,126/sqft",2 BHK,1,Apartment,NOT_FURNISHED,nobroker.in,2026-02-25 15:45:59
Nawab Saheb Kunta,Hyderabad,Independent House,₹15.00 L,300 sqft,"₹5,000/sqft",1 RK,1,Apartment,NOT_FURNISHED,nobroker.in,2026-02-25 15:45:59
Nawab Saheb Kunta,Hyderabad,Independent House,₹65.00 L,720 sqft,"₹9,028/sqft",1 RK,1,Apartment,NOT_FURNISHED,nobroker.in,2026-02-25 15:45:59
Nawab Saheb Kunta,Hyderabad,ibrahim enclave,₹35.00 L,790 sqft,"₹4,430/sqft",2 BHK,2,Apartment,NOT_FURNISHED,nobroker.in,2026-02-25 15:45:59
"Jahanuma, Nawab Saheb Kunta",Hyderabad,Independent House,₹50.00 L,1350 sqft,"₹3,704/sqft",4 BHK,4,Apartment,Semi-Furnished,nobroker.in,2026-02-25 15:45:59
Gudi Ka Dawakhana,Hyderabad,Independent House,₹55.00 L,900 sqft,"₹6,111/sqft",2 BHK,2,Apartment,NOT_FURNISHED,nobroker.in,2026-02-25 15:45:59
Yousufguda,Hyderabad,Independent House,₹1.50 Cr,900 sqft,"₹16,667/sqft",3 BHK,2,Apartment,Semi-Furnished,nobroker.in,2026-02-25 15:45:59
Nawab Saheb Kunta,Hyderabad,Independent House,₹72.00 L,2500 sqft,"₹2,880/sqft",4 BHK,3,Apartment,NOT_FURNISHED,nobroker.in,2026-02-25 15:45:59
Nawab Saheb Kunta,Hyderabad,Independent House,₹18.00 L,780 sqft,"₹2,308/sqft",2 BHK,2,Apartment,NOT_FURNISHED,nobroker.in,2026-02-25 15:45:59
Nawab Saheb Kunta,Hyderabad,Independent House,₹20.00 L,738 sqft,"₹2,710/sqft",2 BHK,1,Apartment,NOT_FURNISHED,nobroker.in,2026-02-25 15:45:59
Nawab Saheb Kunta,Hyderabad,Independent House,₹28.00 L,934 sqft,"₹2,998/sqft",1 BHK,1,Apartment,NOT_FURNISHED,nobroker.in,2026-02-25 15:45:59
Nawab Saheb Kunta,Hyderabad,Independent House,₹16.00 L,1300 sqft,"₹1,231/sqft",3 BHK,3,Apartment,NOT_FURNISHED,nobroker.in,2026-02-25 15:45:59
Nawab Saheb Kunta,Hyderabad,Independent House,₹85.00 L,1900 sqft,"₹4,474/sqft",4 BHK,5,Apartment,Semi-Furnished,nobroker.in,2026-02-25 15:45:59
Nawab Saheb Kunta,Hyderabad,Independent House,₹42.00 L,900 sqft,"₹4,667/sqft",3 BHK,1,Apartment,NOT_FURNISHED,nobroker.in,2026-02-25 15:45:59
Nawab Saheb Kunta,Hyderabad,Independent House,₹1.10 Cr,1944 sqft,"₹5,658/sqft",4 BHK,4,Apartment,NOT_FURNISHED,nobroker.in,2026-02-25 15:45:59
Jahanuma,Hyderabad,,₹1.50 Cr,1100 sqft,"₹13,636/sqft",2 BHK,2,Apartment,Semi-Furnished,nobroker.in,2026-02-25 15:45:59
Nawab Saheb Kunta,Hyderabad,Independent House,₹1.20 Cr,4841 sqft,"₹2,472/sqft",4 BHK,3,Apartment,NOT_FURNISHED,nobroker.in,2026-02-25 15:45:59
Nawab Saheb Kunta,Hyderabad,Independent House,₹70.00 L,126 sqft,"₹55,556/sqft",4 BHK,2,Apartment,NOT_FURNISHED,nobroker.in,2026-02-25 15:45:59
Nawab Saheb Kunta,Hyderabad,Independent House,₹21.00 L,360 sqft,"₹5,833/sqft",1 BHK,1,Apartment,NOT_FURNISHED,nobroker.in,2026-02-25 15:45:59
Nawab Saheb Kunta,Hyderabad,Independent House,₹45.00 L,954 sqft,"₹4,717/sqft",3 BHK,2,Apartment,NOT_FURNISHED,nobroker.in,2026-02-25 15:45:59
"19-4-281/M/37/75, Ansari Rd, Saleheen Colony, Nawab Saheb Kunta, Hyderabad, Telangana 500053, India",Hyderabad,Independent House,₹1.42 Cr,2190 sqft,"₹6,484/sqft",4 BHK,6,Apartment,NOT_FURNISHED,nobroker.in,2026-02-25 15:45:59
Tad Bun,Hyderabad,apaprment,₹1.05 Cr,1300 sqft,"₹8,077/sqft",3 BHK,2,Apartment,Furnished,nobroker.in,2026-02-25 15:45:59
Nawab Saheb Kunta,Hyderabad,Independent House,₹70.00 L,2700 sqft,"₹2,593/sqft",4 BHK,4,Apartment,NOT_FURNISHED,nobroker.in,2026-02-25 15:46:03
Tadban,Hyderabad,Independent House,₹28.00 L,540 sqft,"₹5,185/sqft",2 BHK,1,Apartment,NOT_FURNISHED,nobroker.in,2026-02-25 15:46:03
Nawab saheb kunta,Hyderabad,Independent House,₹32.00 L,909 sqft,"₹3,520/sqft",3 BHK,2,Apartment,NOT_FURNISHED,nobroker.in,2026-02-25 15:46:03
Nawab Saheb Kunta,Hyderabad,Independent House,₹2.77 Cr,2169 sqft,"₹12,778/sqft",4 BHK,5,Apartment,NOT_FURNISHED,nobroker.in,2026-02-25 15:46:03
Kalapatther,Hyderabad,Independent House,₹25.00 L,890 sqft,"₹2,809/sqft",2 BHK,2,Apartment,NOT_FURNISHED,nobroker.in,2026-02-25 15:46:03
"Kalapather,",Hyderabad,apartment,₹30.00 L,750 sqft,"₹4,000/sqft",2 BHK,2,Apartment,NOT_FURNISHED,nobroker.in,2026-02-25 15:46:03
Tad Bun,Hyderabad,Independent House,₹1.55 Cr,2700 sqft,"₹5,741/sqft",4 BHK,3,Apartment,NOT_FURNISHED,nobroker.in,2026-02-25 15:46:03
Charminar,Hyderabad,Raza Apartment,₹36.00 L,825 sqft,"₹4,364/sqft",2 BHK,2,Apartment,NOT_FURNISHED,nobroker.in,2026-02-25 15:46:03
Nawab Saheb Kunta,Hyderabad,Independent House,₹62.00 L,1237 sqft,"₹5,012/sqft",4 BHK,2,Apartment,NOT_FURNISHED,nobroker.in,2026-02-25 15:46:03
kala pathar,Hyderabad,Independent House,₹1.60 Cr,4000 sqft,"₹4,000/sqft",4 BHK,8,Apartment,NOT_FURNISHED,nobroker.in,2026-02-25 15:46:03
Nawab Saheb Kunta,Hyderabad,Independent House,₹1.50 Cr,1413 sqft,"₹10,616/sqft",2 BHK,1,Apartment,NOT_FURNISHED,nobroker.in,2026-02-25 15:46:03
Nawab Saheb Kunta,Hyderabad,Independent House,₹30.00 L,650 sqft,"₹4,615/sqft",2 BHK,1,Apartment,NOT_FURNISHED,nobroker.in,2026-02-25 15:46:03
Falaknuma,Hyderabad,Independent House,₹55.00 L,1200 sqft,"₹4,583/sqft",3 BHK,3,Apartment,NOT_FURNISHED,nobroker.in,2026-02-25 15:46:03
Falaknuma,Hyderabad,Independent House,₹52.00 L,1112 sqft,"₹4,676/sqft",2 BHK,2,Apartment,NOT_FURNISHED,nobroker.in,2026-02-25 15:46:03
Falaknuma,Hyderabad,Independent House,₹65.00 L,1780 sqft,"₹3,652/sqft",4 BHK,4,Apartment,NOT_FURNISHED,nobroker.in,2026-02-25 15:46:03
Nawab Saheb Kunta,Hyderabad,Independent House,₹71.00 L,990 sqft,"₹7,172/sqft",2 BHK,3,Apartment,Semi-Furnished,nobroker.in,2026-02-25 15:46:03
Falaknuma,Hyderabad,Independent House,₹2.10 Cr,1710 sqft,"₹12,281/sqft",4 BHK,6,Apartment,NOT_FURNISHED,nobroker.in,2026-02-25 15:46:03
Falaknuma,Hyderabad,Independent House,₹1.20 Cr,1958 sqft,"₹6,129/sqft",4 BHK,5,Apartment,Furnished,nobroker.in,2026-02-25 15:46:03
"Nawab Saheb Kunta,",Hyderabad,Independent House,₹1.06 Cr,1350 sqft,"₹7,819/sqft",4 BHK,3,Apartment,NOT_FURNISHED,nobroker.in,2026-02-25 15:46:03
Nawab Saheb Kunta,Hyderabad,Independent House,₹60.00 L,630 sqft,"₹9,524/sqft",2 BHK,2,Apartment,NOT_FURNISHED,nobroker.in,2026-02-25 15:46:03
Nawab Saheb Kunta,Hyderabad,Independent House,₹55.00 L,2000 sqft,"₹2,750/sqft",4 BHK,2,Apartment,NOT_FURNISHED,nobroker.in,2026-02-25 15:46:03
jahanuma,Hyderabad,Independent House,₹4.50 Cr,2556 sqft,"₹17,606/sqft",4 BHK,4,Apartment,NOT_FURNISHED,nobroker.in,2026-02-25 15:46:03
Tadban,Hyderabad,Independent House,₹1.20 Cr,1440 sqft,"₹8,333/sqft",4 BHK,2,Apartment,NOT_FURNISHED,nobroker.in,2026-02-25 15:46:03
"Khaja Pahadi, Tad Bun,",Hyderabad,Independent House,₹1.05 Cr,1125 sqft,"₹9,333/sqft",2 BHK,2,Apartment,Semi-Furnished,nobroker.in,2026-02-25 15:46:03
Tad Bun,Hyderabad,Independent House,₹1.10 Cr,3600 sqft,"₹3,056/sqft",4 BHK,6,Apartment,Semi-Furnished,nobroker.in,2026-02-25 15:46:03
Balapur,Hyderabad,Independent House,₹85.00 L,1350 sqft,"₹6,296/sqft",2 BHK,2,Apartment,NOT_FURNISHED,nobroker.in,2026-02-25 15:47:00
Balapur,Hyderabad,Orchids Residency,₹2.25 Cr,2250 sqft,"₹10,000/sqft",3 BHK,3,Apartment,NOT_FURNISHED,nobroker.in,2026-02-25 15:47:00
Balapur,Hyderabad,Independent House,₹70.00 L,1080 sqft,"₹6,481/sqft",3 BHK,3,Apartment,NOT_FURNISHED,nobroker.in,2026-02-25 15:47:00
Balapur,Hyderabad,Mohamed Apartment,₹3.00 Cr,900 sqft,"₹33,333/sqft",4 BHK,2,Apartment,Semi-Furnished,nobroker.in,2026-02-25 15:47:00
Balapur,Hyderabad,Independent House,₹95.00 L,1080 sqft,"₹8,796/sqft",2 BHK,2,Apartment,NOT_FURNISHED,nobroker.in,2026-02-25 15:47:00
Balapur,Hyderabad,Independent House,₹1.25 Cr,3600 sqft,"₹3,472/sqft",4 BHK,6,Apartment,NOT_FURNISHED,nobroker.in,2026-02-25 15:47:00
Balapur,Hyderabad,Independent House,₹82.00 L,1350 sqft,"₹6,074/sqft",2 BHK,3,Apartment,NOT_FURNISHED,nobroker.in,2026-02-25 15:47:00
Balapur,Hyderabad,Independent House,₹80.00 L,700 sqft,"₹11,429/sqft",2 BHK,2,Apartment,NOT_FURNISHED,nobroker.in,2026-02-25 15:47:00
Balapur,Hyderabad,Independent House,₹2.80 Cr,6102 sqft,"₹4,589/sqft",4 BHK,12,Apartment,NOT_FURNISHED,nobroker.in,2026-02-25 15:47:00
"Shivrampalli Village, Sivarampalli",Hyderabad,Orchid Reside,₹3.60 Cr,5200 sqft,"₹6,923/sqft",4 BHK,4,Apartment,Semi-Furnished,nobroker.in,2026-02-25 15:47:00
Metro City Phase 4,Hyderabad,Independent House,₹1.20 Cr,1980 sqft,"₹6,061/sqft",3 BHK,2,Apartment,Semi-Furnished,nobroker.in,2026-02-25 15:47:00
Sri Venkateshwara Colony Road balapur,Hyderabad,Independent House,₹4.90 Cr,8160 sqft,"₹6,005/sqft",4 BHK,8,Apartment,Furnished,nobroker.in,2026-02-25 15:47:00
Mallapur,Hyderabad,Independent House,₹1.20 Cr,2700 sqft,"₹4,444/sqft",4 BHK,4,Apartment,NOT_FURNISHED,nobroker.in,2026-02-25 15:47:00
Balapur,Hyderabad,Independent House,₹66.00 L,1023 sqft,"₹6,452/sqft",2 BHK,2,Apartment,NOT_FURNISHED,nobroker.in,2026-02-25 15:47:00
Mallapur,Hyderabad,Independent House,₹85.00 L,1197 sqft,"₹7,101/sqft",3 BHK,3,Apartment,NOT_FURNISHED,nobroker.in,2026-02-25 15:47:00
Mallapur,Hyderabad,GK Rama Saikrishna Nilayam,₹55.18 L,1022 sqft,"₹5,399/sqft",2 BHK,2,Apartment,Semi-Furnished,nobroker.in,2026-02-25 15:47:00
Mallapur,Hyderabad,Independent House,₹1.00 Cr,1350 sqft,"₹7,407/sqft",4 BHK,3,Apartment,NOT_FURNISHED,nobroker.in,2026-02-25 15:47:00
Mallapur,Hyderabad,Standalone building,₹1.50 Cr,2400 sqft,"₹6,250/sqft",4 BHK,7,Apartment,NOT_FURNISHED,nobroker.in,2026-02-25 15:47:00
Sree Balaji township,Hyderabad,Independent House,₹1.45 Cr,1600 sqft,"₹9,062/sqft",3 BHK,3,Apartment,NOT_FURNISHED,nobroker.in,2026-02-25 15:47:00
Sree Balaji township,Hyderabad,Independent House,₹1.00 Cr,1200 sqft,"₹8,333/sqft",2 BHK,3,Apartment,Semi-Furnished,nobroker.in,2026-02-25 15:47:00
Balapur,Hyderabad,Independent House,₹75.00 L,1260 sqft,"₹5,952/sqft",2 BHK,2,Apartment,NOT_FURNISHED,nobroker.in,2026-02-25 15:47:00
Balapur,Hyderabad,Independent House,₹1.40 Cr,500 sqft,"₹28,000/sqft",1 BHK,1,Apartment,NOT_FURNISHED,nobroker.in,2026-02-25 15:47:00
"7GR3+GR, Hyderabad, Balapur, Telangana 500005, India",Hyderabad,Independent House,₹90.00 L,1950 sqft,"₹4,615/sqft",3 BHK,3,Apartment,NOT_FURNISHED,nobroker.in,2026-02-25 15:47:00
Balapur,Hyderabad,Independent House,₹80.00 L,1250 sqft,"₹6,400/sqft",4 BHK,3,Apartment,NOT_FURNISHED,nobroker.in,2026-02-25 15:47:00
balapur,Hyderabad,Independent House,₹70.00 L,1197 sqft,"₹5,848/sqft",2 BHK,2,Apartment,NOT_FURNISHED,nobroker.in,2026-02-25 15:47:00
Balapur,Hyderabad,Independent House,₹1.40 Cr,1602 sqft,"₹8,739/sqft",3 BHK,3,Apartment,Semi-Furnished,nobroker.in,2026-02-25 15:47:00
Balapur,Hyderabad,Independent House,₹64.00 L,1200 sqft,"₹5,333/sqft",2 BHK,2,Apartment,NOT_FURNISHED,nobroker.in,2026-02-25 15:47:03
Balapur,Hyderabad,Independent House,₹1.50 Cr,3375 sqft,"₹4,444/sqft",4 BHK,7,Apartment,NOT_FURNISHED,nobroker.in,2026-02-25 15:47:03
Balapur,Hyderabad,Independent House,₹1.20 Cr,1040 sqft,"₹11,538/sqft",2 BHK,2,Apartment,Semi-Furnished,nobroker.in,2026-02-25 15:47:03
Balapur,Hyderabad,Independent House,₹2.40 Cr,5600 sqft,"₹4,286/sqft",4 BHK,9,Apartment,Furnished,nobroker.in,2026-02-25 15:47:03
"7FVX+P9W, Ganesh Enclave, Mallapur, Hyderabad, Balapur, Telangana 500005, India",Hyderabad,M B APARTMENT MALLAPUR,₹42.00 L,990 sqft,"₹4,242/sqft",2 BHK,2,Apartment,Furnished,nobroker.in,2026-02-25 15:47:03
Kurmalguda,Hyderabad,Independent House,₹34.00 L,1000 sqft,"₹3,400/sqft",3 BHK,1,Apartment,NOT_FURNISHED,nobroker.in,2026-02-25 15:47:03
"balapur,Mallapur",Hyderabad,Independent House,₹79.50 L,922 sqft,"₹8,623/sqft",2 BHK,3,Apartment,NOT_FURNISHED,nobroker.in,2026-02-25 15:47:03
Balapur,Hyderabad,Independent House,₹75.00 L,1350 sqft,"₹5,556/sqft",2 BHK,3,Apartment,NOT_FURNISHED,nobroker.in,2026-02-25 15:47:03
"Balapur,",Hyderabad,Independent House,₹1.05 Cr,1400 sqft,"₹7,500/sqft",3 BHK,3,Apartment,NOT_FURNISHED,nobroker.in,2026-02-25 15:47:03
Balapur,Hyderabad,Independent House,₹90.00 L,1063 sqft,"₹8,467/sqft",3 BHK,3,Apartment,Semi-Furnished,nobroker.in,2026-02-25 15:47:03
Balapur,Hyderabad,Independent House,₹90.00 L,1143 sqft,"₹7,874/sqft",4 BHK,4,Apartment,NOT_FURNISHED,nobroker.in,2026-02-25 15:47:03
mallapur,Hyderabad,Independent House,₹90.00 L,2160 sqft,"₹4,167/sqft",4 BHK,4,Apartment,NOT_FURNISHED,nobroker.in,2026-02-25 15:47:03
Mallapur,Hyderabad,Independent House,₹1.40 Cr,1800 sqft,"₹7,778/sqft",3 BHK,4,Apartment,NOT_FURNISHED,nobroker.in,2026-02-25 15:47:03
Mallapur,Hyderabad,Independent House,₹1.20 Cr,2450 sqft,"₹4,898/sqft",4 BHK,4,Apartment,NOT_FURNISHED,nobroker.in,2026-02-25 15:47:03
Mallapur,Hyderabad,Belmont Villas,₹1.65 Cr,2500 sqft,"₹6,600/sqft",3 BHK,4,Apartment,Semi-Furnished,nobroker.in,2026-02-25 15:47:03
Sree Balaji township,Hyderabad,Independent House,₹2.00 Cr,3105 sqft,"₹6,441/sqft",4 BHK,5,Apartment,Furnished,nobroker.in,2026-02-25 15:47:03
Balapur,Hyderabad,Independent House,₹95.00 L,1200 sqft,"₹7,917/sqft",4 BHK,4,Apartment,NOT_FURNISHED,nobroker.in,2026-02-25 15:47:03
Balapur,Hyderabad,Independent House,₹66.00 L,900 sqft,"₹7,333/sqft",2 BHK,2,Apartment,NOT_FURNISHED,nobroker.in,2026-02-25 15:47:03
Balapur,Hyderabad,Independent House,₹1.25 Cr,2800 sqft,"₹4,464/sqft",3 BHK,4,Apartment,Furnished,nobroker.in,2026-02-25 15:47:03
Balapur,Hyderabad,Dream City,₹80.00 L,1167 sqft,"₹6,855/sqft",3 BHK,2,Apartment,NOT_FURNISHED,nobroker.in,2026-02-25 15:47:03
Mallapur,Hyderabad,Mohan brundavan apartments,₹32.00 L,1000 sqft,"₹3,200/sqft",2 BHK,2,Apartment,NOT_FURNISHED,nobroker.in,2026-02-25 15:47:03
"Mallapur, phase 2",Hyderabad,Independent House,₹71.00 L,1200 sqft,"₹5,917/sqft",2 BHK,2,Apartment,NOT_FURNISHED,nobroker.in,2026-02-25 15:47:03
Balapur,Hyderabad,Independent House,₹1.40 Cr,1350 sqft,"₹10,370/sqft",3 BHK,4,Apartment,Semi-Furnished,nobroker.in,2026-02-25 15:47:03
Abids,Hyderabad,maarool,₹1.10 Cr,1380 sqft,"₹7,971/sqft",3 BHK,3,Apartment,Furnished,nobroker.in,2026-02-25 15:43:46
Gun Foundry,Hyderabad,Standalone Building,₹22.00 Cr,4000 sqft,"₹55,000/sqft",4 BHK,6,Apartment,Semi-Furnished,nobroker.in,2026-02-25 15:43:46
Basheer Bagh,Hyderabad,Meenakshi Elysia,₹5.14 Cr,3699 sqft,"₹13,896/sqft",4 BHK,4,Apartment,Semi-Furnished,nobroker.in,2026-02-25 15:43:46
Abids,Hyderabad,Jain Amolak Amare,₹2.46 Cr,2058 sqft,"₹11,953/sqft",3 BHK,3,Apartment,NOT_FURNISHED,nobroker.in,2026-02-25 15:43:46
Abids,Hyderabad,Independent House,₹1.50 Cr,1000 sqft,"₹15,000/sqft",2 BHK,2,Apartment,NOT_FURNISHED,nobroker.in,2026-02-25 15:43:46
Abids,Hyderabad,Independent House,₹9.00 Cr,1700 sqft,"₹52,941/sqft",3 BHK,4,Apartment,Semi-Furnished,nobroker.in,2026-02-25 15:43:46
Abids,Hyderabad,grace apartment,₹1.61 Cr,1900 sqft,"₹8,500/sqft",3 BHK,2,Apartment,Semi-Furnished,nobroker.in,2026-02-25 15:43:46
Abids,Hyderabad,Northstar SP Palacio,₹3.15 Cr,2251 sqft,"₹13,994/sqft",3 BHK,3,Apartment,NOT_FURNISHED,nobroker.in,2026-02-25 15:43:46
Gun Foundry,Hyderabad,Independent House,₹6.00 Cr,1500 sqft,"₹40,000/sqft",3 BHK,4,Apartment,Semi-Furnished,nobroker.in,2026-02-25 15:43:46
Basheer Bagh,Hyderabad,Gunfoundry,₹46.00 L,700 sqft,"₹6,571/sqft",2 BHK,1,Apartment,NOT_FURNISHED,nobroker.in,2026-02-25 15:43:46
Gun foundry,Hyderabad,Independent House,₹1.25 Cr,3000 sqft,"₹4,167/sqft",4 BHK,5,Apartment,Semi-Furnished,nobroker.in,2026-02-25 15:43:46
Basheerbagh,Hyderabad,Deccan Towers,₹80.00 L,1105 sqft,"₹7,240/sqft",3 BHK,2,Apartment,Semi-Furnished,nobroker.in,2026-02-25 15:43:46
Basheer Bagh,Hyderabad,madeena elite,₹40.00 L,1020 sqft,"₹3,922/sqft",2 BHK,2,Apartment,Semi-Furnished,nobroker.in,2026-02-25 15:43:46
Basheerbagh,Hyderabad,Vibgyor Vertex,₹1.40 Cr,1420 sqft,"₹9,859/sqft",2 BHK,2,Apartment,Semi-Furnished,nobroker.in,2026-02-25 15:43:46
Abids,Hyderabad,Badar appartment,₹1.80 Cr,1400 sqft,"₹12,857/sqft",3 BHK,2,Apartment,Semi-Furnished,nobroker.in,2026-02-25 15:43:46
Abids,Hyderabad,Golden Gate Apartments,₹1.25 Cr,1300 sqft,"₹9,615/sqft",3 BHK,3,Apartment,Semi-Furnished,nobroker.in,2026-02-25 15:43:46
Abids,Hyderabad,Janata residency,₹65.00 L,1105 sqft,"₹5,882/sqft",2 BHK,2,Apartment,NOT_FURNISHED,nobroker.in,2026-02-25 15:43:46
Nampally,Hyderabad,Park Royale Enclave,₹1.30 Cr,1963 sqft,"₹6,623/sqft",3 BHK,3,Apartment,Semi-Furnished,nobroker.in,2026-02-25 15:43:46
Abids,Hyderabad,Independent House,₹8.60 Cr,7500 sqft,"₹11,467/sqft",4 BHK,12,Apartment,Semi-Furnished,nobroker.in,2026-02-25 15:43:46
Abids,Hyderabad,surabhi shraddha,₹1.30 Cr,1730 sqft,"₹7,514/sqft",3 BHK,3,Apartment,NOT_FURNISHED,nobroker.in,2026-02-25 15:43:46
Abids,Hyderabad,nasav chambers,₹35.00 L,600 sqft,"₹5,833/sqft",1 BHK,1,Apartment,NOT_FURNISHED,nobroker.in,2026-02-25 15:43:46
Nampally,Hyderabad,Lakshmi sai residency,₹1.20 Cr,1050 sqft,"₹11,429/sqft",2 BHK,2,Apartment,NOT_FURNISHED,nobroker.in,2026-02-25 15:43:46
Abids,Hyderabad,Falcon Creast Appartment Abids,₹66.00 L,1076 sqft,"₹6,134/sqft",2 BHK,2,Apartment,NOT_FURNISHED,nobroker.in,2026-02-25 15:43:46
Kavadiguda,Hyderabad,"Indiabulls Central Park Hyderabad, Kavadiguda",₹1.45 Cr,1507 sqft,"₹9,622/sqft",2 BHK,2,Apartment,Semi-Furnished,nobroker.in,2026-02-25 15:43:46
Basheer Bagh,Hyderabad,Independent House,₹1.20 Cr,1700 sqft,"₹7,059/sqft",4 BHK,5,Apartment,Semi-Furnished,nobroker.in,2026-02-25 15:43:46
Basheerbagh,Hyderabad,"The Legend Basheerbagh 1, Basheerbagh",₹2.20 Cr,1927 sqft,"₹11,417/sqft",3 BHK,3,Apartment,Furnished,nobroker.in,2026-02-25 15:43:46
Basheer Bagh,Hyderabad,shashi vihar,₹1.65 Cr,2600 sqft,"₹6,346/sqft",3 BHK,3,Apartment,Furnished,nobroker.in,2026-02-25 15:43:49
chirag ali,Hyderabad,shah manzil,₹55.00 L,1150 sqft,"₹4,783/sqft",2 BHK,2,Apartment,Furnished,nobroker.in,2026-02-25 15:43:49
Basheer Bagh,Hyderabad,Minar tower,₹90.00 L,1050 sqft,"₹8,571/sqft",2 BHK,2,Apartment,Furnished,nobroker.in,2026-02-25 15:43:49
Tukkuguda,Hyderabad,Adarsh shubham,₹70.00 L,1078 sqft,"₹6,494/sqft",2 BHK,2,Apartment,Semi-Furnished,nobroker.in,2026-02-25 15:43:49
Basheer Bagh,Hyderabad,Balaji&#39;s Starzup Premier Residence,₹1.45 Cr,1500 sqft,"₹9,667/sqft",3 BHK,3,Apartment,Furnished,nobroker.in,2026-02-25 15:43:49
Abids,Hyderabad,Purnima apartments,₹80.00 L,1300 sqft,"₹6,154/sqft",3 BHK,2,Apartment,NOT_FURNISHED,nobroker.in,2026-02-25 15:43:49
Deccan Towers,Hyderabad,Deccan Towers,₹1.00 Cr,1105 sqft,"₹9,050/sqft",3 BHK,3,Apartment,Semi-Furnished,nobroker.in,2026-02-25 15:43:49
Basheer Bagh,Hyderabad,Independent House,₹2.60 Cr,2340 sqft,"₹11,111/sqft",4 BHK,4,Apartment,NOT_FURNISHED,nobroker.in,2026-02-25 15:43:49
Basheer Bagh,Hyderabad,Sahil Noorani Opera Residency,₹1.06 Cr,1900 sqft,"₹5,579/sqft",3 BHK,3,Apartment,Semi-Furnished,nobroker.in,2026-02-25 15:43:49
basheerbagh,Hyderabad,Independent House,₹1.15 Cr,1023 sqft,"₹11,241/sqft",4 BHK,1,Apartment,NOT_FURNISHED,nobroker.in,2026-02-25 15:43:49
"Shergate, Basheer Bagh,",Hyderabad,Independent House,₹2.70 Cr,800 sqft,"₹33,750/sqft",2 BHK,1,Apartment,Semi-Furnished,nobroker.in,2026-02-25 15:43:49
Shergate,Hyderabad,aliya tower,₹35.00 L,1000 sqft,"₹3,500/sqft",2 BHK,2,Apartment,NOT_FURNISHED,nobroker.in,2026-02-25 15:43:49
Abids,Hyderabad,Agarwal Chambers,₹75.00 L,1632 sqft,"₹4,596/sqft",3 BHK,2,Apartment,Furnished,nobroker.in,2026-02-25 15:43:49
Abids,Hyderabad,"Agarwal Chambers, Abids",₹95.00 L,1640 sqft,"₹5,793/sqft",3 BHK,3,Apartment,Furnished,nobroker.in,2026-02-25 15:43:49
Abids,Hyderabad,mahaveer kunj,₹2.40 Cr,2400 sqft,"₹10,000/sqft",4 BHK,3,Apartment,NOT_FURNISHED,nobroker.in,2026-02-25 15:43:49
Abids,Hyderabad,Surabhi Shradha,₹95.00 L,1290 sqft,"₹7,364/sqft",2 BHK,2,Apartment,NOT_FURNISHED,nobroker.in,2026-02-25 15:43:49
Basheer Bagh,Hyderabad,Pearl Palace,₹6.00 Cr,5117 sqft,"₹11,726/sqft",4 BHK,5,Apartment,Furnished,nobroker.in,2026-02-25 15:43:49
"Sultan Bazar, Koti",Hyderabad,Standalone Building,₹90.00 L,1000 sqft,"₹9,000/sqft",2 BHK,2,Apartment,Semi-Furnished,nobroker.in,2026-02-25 15:43:49
Basheer Bagh,Hyderabad,Independent House,₹1.00 Cr,1530 sqft,"₹6,536/sqft",2 BHK,3,Apartment,NOT_FURNISHED,nobroker.in,2026-02-25 15:43:49
Hyderguda,Hyderabad,Mahaveer Apartment,₹80.00 L,1200 sqft,"₹6,667/sqft",2 BHK,2,Apartment,Semi-Furnished,nobroker.in,2026-02-25 15:43:49
Hyderguda,Hyderabad,kursheed heights,₹1.30 Cr,950 sqft,"₹13,684/sqft",2 BHK,2,Apartment,NOT_FURNISHED,nobroker.in,2026-02-25 15:43:49
"9FVH+7X7, Sultan Bazar, Abids, Hyderabad, Hyderguda, Telangana 500001, India",Hyderabad,Anantha Lakshmi Residency,₹88.00 L,1200 sqft,"₹7,333/sqft",2 BHK,2,Apartment,Semi-Furnished,nobroker.in,2026-02-25 15:43:49
King Koti,Hyderabad,standalone building,₹65.80 L,1400 sqft,"₹4,700/sqft",3 BHK,3,Apartment,NOT_FURNISHED,nobroker.in,2026-02-25 15:43:49
King Koti,Hyderabad,standalone building,₹47.00 L,1000 sqft,"₹4,700/sqft",2 BHK,2,Apartment,NOT_FURNISHED,nobroker.in,2026-02-25 15:43:49
"King Koti,",Hyderabad,Independent House,₹1.03 Cr,1035 sqft,"₹10,000/sqft",2 BHK,1,Apartment,NOT_FURNISHED,nobroker.in,2026-02-25 15:43:49
NFC Nagar,Hyderabad,Independent House,₹57.00 L,936 sqft,"₹6,090/sqft",2 BHK,2,Apartment,NOT_FURNISHED,nobroker.in,2026-02-25 15:47:13
Ghatkesar,Hyderabad,Independent House,₹55.00 L,900 sqft,"₹6,111/sqft",2 BHK,2,Apartment,NOT_FURNISHED,nobroker.in,2026-02-25 15:47:13
nfc nagar,Hyderabad,Independent House,₹4.00 Cr,8500 sqft,"₹4,706/sqft",4 BHK,10,Apartment,Semi-Furnished,nobroker.in,2026-02-25 15:47:13
NFC Nagar Ghatkesar,Hyderabad,Independent House,₹2.50 Cr,1000 sqft,"₹25,000/sqft",2 BHK,2,Apartment,NOT_FURNISHED,nobroker.in,2026-02-25 15:47:13
Ghatkesar,Hyderabad,Independent House,₹1.00 Cr,1344 sqft,"₹7,440/sqft",2 BHK,3,Apartment,Furnished,nobroker.in,2026-02-25 15:47:13
Ghatkesar,Hyderabad,Independent House,₹63.00 L,1620 sqft,"₹3,889/sqft",2 BHK,2,Apartment,NOT_FURNISHED,nobroker.in,2026-02-25 15:47:13
Ghatkesar,Hyderabad,Independent House,₹1.30 Cr,2400 sqft,"₹5,417/sqft",4 BHK,6,Apartment,Semi-Furnished,nobroker.in,2026-02-25 15:47:13
Ghatkesar,Hyderabad,Independent House,₹59.00 L,1000 sqft,"₹5,900/sqft",2 BHK,1,Apartment,NOT_FURNISHED,nobroker.in,2026-02-25 15:47:13
Ghatkesar,Hyderabad,Independent House,₹47.00 L,900 sqft,"₹5,222/sqft",2 BHK,2,Apartment,NOT_FURNISHED,nobroker.in,2026-02-25 15:47:13
Ghatkesar,Hyderabad,Independent House,₹45.00 L,1450 sqft,"₹3,103/sqft",3 BHK,2,Apartment,NOT_FURNISHED,nobroker.in,2026-02-25 15:47:13
KENDRIYA VIDYALAYA NFC NAGAR,Hyderabad,Independent House,₹52.00 L,860 sqft,"₹6,047/sqft",2 BHK,2,Apartment,NOT_FURNISHED,nobroker.in,2026-02-25 15:47:13
Ghatkesar,Hyderabad,Independent House,₹46.00 L,860 sqft,"₹5,349/sqft",2 BHK,3,Apartment,Semi-Furnished,nobroker.in,2026-02-25 15:47:13
Ghatkesar,Hyderabad,Independent House,₹1.10 Cr,1800 sqft,"₹6,111/sqft",3 BHK,3,Apartment,Semi-Furnished,nobroker.in,2026-02-25 15:47:13
Ghatkesar,Hyderabad,Independent House,₹50.00 L,1800 sqft,"₹2,778/sqft",2 BHK,2,Apartment,NOT_FURNISHED,nobroker.in,2026-02-25 15:47:13
Ghatkesar,Hyderabad,Independent House,₹70.00 L,1335 sqft,"₹5,243/sqft",2 BHK,3,Apartment,NOT_FURNISHED,nobroker.in,2026-02-25 15:47:13
"NFC Nagar,",Hyderabad,Independent House,₹1.20 Cr,2400 sqft,"₹5,000/sqft",4 BHK,4,Apartment,Semi-Furnished,nobroker.in,2026-02-25 15:47:13
NFC Nagar,Hyderabad,Independent House,₹41.00 L,900 sqft,"₹4,556/sqft",2 BHK,2,Apartment,NOT_FURNISHED,nobroker.in,2026-02-25 15:47:13
Bokkoniguda,Hyderabad,Independent House,₹80.00 L,900 sqft,"₹8,889/sqft",2 BHK,2,Apartment,NOT_FURNISHED,nobroker.in,2026-02-25 15:47:13
"GGPQ+PP5, Bharat Nagar, Kowkoor, Secunderabad, Telangana 500078, India",Hyderabad,Independent House,₹52.00 L,900 sqft,"₹5,778/sqft",2 BHK,2,Apartment,NOT_FURNISHED,nobroker.in,2026-02-25 15:47:13
Ghatkesar,Hyderabad,Standalone Building,₹2.00 Cr,4199 sqft,"₹4,763/sqft",4 BHK,7,Apartment,NOT_FURNISHED,nobroker.in,2026-02-25 15:47:13
"Ghatkesar,",Hyderabad,Independent House,₹68.00 L,1350 sqft,"₹5,037/sqft",2 BHK,2,Apartment,NOT_FURNISHED,nobroker.in,2026-02-25 15:47:13
NFC Nagar,Hyderabad,Independent House,₹50.00 L,900 sqft,"₹5,556/sqft",2 BHK,2,Apartment,NOT_FURNISHED,nobroker.in,2026-02-25 15:47:13
Ghatkesar,Hyderabad,Independent House,₹75.00 L,2655 sqft,"₹2,825/sqft",3 BHK,3,Apartment,NOT_FURNISHED,nobroker.in,2026-02-25 15:47:13
Ghatkesar,Hyderabad,Independent House,₹72.00 L,1350 sqft,"₹5,333/sqft",2 BHK,3,Apartment,NOT_FURNISHED,nobroker.in,2026-02-25 15:47:13
NFC Nagar,Hyderabad,Independent House,₹62.00 L,1026 sqft,"₹6,043/sqft",2 BHK,2,Apartment,NOT_FURNISHED,nobroker.in,2026-02-25 15:47:13
Pasumamula,Hyderabad,balaji ashyai,₹2.27 Cr,3240 sqft,"₹7,000/sqft",4 BHK,4,Apartment,NOT_FURNISHED,nobroker.in,2026-02-25 15:47:15
"CMJ7+9WM, Annojiguda, Badesahebguda, Telangana 501301, India",Hyderabad,Independent House,₹28.00 L,648 sqft,"₹4,321/sqft",1 BHK,2,Apartment,NOT_FURNISHED,nobroker.in,2026-02-25 15:47:15
Ghatkesar,Hyderabad,Independent House,₹45.00 L,1350 sqft,"₹3,333/sqft",4 BHK,3,Apartment,NOT_FURNISHED,nobroker.in,2026-02-25 15:47:15
Ghatkesar,Hyderabad,Independent House,₹72.00 L,1200 sqft,"₹6,000/sqft",4 BHK,4,Apartment,Semi-Furnished,nobroker.in,2026-02-25 15:47:15
Ghatkesar,Hyderabad,Bandari Blossoms &#40;Laxmi Infratech&#41;,₹47.00 L,1050 sqft,"₹4,476/sqft",2 BHK,2,Apartment,Furnished,nobroker.in,2026-02-25 15:47:15
ghatkesar,Hyderabad,Bandari Blossoms,₹47.00 L,1000 sqft,"₹4,700/sqft",2 BHK,2,Apartment,NOT_FURNISHED,nobroker.in,2026-02-25 15:47:15
Ghatkesar,Hyderabad,BANDARI BLOSOMES,₹45.00 L,1050 sqft,"₹4,286/sqft",2 BHK,2,Apartment,Semi-Furnished,nobroker.in,2026-02-25 15:47:15
Ghatkesar,Hyderabad,BANDARI BLOSOMES,₹55.00 L,1100 sqft,"₹5,000/sqft",2 BHK,2,Apartment,Semi-Furnished,nobroker.in,2026-02-25 15:47:15
ghatkesar,Hyderabad,Independent House,₹45.00 L,1202 sqft,"₹3,744/sqft",2 BHK,2,Apartment,NOT_FURNISHED,nobroker.in,2026-02-25 15:47:15
Sunshine park,Hyderabad,Independent House,₹97.00 L,1485 sqft,"₹6,532/sqft",3 BHK,3,Apartment,NOT_FURNISHED,nobroker.in,2026-02-25 15:47:15
ghatkesar,Hyderabad,yadadri residency,₹45.00 L,1166 sqft,"₹3,859/sqft",2 BHK,2,Apartment,NOT_FURNISHED,nobroker.in,2026-02-25 15:47:15
Ghatkesar,Hyderabad,Independent House,₹50.00 L,1100 sqft,"₹4,545/sqft",2 BHK,2,Apartment,NOT_FURNISHED,nobroker.in,2026-02-25 15:47:15
Kondapur,Hyderabad,Independent House,₹1.00 Cr,1900 sqft,"₹5,263/sqft",3 BHK,2,Apartment,NOT_FURNISHED,nobroker.in,2026-02-25 15:47:15
Balaji Nagar,Hyderabad,Independent House,₹25.00 L,1000 sqft,"₹2,500/sqft",2 BHK,3,Apartment,NOT_FURNISHED,nobroker.in,2026-02-25 15:47:15
Ghatkesar,Hyderabad,Independent House,₹55.00 L,850 sqft,"₹6,471/sqft",2 BHK,2,Apartment,NOT_FURNISHED,nobroker.in,2026-02-25 15:47:15
Ghatkesar,Hyderabad,Independent House,₹60.00 L,1000 sqft,"₹6,000/sqft",2 BHK,2,Apartment,NOT_FURNISHED,nobroker.in,2026-02-25 15:47:15
Kondapur ghatkesar,Hyderabad,Independent House,₹66.00 L,1700 sqft,"₹3,882/sqft",3 BHK,4,Apartment,NOT_FURNISHED,nobroker.in,2026-02-25 15:47:15
Kondapur,Hyderabad,Independent House,₹80.00 L,1450 sqft,"₹5,517/sqft",2 BHK,2,Apartment,NOT_FURNISHED,nobroker.in,2026-02-25 15:47:15
Pocharam,Hyderabad,Sadbhavana Pocharam,₹25.50 L,748 sqft,"₹3,409/sqft",2 BHK,2,Apartment,NOT_FURNISHED,nobroker.in,2026-02-25 15:47:15
Kondapur,Hyderabad,Independent House,₹1.25 Cr,1000 sqft,"₹12,500/sqft",2 BHK,3,Apartment,NOT_FURNISHED,nobroker.in,2026-02-25 15:47:15
Ghatkesar,Hyderabad,Independent House,₹25.00 L,675 sqft,"₹3,704/sqft",1 BHK,1,Apartment,NOT_FURNISHED,nobroker.in,2026-02-25 15:47:15
Sushanth Nagar,Hyderabad,Shilpi residency,₹50.00 L,970 sqft,"₹5,155/sqft",2 BHK,2,Apartment,Semi-Furnished,nobroker.in,2026-02-25 15:47:15
Ghatkesar,Hyderabad,Independent House,₹60.00 L,1201 sqft,"₹4,996/sqft",2 BHK,2,Apartment,NOT_FURNISHED,nobroker.in,2026-02-25 15:47:15
Kondapur,Hyderabad,Independent House,₹60.00 L,1107 sqft,"₹5,420/sqft",2 BHK,2,Apartment,NOT_FURNISHED,nobroker.in,2026-02-25 15:47:15
Ghatkesar,Hyderabad,Independent House,₹90.00 L,1755 sqft,"₹5,128/sqft",2 BHK,2,Apartment,NOT_FURNISHED,nobroker.in,2026-02-25 15:47:15
Kanchan Bagh,Hyderabad,Standalone Building,₹45.00 L,1075 sqft,"₹4,186/sqft",2 BHK,2,Apartment,Semi-Furnished,nobroker.in,2026-02-25 15:45:21
Champapet,Hyderabad,Independent House,₹2.25 Cr,2214 sqft,"₹10,163/sqft",4 BHK,8,Apartment,NOT_FURNISHED,nobroker.in,2026-02-25 15:45:21
Champapet,Hyderabad,vaishnavi lotus apartment,₹60.00 L,1000 sqft,"₹6,000/sqft",2 BHK,2,Apartment,Furnished,nobroker.in,2026-02-25 15:45:21
Champapet,Hyderabad,Independent House,₹1.30 Cr,2000 sqft,"₹6,500/sqft",4 BHK,5,Apartment,NOT_FURNISHED,nobroker.in,2026-02-25 15:45:21
Santosh Nagar,Hyderabad,Independent House,₹1.20 Cr,1980 sqft,"₹6,061/sqft",4 BHK,3,Apartment,NOT_FURNISHED,nobroker.in,2026-02-25 15:45:21
Santosh Nagar,Hyderabad,Independent House,₹1.45 Cr,1125 sqft,"₹12,889/sqft",2 BHK,3,Apartment,Semi-Furnished,nobroker.in,2026-02-25 15:45:21
"8-3-1-LE-25, Virat Nagar, Kanchan Bagh, Hyderabad, Telangana 500097, India",Hyderabad,Independent House,₹1.80 Cr,1494 sqft,"₹12,048/sqft",3 BHK,4,Apartment,NOT_FURNISHED,nobroker.in,2026-02-25 15:45:21
Champapet,Hyderabad,Independent House,₹2.50 Cr,1549 sqft,"₹16,139/sqft",2 BHK,3,Apartment,Furnished,nobroker.in,2026-02-25 15:45:21
Santosh Nagar,Hyderabad,Independent House,₹2.00 Cr,600 sqft,"₹33,333/sqft",2 BHK,1,Apartment,NOT_FURNISHED,nobroker.in,2026-02-25 15:45:21
"Virat Nagar Colony Park, Virat Nagar, Kanchan Bagh, Hyderabad, Rangareddy, Telangana, India",Hyderabad,Independent House,₹1.75 Cr,2100 sqft,"₹8,333/sqft",4 BHK,3,Apartment,NOT_FURNISHED,nobroker.in,2026-02-25 15:45:21
SVR Ananya,Hyderabad,Svr Ananya Apartment,₹1.43 Cr,2200 sqft,"₹6,515/sqft",3 BHK,3,Apartment,NOT_FURNISHED,nobroker.in,2026-02-25 15:45:21
Santosh Nagar,Hyderabad,Independent House,₹2.70 Cr,4500 sqft,"₹6,000/sqft",4 BHK,7,Apartment,Semi-Furnished,nobroker.in,2026-02-25 15:45:21
Maruthi Nagar,Hyderabad,Independent House,₹1.80 Cr,1899 sqft,"₹9,479/sqft",3 BHK,2,Apartment,Semi-Furnished,nobroker.in,2026-02-25 15:45:21
"9-7-343, beside AS Arcade, East Maruti Nagar, New Santoshnagar, Kanchan Bagh, Champapet, Hyderabad, Telangana 500059, India",Hyderabad,"sai recidency, maruthi nagar, santosh nagar",₹43.00 L,930 sqft,"₹4,624/sqft",2 BHK,2,Apartment,Furnished,nobroker.in,2026-02-25 15:45:21
Champapet,Hyderabad,Independent House,₹5.00 Cr,2152 sqft,"₹23,234/sqft",4 BHK,6,Apartment,Furnished,nobroker.in,2026-02-25 15:45:21
Sai Ram Nagar,Hyderabad,Shraddha infra,₹1.41 Cr,2200 sqft,"₹6,409/sqft",3 BHK,3,Apartment,NOT_FURNISHED,nobroker.in,2026-02-25 15:45:21
Champapet,Hyderabad,Independent House,₹3.50 Cr,3800 sqft,"₹9,211/sqft",4 BHK,7,Apartment,Semi-Furnished,nobroker.in,2026-02-25 15:45:21
Champapet,Hyderabad,BPS Twin Towers,₹90.00 L,1285 sqft,"₹7,004/sqft",2 BHK,2,Apartment,NOT_FURNISHED,nobroker.in,2026-02-25 15:45:21
Champapet,Hyderabad,Independent House,₹50.00 L,1250 sqft,"₹4,000/sqft",2 BHK,1,Apartment,Semi-Furnished,nobroker.in,2026-02-25 15:45:21
Champapet,Hyderabad,Surender Reddy Dr Lattupalli,₹1.08 Cr,1665 sqft,"₹6,486/sqft",3 BHK,3,Apartment,NOT_FURNISHED,nobroker.in,2026-02-25 15:45:21
Champapet,Hyderabad,Independent House,₹1.00 Cr,1200 sqft,"₹8,333/sqft",2 BHK,3,Apartment,NOT_FURNISHED,nobroker.in,2026-02-25 15:45:21
Santosh Nagar,Hyderabad,Jayashekhara Brudavan appartments,₹54.00 L,1000 sqft,"₹5,400/sqft",2 BHK,2,Apartment,Semi-Furnished,nobroker.in,2026-02-25 15:45:21
New Santoshnagar,Hyderabad,Jayashekhara Brundavan,₹65.00 L,1200 sqft,"₹5,417/sqft",3 BHK,2,Apartment,Semi-Furnished,nobroker.in,2026-02-25 15:45:21
Kanchanbagh,Hyderabad,Sri Maruthi Residency,₹45.00 L,730 sqft,"₹6,164/sqft",2 BHK,2,Apartment,NOT_FURNISHED,nobroker.in,2026-02-25 15:45:21
Kanchan Bagh,Hyderabad,Independent House,₹40.00 L,522 sqft,"₹7,663/sqft",1 BHK,1,Apartment,NOT_FURNISHED,nobroker.in,2026-02-25 15:45:21
Kanchan Bagh,Hyderabad,Sri Maruthi Residency,₹40.00 L,866 sqft,"₹4,619/sqft",2 BHK,2,Apartment,Furnished,nobroker.in,2026-02-25 15:45:21
Jillelaguda,Hyderabad,Sri Sai Residency,₹62.00 L,1000 sqft,"₹6,200/sqft",2 BHK,2,Apartment,Semi-Furnished,nobroker.in,2026-02-25 15:45:24
Santosh Nagar,Hyderabad,Independent House,₹2.00 Cr,3600 sqft,"₹5,556/sqft",4 BHK,10,Apartment,Semi-Furnished,nobroker.in,2026-02-25 15:45:24
maruthi nagar,Hyderabad,Independent House,₹1.60 Cr,2500 sqft,"₹6,400/sqft",4 BHK,4,Apartment,Semi-Furnished,nobroker.in,2026-02-25 15:45:24
ETERNAL LAKSHMI APARTMENT,Hyderabad,"eternal laxmi,champapet",₹1.05 Cr,1590 sqft,"₹6,604/sqft",3 BHK,3,Apartment,Semi-Furnished,nobroker.in,2026-02-25 15:45:24
Champapet,Hyderabad,Independent House,₹2.30 Cr,1200 sqft,"₹19,167/sqft",2 BHK,2,Apartment,Furnished,nobroker.in,2026-02-25 15:45:24
Santosh Nagar,Hyderabad,Independent House,₹3.00 Cr,4000 sqft,"₹7,500/sqft",4 BHK,9,Apartment,Semi-Furnished,nobroker.in,2026-02-25 15:45:24
Kanchan Bagh,Hyderabad,Independent House,₹2.50 Cr,3000 sqft,"₹8,333/sqft",4 BHK,5,Apartment,Semi-Furnished,nobroker.in,2026-02-25 15:45:24
SVS Krishna Sai Residency,Hyderabad,SVS Krishna Sai Residency,₹27.00 L,878 sqft,"₹3,075/sqft",2 BHK,2,Apartment,NOT_FURNISHED,nobroker.in,2026-02-25 15:45:24
Champapet,Hyderabad,Standalone Building,₹90.00 L,1872 sqft,"₹4,808/sqft",4 BHK,5,Apartment,NOT_FURNISHED,nobroker.in,2026-02-25 15:45:24
"9-7-172/1, Raji Reddy Nagar, New Santoshnagar, Santosh Nagar, Hyderabad, Telangana 500059, India",Hyderabad,Standalone Building,₹2.30 Cr,1200 sqft,"₹19,167/sqft",2 BHK,3,Apartment,Semi-Furnished,nobroker.in,2026-02-25 15:45:24
Santosh nagar,Hyderabad,Independent House,₹38.00 L,900 sqft,"₹4,222/sqft",2 BHK,2,Apartment,NOT_FURNISHED,nobroker.in,2026-02-25 15:45:24
Kharmanghat,Hyderabad,sd,₹35.00 L,1800 sqft,"₹1,944/sqft",2 BHK,2,Apartment,NOT_FURNISHED,nobroker.in,2026-02-25 15:45:24
Santosh Nagar,Hyderabad,Independent House,₹50.00 L,1206 sqft,"₹4,146/sqft",4 BHK,3,Apartment,NOT_FURNISHED,nobroker.in,2026-02-25 15:45:24
Santosh Nagar,Hyderabad,Independent House,₹4.25 Cr,2400 sqft,"₹17,708/sqft",3 BHK,3,Apartment,NOT_FURNISHED,nobroker.in,2026-02-25 15:45:24
"Bhavani Nagar Colony, New Santoshnagar",Hyderabad,Maruthi residency,₹38.00 L,900 sqft,"₹4,222/sqft",2 BHK,2,Apartment,NOT_FURNISHED,nobroker.in,2026-02-25 15:45:24
Kharmanghat,Hyderabad,maruthi,₹40.00 L,875 sqft,"₹4,571/sqft",2 BHK,2,Apartment,Semi-Furnished,nobroker.in,2026-02-25 15:45:24
Santosh Nagar,Hyderabad,sai sidhartha residency,₹35.00 L,600 sqft,"₹5,833/sqft",1 BHK,1,Apartment,NOT_FURNISHED,nobroker.in,2026-02-25 15:45:24
santhosh nagar,Hyderabad,Independent House,₹80.00 L,1116 sqft,"₹7,168/sqft",2 BHK,1,Apartment,NOT_FURNISHED,nobroker.in,2026-02-25 15:45:24
Champapet,Hyderabad,"Cnr Plaza, Champapet",₹65.00 L,1500 sqft,"₹4,333/sqft",2 BHK,2,Apartment,Furnished,nobroker.in,2026-02-25 15:45:24
Santosh Nagar,Hyderabad,Standalone Building,₹2.00 Cr,1350 sqft,"₹14,815/sqft",2 BHK,3,Apartment,NOT_FURNISHED,nobroker.in,2026-02-25 15:45:24
Hafiz Baba Nagar,Hyderabad,Independent House,₹42.00 L,500 sqft,"₹8,400/sqft",2 BHK,2,Apartment,NOT_FURNISHED,nobroker.in,2026-02-25 15:45:24
Bandlaguda Jagir,Hyderabad,Independent House,₹50.00 L,972 sqft,"₹5,144/sqft",3 BHK,2,Apartment,NOT_FURNISHED,nobroker.in,2026-02-25 15:45:24
Santosh Nagar,Hyderabad,Independent House,₹74.00 L,2160 sqft,"₹3,426/sqft",3 BHK,3,Apartment,NOT_FURNISHED,nobroker.in,2026-02-25 15:45:24
Santosh Nagar,Hyderabad,Independent House,₹30.00 L,900 sqft,"₹3,333/sqft",2 BHK,1,Apartment,NOT_FURNISHED,nobroker.in,2026-02-25 15:45:24
"Santosh Nagar,",Hyderabad,Independent House,₹85.00 L,1800 sqft,"₹4,722/sqft",4 BHK,4,Apartment,Semi-Furnished,nobroker.in,2026-02-25 15:45:24
Chandrayangutta,Hyderabad,qathwa apartment,₹45.00 L,1300 sqft,"₹3,462/sqft",3 BHK,3,Apartment,Semi-Furnished,nobroker.in,2026-02-25 15:46:11
", Chandrayangutta,",Hyderabad,standalone building,₹75.00 L,4000 sqft,"₹1,875/sqft",4 BHK,7,Apartment,NOT_FURNISHED,nobroker.in,2026-02-25 15:46:11
Yousufguda,Hyderabad,Independent House,₹60.00 L,900 sqft,"₹6,667/sqft",2 BHK,1,Apartment,NOT_FURNISHED,nobroker.in,2026-02-25 15:46:11
Chandrayangutta,Hyderabad,Independent House,₹37.00 L,1974 sqft,"₹1,874/sqft",3 BHK,1,Apartment,NOT_FURNISHED,nobroker.in,2026-02-25 15:46:11
Chandrayangutta,Hyderabad,Independent House,₹25.00 L,630 sqft,"₹3,968/sqft",2 BHK,2,Apartment,Furnished,nobroker.in,2026-02-25 15:46:11
Chandrayangutta,Hyderabad,Independent House,₹85.00 L,4700 sqft,"₹1,809/sqft",4 BHK,7,Apartment,NOT_FURNISHED,nobroker.in,2026-02-25 15:46:11
# Ghazi Millat Colony,Hyderabad,Independent House,₹65.00 L,1100 sqft,"₹5,909/sqft",3 BHK,1,Apartment,NOT_FURNISHED,nobroker.in,2026-02-25 15:46:11
Chandrayangutta,Hyderabad,global aparmtnet,₹45.00 L,950 sqft,"₹4,737/sqft",2 BHK,2,Apartment,NOT_FURNISHED,nobroker.in,2026-02-25 15:46:11
Chandrayanagutta,Hyderabad,Parivar town,₹1.80 Cr,1050 sqft,"₹17,143/sqft",3 BHK,2,Apartment,NOT_FURNISHED,nobroker.in,2026-02-25 15:46:11
Chandrayangutta,Hyderabad,Standalone Building,₹1.45 Cr,3600 sqft,"₹4,028/sqft",4 BHK,9,Apartment,Semi-Furnished,nobroker.in,2026-02-25 15:46:11
Chandrayangutta,Hyderabad,Standalone Building,₹1.50 Cr,3240 sqft,"₹4,630/sqft",4 BHK,6,Apartment,NOT_FURNISHED,nobroker.in,2026-02-25 15:46:11
Gazimilath Colony,Hyderabad,Independent House,₹1.40 Cr,3100 sqft,"₹4,516/sqft",4 BHK,4,Apartment,NOT_FURNISHED,nobroker.in,2026-02-25 15:46:11
Chandrayangutta,Hyderabad,Independent House,₹40.00 L,990 sqft,"₹4,040/sqft",2 BHK,2,Apartment,NOT_FURNISHED,nobroker.in,2026-02-25 15:46:11
chandrayan guta,Hyderabad,Independent House,₹25.00 L,1000 sqft,"₹2,500/sqft",2 BHK,2,Apartment,NOT_FURNISHED,nobroker.in,2026-02-25 15:46:11
Al Mujtaba Street,Hyderabad,Independent House,₹1.50 Cr,900 sqft,"₹16,667/sqft",3 BHK,3,Apartment,Semi-Furnished,nobroker.in,2026-02-25 15:46:11
naseeb nagar,Hyderabad,Independent House,₹28.00 L,534 sqft,"₹5,243/sqft",1 BHK,1,Apartment,NOT_FURNISHED,nobroker.in,2026-02-25 15:46:11
Chandrayangutta,Hyderabad,Independent House,₹35.00 L,1008 sqft,"₹3,472/sqft",3 BHK,2,Apartment,NOT_FURNISHED,nobroker.in,2026-02-25 15:46:11
Chandrayangutta,Hyderabad,Apartment,₹30.00 L,1800 sqft,"₹1,667/sqft",2 BHK,4,Apartment,NOT_FURNISHED,nobroker.in,2026-02-25 15:46:11
Chandrayangutta,Hyderabad,RK Apartment,₹45.00 L,1300 sqft,"₹3,462/sqft",3 BHK,2,Apartment,NOT_FURNISHED,nobroker.in,2026-02-25 15:46:11
Falaknuma,Hyderabad,RS Residency,₹70.00 L,1450 sqft,"₹4,828/sqft",4 BHK,3,Apartment,Semi-Furnished,nobroker.in,2026-02-25 15:46:11
Chandrayangutta,Hyderabad,apartment,₹29.00 L,1340 sqft,"₹2,164/sqft",3 BHK,2,Apartment,NOT_FURNISHED,nobroker.in,2026-02-25 15:46:11
Chandrayangutta,Hyderabad,Standalone Building,₹32.00 L,1800 sqft,"₹1,778/sqft",2 BHK,4,Apartment,NOT_FURNISHED,nobroker.in,2026-02-25 15:46:11
Chandrayangutta,Hyderabad,Independent House,₹1.20 Cr,900 sqft,"₹13,333/sqft",2 BHK,2,Apartment,Semi-Furnished,nobroker.in,2026-02-25 15:46:11
Chandrayangutta,Hyderabad,Independent House,₹48.00 L,1170 sqft,"₹4,103/sqft",3 BHK,2,Apartment,NOT_FURNISHED,nobroker.in,2026-02-25 15:46:11
Chandrayangutta,Hyderabad,Independent House,₹1.20 Cr,1980 sqft,"₹6,061/sqft",4 BHK,6,Apartment,Semi-Furnished,nobroker.in,2026-02-25 15:46:11
salara,Hyderabad,Independent House,₹25.00 L,632 sqft,"₹3,956/sqft",1 BHK,2,Apartment,NOT_FURNISHED,nobroker.in,2026-02-25 15:46:11
Fathima Nagar,Hyderabad,Independent House,₹42.00 L,1200 sqft,"₹3,500/sqft",2 BHK,2,Apartment,NOT_FURNISHED,nobroker.in,2026-02-25 15:46:14
Chandrayangutta,Hyderabad,Independent House,₹42.00 L,1170 sqft,"₹3,590/sqft",3 BHK,2,Apartment,NOT_FURNISHED,nobroker.in,2026-02-25 15:46:14
Falaknuma,Hyderabad,Independent House,₹22.00 L,580 sqft,"₹3,793/sqft",2 BHK,1,Apartment,NOT_FURNISHED,nobroker.in,2026-02-25 15:46:14
Falaknuma,Hyderabad,Independent House,₹35.00 L,1335 sqft,"₹2,622/sqft",3 BHK,4,Apartment,NOT_FURNISHED,nobroker.in,2026-02-25 15:46:14
falaknuma,Hyderabad,Independent House,₹19.00 L,514 sqft,"₹3,696/sqft",1 BHK,1,Apartment,NOT_FURNISHED,nobroker.in,2026-02-25 15:46:14
Falaknuma,Hyderabad,Independent House,₹58.00 L,1800 sqft,"₹3,222/sqft",3 BHK,1,Apartment,NOT_FURNISHED,nobroker.in,2026-02-25 15:46:14
Chandrayangutta,Hyderabad,Independent House,₹48.00 L,900 sqft,"₹5,333/sqft",2 BHK,1,Apartment,NOT_FURNISHED,nobroker.in,2026-02-25 15:46:14
Chandrayangutta,Hyderabad,Naseeb Residency,₹27.00 L,1500 sqft,"₹1,800/sqft",3 BHK,3,Apartment,NOT_FURNISHED,nobroker.in,2026-02-25 15:46:14
Chandrayangutta,Hyderabad,standardlone building,₹3.15 Cr,6000 sqft,"₹5,250/sqft",4 BHK,4,Apartment,Semi-Furnished,nobroker.in,2026-02-25 15:46:14
Falaknuma,Hyderabad,Independent House,₹70.00 L,1710 sqft,"₹4,094/sqft",4 BHK,2,Apartment,NOT_FURNISHED,nobroker.in,2026-02-25 15:46:14
Chandrayangutta,Hyderabad,Independent House,₹60.00 L,1200 sqft,"₹5,000/sqft",4 BHK,2,Apartment,NOT_FURNISHED,nobroker.in,2026-02-25 15:46:14
Chandrayangutta,Hyderabad,Independent House,₹35.00 L,900 sqft,"₹3,889/sqft",2 BHK,2,Apartment,NOT_FURNISHED,nobroker.in,2026-02-25 15:46:14
Naseeb Nagar,Hyderabad,Independent House,₹2.25 Cr,4445 sqft,"₹5,062/sqft",4 BHK,11,Apartment,NOT_FURNISHED,nobroker.in,2026-02-25 15:46:14
naseeb nagar,Hyderabad,Independent House,₹2.50 Cr,4000 sqft,"₹6,250/sqft",4 BHK,12,Apartment,NOT_FURNISHED,nobroker.in,2026-02-25 15:46:14
Chandrayangutta,Hyderabad,Independent House,₹45.00 L,800 sqft,"₹5,625/sqft",2 BHK,2,Apartment,NOT_FURNISHED,nobroker.in,2026-02-25 15:46:14
Naseeb Nagar,Hyderabad,Independent House,₹80.00 L,1800 sqft,"₹4,444/sqft",4 BHK,6,Apartment,NOT_FURNISHED,nobroker.in,2026-02-25 15:46:14
Falaknuma,Hyderabad,Independent House,₹1.05 Cr,2000 sqft,"₹5,250/sqft",4 BHK,6,Apartment,NOT_FURNISHED,nobroker.in,2026-02-25 15:46:14
Chandrayangutta,Hyderabad,Independent House,₹60.00 L,943 sqft,"₹6,363/sqft",2 BHK,2,Apartment,NOT_FURNISHED,nobroker.in,2026-02-25 15:46:14
Falaknuma,Hyderabad,Independent House,₹65.00 L,675 sqft,"₹9,630/sqft",1 BHK,1,Apartment,Semi-Furnished,nobroker.in,2026-02-25 15:46:14
Kanchan Bagh,Hyderabad,Independent House,₹1.25 Cr,1350 sqft,"₹9,259/sqft",4 BHK,3,Apartment,NOT_FURNISHED,nobroker.in,2026-02-25 15:46:14
Chandrayangutta,Hyderabad,APARTMENT,₹43.00 L,1000 sqft,"₹4,300/sqft",3 BHK,2,Apartment,NOT_FURNISHED,nobroker.in,2026-02-25 15:46:14
Naseeb Nagar,Hyderabad,Standalone Building,₹1.20 Cr,1800 sqft,"₹6,667/sqft",4 BHK,4,Apartment,Semi-Furnished,nobroker.in,2026-02-25 15:46:14
Chandrayangutta,Hyderabad,white house,₹40.00 L,1000 sqft,"₹4,000/sqft",3 BHK,3,Apartment,NOT_FURNISHED,nobroker.in,2026-02-25 15:46:14
Chandrayangutta,Hyderabad,Independent House,₹38.50 L,900 sqft,"₹4,278/sqft",3 BHK,2,Apartment,NOT_FURNISHED,nobroker.in,2026-02-25 15:46:14
Naseeb Nagar,Hyderabad,Independent House,₹26.50 L,495 sqft,"₹5,354/sqft",1 BHK,2,Apartment,NOT_FURNISHED,nobroker.in,2026-02-25 15:46:14
Moghalpura,Hyderabad,Independent House,₹4.00 Cr,800 sqft,"₹50,000/sqft",2 BHK,1,Apartment,NOT_FURNISHED,nobroker.in,2026-02-25 15:46:25
Moghalpura,Hyderabad,Independent House,₹35.00 L,600 sqft,"₹5,833/sqft",1 BHK,2,Apartment,NOT_FURNISHED,nobroker.in,2026-02-25 15:46:25
Moghalpura,Hyderabad,Ali residence,₹71.00 L,1760 sqft,"₹4,034/sqft",3 BHK,3,Apartment,NOT_FURNISHED,nobroker.in,2026-02-25 15:46:25
Moghalpura,Hyderabad,Madeena Tower,₹50.00 L,1000 sqft,"₹5,000/sqft",2 BHK,2,Apartment,NOT_FURNISHED,nobroker.in,2026-02-25 15:46:25
Moghalpura,Hyderabad,SARKAR,₹65.00 L,1250 sqft,"₹5,200/sqft",3 BHK,2,Apartment,Semi-Furnished,nobroker.in,2026-02-25 15:46:25
"Charminar,",Hyderabad,Independent House,₹26.00 L,900 sqft,"₹2,889/sqft",2 BHK,1,Apartment,NOT_FURNISHED,nobroker.in,2026-02-25 15:46:25
Moghalpura,Hyderabad,Independent House,₹1.40 Cr,4000 sqft,"₹3,500/sqft",4 BHK,6,Apartment,NOT_FURNISHED,nobroker.in,2026-02-25 15:46:25
moghulpura,Hyderabad,Independent House,₹48.00 L,675 sqft,"₹7,111/sqft",2 BHK,1,Apartment,NOT_FURNISHED,nobroker.in,2026-02-25 15:46:25
Moghalpura,Hyderabad,Independent House,₹4.00 Cr,1620 sqft,"₹24,691/sqft",2 BHK,2,Apartment,Semi-Furnished,nobroker.in,2026-02-25 15:46:25
Moghalpura,Hyderabad,Standalone Building,₹6.50 Cr,5724 sqft,"₹11,356/sqft",4 BHK,7,Apartment,Semi-Furnished,nobroker.in,2026-02-25 15:46:25
Moghalpura,Hyderabad,Independent House,₹85.00 L,1242 sqft,"₹6,844/sqft",4 BHK,3,Apartment,NOT_FURNISHED,nobroker.in,2026-02-25 15:46:25
Bahadurguda,Hyderabad,Vemuri Swapnodaya Apartments,₹90.00 L,1270 sqft,"₹7,087/sqft",2 BHK,3,Apartment,NOT_FURNISHED,nobroker.in,2026-02-25 15:46:25
Moghalpura,Hyderabad,Independent House,₹2.50 Cr,2277 sqft,"₹10,979/sqft",4 BHK,5,Apartment,NOT_FURNISHED,nobroker.in,2026-02-25 15:46:25
Shalibanda,Hyderabad,Independent House,₹70.00 L,3200 sqft,"₹2,188/sqft",4 BHK,4,Apartment,NOT_FURNISHED,nobroker.in,2026-02-25 15:46:25
Moghalpura,Hyderabad,Independent House,₹8.00 Cr,3600 sqft,"₹22,222/sqft",4 BHK,6,Apartment,Semi-Furnished,nobroker.in,2026-02-25 15:46:25
Charminar,Hyderabad,Independent House,₹1.50 Cr,1168 sqft,"₹12,842/sqft",3 BHK,3,Apartment,Furnished,nobroker.in,2026-02-25 15:46:25
attapur,Hyderabad,itihad residency,₹65.00 L,1950 sqft,"₹3,333/sqft",3 BHK,2,Apartment,Furnished,nobroker.in,2026-02-25 15:46:25
Moghalpura,Hyderabad,chetan raj tower,₹70.00 L,1280 sqft,"₹5,469/sqft",2 BHK,2,Apartment,Semi-Furnished,nobroker.in,2026-02-25 15:46:25
Moghalpura,Hyderabad,apartment,₹58.00 L,1250 sqft,"₹4,640/sqft",3 BHK,2,Apartment,Furnished,nobroker.in,2026-02-25 15:46:25
Moghalpura,Hyderabad,Independent House,₹1.80 Cr,2250 sqft,"₹8,000/sqft",4 BHK,10,Apartment,NOT_FURNISHED,nobroker.in,2026-02-25 15:46:25
Naseeb Nagar,Hyderabad,Independent House,₹60.00 L,1440 sqft,"₹4,167/sqft",2 BHK,4,Apartment,NOT_FURNISHED,nobroker.in,2026-02-25 15:46:25
Sardar Mahal,Hyderabad,apartment,₹40.00 L,1000 sqft,"₹4,000/sqft",3 BHK,2,Apartment,Semi-Furnished,nobroker.in,2026-02-25 15:46:25
Shah Ali Banda,Hyderabad,Independent House,₹2.30 Cr,1620 sqft,"₹14,198/sqft",4 BHK,6,Apartment,Semi-Furnished,nobroker.in,2026-02-25 15:46:25
Khilwat,Hyderabad,Laiab residency,₹42.00 L,1135 sqft,"₹3,700/sqft",2 BHK,2,Apartment,NOT_FURNISHED,nobroker.in,2026-02-25 15:46:25
Aftab Mahal,Hyderabad,Apartment,₹60.00 L,1250 sqft,"₹4,800/sqft",3 BHK,2,Apartment,NOT_FURNISHED,nobroker.in,2026-02-25 15:46:25
Khilwat,Hyderabad,Independent House,₹3.00 Cr,1400 sqft,"₹21,429/sqft",4 BHK,3,Apartment,NOT_FURNISHED,nobroker.in,2026-02-25 15:46:25
Shalibanda,Hyderabad,Independent House,₹3.10 Cr,1499 sqft,"₹20,680/sqft",3 BHK,3,Apartment,Semi-Furnished,nobroker.in,2026-02-25 15:46:28
Ghansi Bazaar,Hyderabad,Independent House,₹95.00 L,1300 sqft,"₹7,308/sqft",3 BHK,3,Apartment,Semi-Furnished,nobroker.in,2026-02-25 15:46:28
Charminar,Hyderabad,balala apartment,₹62.00 L,1100 sqft,"₹5,636/sqft",2 BHK,2,Apartment,NOT_FURNISHED,nobroker.in,2026-02-25 15:46:28
Old City,Hyderabad,Independent House,₹1.50 Cr,1200 sqft,"₹12,500/sqft",2 BHK,2,Apartment,NOT_FURNISHED,nobroker.in,2026-02-25 15:46:28
Ghansi Bazaar,Hyderabad,Golden key,₹99.00 L,1650 sqft,"₹6,000/sqft",4 BHK,3,Apartment,NOT_FURNISHED,nobroker.in,2026-02-25 15:46:28
Charminar &#40;Old City&#41;,Hyderabad,standalone building,₹1.50 Cr,1300 sqft,"₹11,538/sqft",3 BHK,2,Apartment,NOT_FURNISHED,nobroker.in,2026-02-25 15:46:28
Old City,Hyderabad,Independent House,₹30.00 L,900 sqft,"₹3,333/sqft",2 BHK,2,Apartment,NOT_FURNISHED,nobroker.in,2026-02-25 15:46:28
Charminar East,Hyderabad,Independent House,₹2.00 Cr,2000 sqft,"₹10,000/sqft",4 BHK,2,Apartment,Semi-Furnished,nobroker.in,2026-02-25 15:46:28
Moghalpura,Hyderabad,royal heights,₹60.00 L,1000 sqft,"₹6,000/sqft",2 BHK,3,Apartment,Semi-Furnished,nobroker.in,2026-02-25 15:46:28
Shah Ali Banda,Hyderabad,Independent House,₹42.00 L,828 sqft,"₹5,072/sqft",2 BHK,1,Apartment,NOT_FURNISHED,nobroker.in,2026-02-25 15:46:28
Hari Bowli Road,Hyderabad,Hari Bowli moghal pura,₹70.00 L,1120 sqft,"₹6,250/sqft",3 BHK,2,Apartment,Furnished,nobroker.in,2026-02-25 15:46:28
Sultan Shahi,Hyderabad,Independent House,₹48.00 L,720 sqft,"₹6,667/sqft",1 BHK,1,Apartment,NOT_FURNISHED,nobroker.in,2026-02-25 15:46:28
Yakhutpura,Hyderabad,Independent House,₹26.00 L,540 sqft,"₹4,815/sqft",2 BHK,1,Apartment,NOT_FURNISHED,nobroker.in,2026-02-25 15:46:28
moghalpura,Hyderabad,standalone building,₹60.00 L,1800 sqft,"₹3,333/sqft",3 BHK,2,Apartment,NOT_FURNISHED,nobroker.in,2026-02-25 15:46:28
Kotla Alijah,Hyderabad,iftekhar manzil,₹43.50 L,1050 sqft,"₹4,143/sqft",2 BHK,2,Apartment,NOT_FURNISHED,nobroker.in,2026-02-25 15:46:28
Moghalpura,Hyderabad,Independent House,₹1.40 Cr,1980 sqft,"₹7,071/sqft",4 BHK,4,Apartment,NOT_FURNISHED,nobroker.in,2026-02-25 15:46:28
Moghalpura,Hyderabad,istikhar manzil,₹40.00 L,1050 sqft,"₹3,810/sqft",2 BHK,2,Apartment,NOT_FURNISHED,nobroker.in,2026-02-25 15:46:28
Pathar Gatti,Hyderabad,royal plazza socity,₹33.00 L,835 sqft,"₹3,952/sqft",2 BHK,2,Apartment,NOT_FURNISHED,nobroker.in,2026-02-25 15:46:28
Talab Katta,Hyderabad,Independent House,₹1.45 Cr,2250 sqft,"₹6,444/sqft",3 BHK,4,Apartment,NOT_FURNISHED,nobroker.in,2026-02-25 15:46:28
Moghalpura,Hyderabad,Independent House,₹82.00 L,1260 sqft,"₹6,508/sqft",2 BHK,4,Apartment,NOT_FURNISHED,nobroker.in,2026-02-25 15:46:28
"Moghalpura,",Hyderabad,iftequar manzil,₹42.50 L,1050 sqft,"₹4,048/sqft",2 BHK,2,Apartment,NOT_FURNISHED,nobroker.in,2026-02-25 15:46:28
Charminar,Hyderabad,Independent House,₹80.00 L,1700 sqft,"₹4,706/sqft",2 BHK,2,Apartment,Semi-Furnished,nobroker.in,2026-02-25 15:46:28
Char Kaman,Hyderabad,Shreeji vatika,₹1.00 Cr,1506 sqft,"₹6,640/sqft",3 BHK,2,Apartment,NOT_FURNISHED,nobroker.in,2026-02-25 15:46:28
Yakhutpura,Hyderabad,Independent House,₹31.00 L,718 sqft,"₹4,318/sqft",2 BHK,1,Apartment,NOT_FURNISHED,nobroker.in,2026-02-25 15:46:28
Talab Katta,Hyderabad,jh apartment,₹58.00 L,1373 sqft,"₹4,224/sqft",3 BHK,3,Apartment,NOT_FURNISHED,nobroker.in,2026-02-25 15:46:28
Dilsukhnagar,Hyderabad,Independent House,₹2.75 Cr,1400 sqft,"₹19,643/sqft",3 BHK,3,Apartment,NOT_FURNISHED,nobroker.in,2026-02-25 15:45:01
Dilsukhnagar,Hyderabad,uma  apartment,₹40.00 L,900 sqft,"₹4,444/sqft",2 BHK,2,Apartment,NOT_FURNISHED,nobroker.in,2026-02-25 15:45:01
"Mella Chervu,",Hyderabad,sai balaji towers,₹50.00 L,800 sqft,"₹6,250/sqft",2 BHK,2,Apartment,Semi-Furnished,nobroker.in,2026-02-25 15:45:01
Gaddanaram,Hyderabad,Vijay Vihar,₹55.00 L,1000 sqft,"₹5,500/sqft",2 BHK,2,Apartment,NOT_FURNISHED,nobroker.in,2026-02-25 15:45:01
Dilsukhnagar,Hyderabad,Apartment,₹55.00 L,930 sqft,"₹5,914/sqft",2 BHK,2,Apartment,Semi-Furnished,nobroker.in,2026-02-25 15:45:01
Gaddanaram,Hyderabad,standalone Building,₹35.00 L,1000 sqft,"₹3,500/sqft",2 BHK,2,Apartment,NOT_FURNISHED,nobroker.in,2026-02-25 15:45:01
"Dilsukh Nagar Main Road, Durga Nagar, East Prasanth Nagar, Dilsukhnagar, Hyderabad, Telangana 500036, India",Hyderabad,Vijaya Shanti Homes,₹60.00 L,1000 sqft,"₹6,000/sqft",2 BHK,2,Apartment,NOT_FURNISHED,nobroker.in,2026-02-25 15:45:01
dilsukhnagar,Hyderabad,baba krupa,₹32.00 L,850 sqft,"₹3,765/sqft",2 BHK,2,Apartment,NOT_FURNISHED,nobroker.in,2026-02-25 15:45:01
Dilsukhnagar,Hyderabad,Apartment,₹65.00 L,960 sqft,"₹6,771/sqft",2 BHK,2,Apartment,Furnished,nobroker.in,2026-02-25 15:45:01
Dilsukhnagar,Hyderabad,Sri Gurudatta Arcade,₹68.00 L,1030 sqft,"₹6,602/sqft",2 BHK,2,Apartment,NOT_FURNISHED,nobroker.in,2026-02-25 15:45:01
Dilkushnagar,Hyderabad,Independent House,₹5.60 Cr,3600 sqft,"₹15,556/sqft",4 BHK,6,Apartment,NOT_FURNISHED,nobroker.in,2026-02-25 15:45:01
Dilkushnagar,Hyderabad,Independent House,₹1.00 Cr,1500 sqft,"₹6,667/sqft",3 BHK,4,Apartment,NOT_FURNISHED,nobroker.in,2026-02-25 15:45:01
Dilsukhnagar,Hyderabad,baba krupa,₹30.00 L,610 sqft,"₹4,918/sqft",2 BHK,2,Apartment,Furnished,nobroker.in,2026-02-25 15:45:01
Dilsukhnagar,Hyderabad,Swathi Pooja,₹55.00 L,1000 sqft,"₹5,500/sqft",2 BHK,2,Apartment,NOT_FURNISHED,nobroker.in,2026-02-25 15:45:01
Dilsukhnagar,Hyderabad,Sk Encla,₹75.00 L,1150 sqft,"₹6,522/sqft",2 BHK,2,Apartment,Furnished,nobroker.in,2026-02-25 15:45:01
Dilsukhnagar,Hyderabad,Sailaja Estate,₹45.00 L,850 sqft,"₹5,294/sqft",2 BHK,1,Apartment,NOT_FURNISHED,nobroker.in,2026-02-25 15:45:01
Gaddiannaram,Hyderabad,uma  apartment,₹33.00 L,700 sqft,"₹4,714/sqft",1 BHK,1,Apartment,NOT_FURNISHED,nobroker.in,2026-02-25 15:45:01
Dilsukhnagar,Hyderabad,Independent House,₹60.00 L,1150 sqft,"₹5,217/sqft",3 BHK,1,Apartment,Semi-Furnished,nobroker.in,2026-02-25 15:45:01
Dilsukhnagar,Hyderabad,Independent House,₹35.00 L,600 sqft,"₹5,833/sqft",1 BHK,1,Apartment,NOT_FURNISHED,nobroker.in,2026-02-25 15:45:01
Vanasthalipuram,Hyderabad,Independent House,₹1.20 Cr,501 sqft,"₹23,952/sqft",2 BHK,2,Apartment,Semi-Furnished,nobroker.in,2026-02-25 15:45:01
Swathi Puja Residency,Hyderabad,Swathi Puja Residency,₹28.00 L,900 sqft,"₹3,111/sqft",2 BHK,2,Apartment,NOT_FURNISHED,nobroker.in,2026-02-25 15:45:01
Gaddiannaram,Hyderabad,Swathi Puja Residency,₹60.00 L,1000 sqft,"₹6,000/sqft",2 BHK,2,Apartment,NOT_FURNISHED,nobroker.in,2026-02-25 15:45:01
Dilsukhnagar,Hyderabad,Sravana Apartment,₹40.00 L,750 sqft,"₹5,333/sqft",2 BHK,2,Apartment,NOT_FURNISHED,nobroker.in,2026-02-25 15:45:01
Gaddiannaram,Hyderabad,swathi pooja residency,₹55.00 L,1000 sqft,"₹5,500/sqft",2 BHK,2,Apartment,NOT_FURNISHED,nobroker.in,2026-02-25 15:45:01
Dilshuknagar,Hyderabad,sri sai ratna villa apartment,₹45.00 L,700 sqft,"₹6,429/sqft",2 BHK,2,Apartment,Semi-Furnished,nobroker.in,2026-02-25 15:45:01
Dilsukhnagar,Hyderabad,Independent House,₹3.78 Cr,2430 sqft,"₹15,556/sqft",3 BHK,2,Apartment,Semi-Furnished,nobroker.in,2026-02-25 15:45:01
Dilsukhnagar,Hyderabad,Standalone building,₹50.00 L,800 sqft,"₹6,250/sqft",2 BHK,2,Apartment,Semi-Furnished,nobroker.in,2026-02-25 15:45:04
Dulapally,Hyderabad,Laxmi Jewel Apartment,₹85.00 L,1800 sqft,"₹4,722/sqft",3 BHK,3,Apartment,Semi-Furnished,nobroker.in,2026-02-25 15:45:04
Hafeezpet,Hyderabad,Independent House,₹65.00 L,730 sqft,"₹8,904/sqft",2 BHK,2,Apartment,NOT_FURNISHED,nobroker.in,2026-02-25 15:45:04
Dilsukhnagar,Hyderabad,standalone,₹45.00 L,900 sqft,"₹5,000/sqft",2 BHK,2,Apartment,Furnished,nobroker.in,2026-02-25 15:45:04
Dilsukhnagar,Hyderabad,santhosi sai vilas,₹50.00 L,1000 sqft,"₹5,000/sqft",2 BHK,2,Apartment,NOT_FURNISHED,nobroker.in,2026-02-25 15:45:04
Dilsukh Nagar,Hyderabad,Kalyani Estate,₹65.00 L,1060 sqft,"₹6,132/sqft",2 BHK,2,Apartment,Semi-Furnished,nobroker.in,2026-02-25 15:45:04
Dilsukhnagar,Hyderabad,Prabha Nilayam,₹1.00 Cr,1120 sqft,"₹8,929/sqft",2 BHK,2,Apartment,NOT_FURNISHED,nobroker.in,2026-02-25 15:45:04
Dilsukhnagar,Hyderabad,manikeshwari towers,₹45.00 L,1200 sqft,"₹3,750/sqft",2 BHK,2,Apartment,Furnished,nobroker.in,2026-02-25 15:45:04
Dilsukhnagar,Hyderabad,Sri Shailaja Emerald,₹80.00 L,1350 sqft,"₹5,926/sqft",2 BHK,2,Apartment,NOT_FURNISHED,nobroker.in,2026-02-25 15:45:04
Mehdipatnam,Hyderabad,Sai Balaji apartments,₹1.35 Cr,1400 sqft,"₹9,643/sqft",3 BHK,3,Apartment,Semi-Furnished,nobroker.in,2026-02-25 15:45:04
Dilsukhnagar,Hyderabad,Sri satya nath nivas,₹1.30 Cr,1770 sqft,"₹7,345/sqft",3 BHK,3,Apartment,NOT_FURNISHED,nobroker.in,2026-02-25 15:45:04
Dilsukhnagar,Hyderabad,Apartment,₹69.00 L,1120 sqft,"₹6,161/sqft",2 BHK,2,Apartment,NOT_FURNISHED,nobroker.in,2026-02-25 15:45:04
Dilsukhnagar,Hyderabad,Sri Lakshmi Nilayam,₹40.00 L,750 sqft,"₹5,333/sqft",2 BHK,2,Apartment,NOT_FURNISHED,nobroker.in,2026-02-25 15:45:04
Dilsukhnagar,Hyderabad,Apartment,₹30.00 L,780 sqft,"₹3,846/sqft",2 BHK,2,Apartment,NOT_FURNISHED,nobroker.in,2026-02-25 15:45:04
Dilsukhnagar,Hyderabad,Apartment,₹35.00 L,820 sqft,"₹4,268/sqft",2 BHK,2,Apartment,Semi-Furnished,nobroker.in,2026-02-25 15:45:04
Dilsukhnagar,Hyderabad,Apartment,₹28.00 L,720 sqft,"₹3,889/sqft",2 BHK,2,Apartment,Semi-Furnished,nobroker.in,2026-02-25 15:45:04
Dilsukhnagar,Hyderabad,gangothri apartment,₹45.00 L,710 sqft,"₹6,338/sqft",2 BHK,2,Apartment,NOT_FURNISHED,nobroker.in,2026-02-25 15:45:04
Dilshiknagar,Hyderabad,Shilphi Complex,₹80.00 L,849 sqft,"₹9,423/sqft",2 BHK,2,Apartment,Semi-Furnished,nobroker.in,2026-02-25 15:45:04
Gaddiannaram,Hyderabad,MRR Apartment,₹55.00 L,1240 sqft,"₹4,435/sqft",2 BHK,2,Apartment,Furnished,nobroker.in,2026-02-25 15:45:04
Dilsukhnagar,Hyderabad,RATNA MANSION,₹45.00 L,975 sqft,"₹4,615/sqft",2 BHK,2,Apartment,Furnished,nobroker.in,2026-02-25 15:45:04
Dilsukhnagar,Hyderabad,Independent House,₹3.00 Cr,1980 sqft,"₹15,152/sqft",4 BHK,3,Apartment,NOT_FURNISHED,nobroker.in,2026-02-25 15:45:04
Gaddiannaram,Hyderabad,RD Residency,₹45.00 L,500 sqft,"₹9,000/sqft",2 BHK,1,Apartment,NOT_FURNISHED,nobroker.in,2026-02-25 15:45:04
new Dilsukhnagar,Hyderabad,ratna masion,₹50.00 L,1050 sqft,"₹4,762/sqft",2 BHK,2,Apartment,NOT_FURNISHED,nobroker.in,2026-02-25 15:45:04
Dilsukhnagar,Hyderabad,Independent House,₹35.00 L,380 sqft,"₹9,211/sqft",1 BHK,2,Apartment,NOT_FURNISHED,nobroker.in,2026-02-25 15:45:04
Dilsukhnagar,Hyderabad,Manikyeshwari towers,₹42.00 L,1150 sqft,"₹3,652/sqft",2 BHK,2,Apartment,Semi-Furnished,nobroker.in,2026-02-25 15:45:04
Vattepally,Hyderabad,Independent House,₹25.00 L,900 sqft,"₹2,778/sqft",3 BHK,1,Apartment,Semi-Furnished,nobroker.in,2026-02-25 15:45:53
Vattepally,Hyderabad,Independent House,₹26.00 L,1500 sqft,"₹1,733/sqft",3 BHK,1,Apartment,Semi-Furnished,nobroker.in,2026-02-25 15:45:53
Vattepally,Hyderabad,Independent House,₹6.00 L,300 sqft,"₹2,000/sqft",1 BHK,1,Apartment,NOT_FURNISHED,nobroker.in,2026-02-25 15:45:53
Falaknuma,Hyderabad,Independent House,₹85.00 L,2700 sqft,"₹3,148/sqft",4 BHK,6,Apartment,NOT_FURNISHED,nobroker.in,2026-02-25 15:45:53
Vattepally,Hyderabad,Independent House,₹40.00 L,1200 sqft,"₹3,333/sqft",4 BHK,1,Apartment,NOT_FURNISHED,nobroker.in,2026-02-25 15:45:53
Vattepally,Hyderabad,Independent House,₹52.00 L,2070 sqft,"₹2,512/sqft",4 BHK,4,Apartment,NOT_FURNISHED,nobroker.in,2026-02-25 15:45:53
Vattepally,Hyderabad,Independent House,₹23.00 L,990 sqft,"₹2,323/sqft",2 BHK,1,Apartment,NOT_FURNISHED,nobroker.in,2026-02-25 15:45:53
Vattepally Fatima Nagar Near Ghafforiya Masjid,Hyderabad,Independent House,₹45.00 L,2500 sqft,"₹1,800/sqft",3 BHK,2,Apartment,NOT_FURNISHED,nobroker.in,2026-02-25 15:45:53
hashamabad,Hyderabad,standalone buidling,₹36.00 L,995 sqft,"₹3,618/sqft",2 BHK,2,Apartment,NOT_FURNISHED,nobroker.in,2026-02-25 15:45:53
Vattepally,Hyderabad,Standalong Building,₹41.00 L,990 sqft,"₹4,141/sqft",3 BHK,2,Apartment,NOT_FURNISHED,nobroker.in,2026-02-25 15:45:53
Kings Avenue Colony,Hyderabad,SAJJAD MANZIL,₹12.75 L,400 sqft,"₹3,188/sqft",1 BHK,2,Apartment,Semi-Furnished,nobroker.in,2026-02-25 15:45:53
Chandrayangutta,Hyderabad,high five enclave,₹42.00 L,1500 sqft,"₹2,800/sqft",3 BHK,2,Apartment,Semi-Furnished,nobroker.in,2026-02-25 15:45:53
Chandrayangutta,Hyderabad,High 5 Enclave,₹40.00 L,995 sqft,"₹4,020/sqft",3 BHK,2,Apartment,Semi-Furnished,nobroker.in,2026-02-25 15:45:53
Chandrayangutta,Hyderabad,Independent House,₹3.50 Cr,2205 sqft,"₹15,873/sqft",4 BHK,7,Apartment,NOT_FURNISHED,nobroker.in,2026-02-25 15:45:53
Bandlaguda,Hyderabad,Falak Residency,₹32.00 L,900 sqft,"₹3,556/sqft",2 BHK,2,Apartment,NOT_FURNISHED,nobroker.in,2026-02-25 15:45:53
Falaknuma,Hyderabad,Independent House,₹70.00 L,1780 sqft,"₹3,933/sqft",2 BHK,2,Apartment,NOT_FURNISHED,nobroker.in,2026-02-25 15:45:53
Bandlaguda Jagir,Hyderabad,Kings avenue,₹35.00 L,1500 sqft,"₹2,333/sqft",3 BHK,2,Apartment,NOT_FURNISHED,nobroker.in,2026-02-25 15:45:53
vatteypalli,Hyderabad,Independent House,₹25.00 L,873 sqft,"₹2,864/sqft",2 BHK,1,Apartment,NOT_FURNISHED,nobroker.in,2026-02-25 15:45:53
Farooq Nagar,Hyderabad,Independent House,₹9.00 L,290 sqft,"₹3,103/sqft",1 BHK,1,Apartment,NOT_FURNISHED,nobroker.in,2026-02-25 15:45:53
Ballaguda,Hyderabad,Independent House,₹59.00 L,2200 sqft,"₹2,682/sqft",4 BHK,2,Apartment,NOT_FURNISHED,nobroker.in,2026-02-25 15:45:53
"Bandlaguda Jagir,",Hyderabad,AVENUE HEIGHTS,₹36.00 L,1600 sqft,"₹2,250/sqft",3 BHK,2,Apartment,NOT_FURNISHED,nobroker.in,2026-02-25 15:45:53
Falaknuma,Hyderabad,Independent House,₹95.00 L,3042 sqft,"₹3,123/sqft",4 BHK,7,Apartment,NOT_FURNISHED,nobroker.in,2026-02-25 15:45:53
Chandrayangutta,Hyderabad,MM Serenity,₹57.00 L,1250 sqft,"₹4,560/sqft",3 BHK,2,Apartment,NOT_FURNISHED,nobroker.in,2026-02-25 15:45:53
Falaknuma,Hyderabad,Independent House,₹26.00 L,800 sqft,"₹3,250/sqft",2 BHK,1,Apartment,NOT_FURNISHED,nobroker.in,2026-02-25 15:45:53
Falaknuma,Hyderabad,Independent House,₹25.00 L,720 sqft,"₹3,472/sqft",2 BHK,1,Apartment,NOT_FURNISHED,nobroker.in,2026-02-25 15:45:53
Vattepally,Hyderabad,Independent House,₹26.00 L,1170 sqft,"₹2,222/sqft",3 BHK,1,Apartment,NOT_FURNISHED,nobroker.in,2026-02-25 15:45:53
Chandrayangutta,Hyderabad,Independent House,₹48.00 L,2700 sqft,"₹1,778/sqft",4 BHK,4,Apartment,Semi-Furnished,nobroker.in,2026-02-25 15:45:56
Chandrayangutta,Hyderabad,Independent House,₹1.70 Cr,3600 sqft,"₹4,722/sqft",4 BHK,5,Apartment,Semi-Furnished,nobroker.in,2026-02-25 15:45:56
Bandlaguda,Hyderabad,Independent House,₹1.60 Cr,2500 sqft,"₹6,400/sqft",4 BHK,4,Apartment,NOT_FURNISHED,nobroker.in,2026-02-25 15:45:56
Bandlaguda Jagir,Hyderabad,aqsa residency,₹48.00 L,1100 sqft,"₹4,364/sqft",2 BHK,2,Apartment,NOT_FURNISHED,nobroker.in,2026-02-25 15:45:56
Chandrayangutta,Hyderabad,Independent House,₹61.00 L,900 sqft,"₹6,778/sqft",3 BHK,2,Apartment,Semi-Furnished,nobroker.in,2026-02-25 15:45:56
Karkhana,Hyderabad,Independent House,₹24.00 L,675 sqft,"₹3,556/sqft",1 BHK,1,Apartment,NOT_FURNISHED,nobroker.in,2026-02-25 15:45:56
Vattapally,Hyderabad,Independent House,₹32.00 L,1500 sqft,"₹2,133/sqft",3 BHK,2,Apartment,NOT_FURNISHED,nobroker.in,2026-02-25 15:45:56
fatima nagar,Hyderabad,Independent House,₹36.00 L,891 sqft,"₹4,040/sqft",2 BHK,1,Apartment,NOT_FURNISHED,nobroker.in,2026-02-25 15:45:56
Chandrayangutta,Hyderabad,Independent House,₹83.00 L,1350 sqft,"₹6,148/sqft",4 BHK,3,Apartment,NOT_FURNISHED,nobroker.in,2026-02-25 15:45:56
Chandrayangutta,Hyderabad,Standalone Building,₹2.30 Cr,8064 sqft,"₹2,852/sqft",4 BHK,12,Apartment,Semi-Furnished,nobroker.in,2026-02-25 15:45:56
Chandrayangutta,Hyderabad,Independent House,₹1.95 Cr,4248 sqft,"₹4,590/sqft",4 BHK,6,Apartment,Semi-Furnished,nobroker.in,2026-02-25 15:45:56
Chandrayangutta,Hyderabad,GK Enclave,₹36.50 L,1029 sqft,"₹3,547/sqft",2 BHK,2,Apartment,NOT_FURNISHED,nobroker.in,2026-02-25 15:45:56
bandlaguda,Hyderabad,Independent House,₹12.00 L,400 sqft,"₹3,000/sqft",1 BHK,2,Apartment,NOT_FURNISHED,nobroker.in,2026-02-25 15:45:56
Bandlaguda,Hyderabad,Apartment,₹30.00 L,850 sqft,"₹3,529/sqft",2 BHK,2,Apartment,NOT_FURNISHED,nobroker.in,2026-02-25 15:45:56
Chandrayangutta,Hyderabad,Independent House,₹1.80 Cr,1800 sqft,"₹10,000/sqft",3 BHK,3,Apartment,Furnished,nobroker.in,2026-02-25 15:45:56
"Rajiv Gandhi Nagar,",Hyderabad,Independent House,₹20.00 L,540 sqft,"₹3,704/sqft",2 BHK,2,Apartment,NOT_FURNISHED,nobroker.in,2026-02-25 15:45:56
Ali Nagar,Hyderabad,Independent House,₹85.00 L,534 sqft,"₹15,918/sqft",2 BHK,2,Apartment,Semi-Furnished,nobroker.in,2026-02-25 15:45:56
Bandlaguda Jagir Rd,Hyderabad,Independent House,₹35.00 L,900 sqft,"₹3,889/sqft",3 BHK,2,Apartment,NOT_FURNISHED,nobroker.in,2026-02-25 15:45:56
bandalguda,Hyderabad,shyams residency,₹31.00 L,1250 sqft,"₹2,480/sqft",3 BHK,2,Apartment,NOT_FURNISHED,nobroker.in,2026-02-25 15:45:56
"Vattepally,",Hyderabad,Independent House,₹38.00 L,800 sqft,"₹4,750/sqft",3 BHK,2,Apartment,Semi-Furnished,nobroker.in,2026-02-25 15:45:56
Farook nager,Hyderabad,Independent House,₹15.00 L,450 sqft,"₹3,333/sqft",1 BHK,1,Apartment,NOT_FURNISHED,nobroker.in,2026-02-25 15:45:56
Chandrayangutta,Hyderabad,Global Heights Apartments,₹30.00 L,850 sqft,"₹3,529/sqft",2 BHK,2,Apartment,NOT_FURNISHED,nobroker.in,2026-02-25 15:45:56
Vattepally,Hyderabad,Independent House,₹50.00 L,1170 sqft,"₹4,274/sqft",4 BHK,1,Apartment,Furnished,nobroker.in,2026-02-25 15:45:56
farooq nagar,Hyderabad,Independent House,₹85.00 L,1550 sqft,"₹5,484/sqft",4 BHK,3,Apartment,NOT_FURNISHED,nobroker.in,2026-02-25 15:45:56
Chandrayangutta,Hyderabad,Independent House,₹36.00 L,1500 sqft,"₹2,400/sqft",3 BHK,3,Apartment,Semi-Furnished,nobroker.in,2026-02-25 15:45:56
Vansthalipuram.,Hyderabad,standalone,₹95.00 L,891 sqft,"₹10,662/sqft",2 BHK,2,Apartment,Semi-Furnished,nobroker.in,2026-02-25 15:45:14
Vanasthalipuram,Hyderabad,Ushanilayam,₹45.00 L,1200 sqft,"₹3,750/sqft",2 BHK,2,Apartment,Semi-Furnished,nobroker.in,2026-02-25 15:45:14
Vanasthalipuram,Hyderabad,Independent House,₹1.60 Cr,1800 sqft,"₹8,889/sqft",3 BHK,2,Apartment,Semi-Furnished,nobroker.in,2026-02-25 15:45:14
Vanasthalipuram,Hyderabad,Independent House,₹1.85 Cr,2000 sqft,"₹9,250/sqft",4 BHK,5,Apartment,NOT_FURNISHED,nobroker.in,2026-02-25 15:45:14
Vanasthalipuram,Hyderabad,standalone building,₹70.00 L,1150 sqft,"₹6,087/sqft",2 BHK,2,Apartment,NOT_FURNISHED,nobroker.in,2026-02-25 15:45:14
Vanasthalipuram,Hyderabad,Standalone Building,₹1.50 Cr,4190 sqft,"₹3,580/sqft",4 BHK,7,Apartment,NOT_FURNISHED,nobroker.in,2026-02-25 15:45:14
Vanasthalipuram,Hyderabad,Independent House,₹75.00 L,300 sqft,"₹25,000/sqft",3 BHK,1,Apartment,NOT_FURNISHED,nobroker.in,2026-02-25 15:45:14
Sachivalaya Colony,Hyderabad,Independent House,₹1.85 Cr,1800 sqft,"₹10,278/sqft",4 BHK,2,Apartment,NOT_FURNISHED,nobroker.in,2026-02-25 15:45:14
Vanasthalipuram,Hyderabad,Independent House,₹1.65 Cr,4050 sqft,"₹4,074/sqft",4 BHK,10,Apartment,Furnished,nobroker.in,2026-02-25 15:45:14
Vanasthalipuram,Hyderabad,Independent House,₹3.50 Cr,2394 sqft,"₹14,620/sqft",4 BHK,4,Apartment,NOT_FURNISHED,nobroker.in,2026-02-25 15:45:14
Gowthami Nagar Colony,Hyderabad,Independent House,₹1.30 Cr,1000 sqft,"₹13,000/sqft",2 BHK,2,Apartment,NOT_FURNISHED,nobroker.in,2026-02-25 15:45:14
Vanasthalipuram,Hyderabad,systematic residency,₹42.00 L,1000 sqft,"₹4,200/sqft",2 BHK,2,Apartment,NOT_FURNISHED,nobroker.in,2026-02-25 15:45:14
Hayathnagar_Khalsa,Hyderabad,Standalone Building,₹65.00 L,1350 sqft,"₹4,815/sqft",2 BHK,2,Apartment,Semi-Furnished,nobroker.in,2026-02-25 15:45:14
vansthalipuram NGO Colony,Hyderabad,Independent House,₹1.40 Cr,1200 sqft,"₹11,667/sqft",3 BHK,3,Apartment,Semi-Furnished,nobroker.in,2026-02-25 15:45:14
Gautam Nagar,Hyderabad,Independent House,₹3.00 Cr,3672 sqft,"₹8,170/sqft",4 BHK,5,Apartment,Furnished,nobroker.in,2026-02-25 15:45:14
Vaidehi Nagar,Hyderabad,Independent House,₹1.00 Cr,1224 sqft,"₹8,211/sqft",2 BHK,2,Apartment,NOT_FURNISHED,nobroker.in,2026-02-25 15:45:14
Vanasthalipuram,Hyderabad,Standalone Building,₹3.00 Cr,4200 sqft,"₹7,143/sqft",4 BHK,6,Apartment,Semi-Furnished,nobroker.in,2026-02-25 15:45:14
Vanasthalipuram,Hyderabad,Independent House,₹95.00 L,1350 sqft,"₹7,037/sqft",4 BHK,4,Apartment,NOT_FURNISHED,nobroker.in,2026-02-25 15:45:14
Vanasthalipuram,Hyderabad,Independent House,₹2.50 Cr,2300 sqft,"₹10,870/sqft",4 BHK,4,Apartment,NOT_FURNISHED,nobroker.in,2026-02-25 15:45:14
Vijayapuri Colony Phase I Main Road,Hyderabad,SS plaza apartments vijaypuri colony phase1,₹65.00 L,1300 sqft,"₹5,000/sqft",2 BHK,2,Apartment,Semi-Furnished,nobroker.in,2026-02-25 15:45:14
Vanasthalipuram,Hyderabad,anjamma kaplakaruvu residency,₹60.00 L,1600 sqft,"₹3,750/sqft",3 BHK,3,Apartment,NOT_FURNISHED,nobroker.in,2026-02-25 15:45:14
vanasthalipuram,Hyderabad,Independent House,₹1.50 Cr,255 sqft,"₹58,824/sqft",2 BHK,2,Apartment,NOT_FURNISHED,nobroker.in,2026-02-25 15:45:14
Andhra Kesari Nagar,Hyderabad,Standalone Building,₹2.10 Cr,5400 sqft,"₹3,889/sqft",4 BHK,10,Apartment,NOT_FURNISHED,nobroker.in,2026-02-25 15:45:14
Vanasthalipuram,Hyderabad,SRI JAGANNADHAM ARCADE,₹86.00 L,1432 sqft,"₹6,006/sqft",3 BHK,2,Apartment,NOT_FURNISHED,nobroker.in,2026-02-25 15:45:14
Vanasthalipuram,Hyderabad,Apartment,₹64.00 L,1064 sqft,"₹6,015/sqft",2 BHK,2,Apartment,NOT_FURNISHED,nobroker.in,2026-02-25 15:45:14
Vanasthalipuram,Hyderabad,Anjiamma  apartment,₹45.00 L,1200 sqft,"₹3,750/sqft",2 BHK,2,Apartment,NOT_FURNISHED,nobroker.in,2026-02-25 15:45:14
Vanasthalipuram,Hyderabad,Independent House,₹2.65 Cr,4080 sqft,"₹6,495/sqft",4 BHK,5,Apartment,Semi-Furnished,nobroker.in,2026-02-25 15:45:17
Vanasthalipuram,Hyderabad,Independent House,₹1.70 Cr,2250 sqft,"₹7,556/sqft",4 BHK,4,Apartment,Semi-Furnished,nobroker.in,2026-02-25 15:45:17
NGOs Colony Road,Hyderabad,Independent House,₹1.20 Cr,1200 sqft,"₹10,000/sqft",4 BHK,3,Apartment,NOT_FURNISHED,nobroker.in,2026-02-25 15:45:17
sachivalaya nagar,Hyderabad,Independent House,₹2.50 Cr,3000 sqft,"₹8,333/sqft",3 BHK,5,Apartment,NOT_FURNISHED,nobroker.in,2026-02-25 15:45:17
Vanasthalipuram,Hyderabad,Independent House,₹2.75 Cr,3000 sqft,"₹9,167/sqft",4 BHK,4,Apartment,Semi-Furnished,nobroker.in,2026-02-25 15:45:17
Vanasthalipuram,Hyderabad,Independent House,₹1.35 Cr,1200 sqft,"₹11,250/sqft",2 BHK,2,Apartment,NOT_FURNISHED,nobroker.in,2026-02-25 15:45:17
Vanasthalipuram,Hyderabad,Independent House,₹1.80 Cr,1100 sqft,"₹16,364/sqft",3 BHK,3,Apartment,Furnished,nobroker.in,2026-02-25 15:45:17
Hayathnagar_Khalsa,Hyderabad,Independent House,₹90.00 L,1200 sqft,"₹7,500/sqft",2 BHK,2,Apartment,NOT_FURNISHED,nobroker.in,2026-02-25 15:45:17
Vaidehi Nagar,Hyderabad,Prashanth Apartments,₹40.00 L,900 sqft,"₹4,444/sqft",2 BHK,2,Apartment,NOT_FURNISHED,nobroker.in,2026-02-25 15:45:17
Vanasthalipuram,Hyderabad,Independent House,₹5.55 Cr,3000 sqft,"₹18,500/sqft",4 BHK,5,Apartment,Furnished,nobroker.in,2026-02-25 15:45:17
Vanasthalipuram,Hyderabad,gayathri homes,₹1.35 Cr,1900 sqft,"₹7,105/sqft",3 BHK,3,Apartment,Semi-Furnished,nobroker.in,2026-02-25 15:45:17
vanasthali puram,Hyderabad,Independent House,₹81.00 L,1350 sqft,"₹6,000/sqft",4 BHK,4,Apartment,NOT_FURNISHED,nobroker.in,2026-02-25 15:45:17
Vanastalipuram,Hyderabad,Independent House,₹1.05 Cr,2800 sqft,"₹3,750/sqft",4 BHK,5,Apartment,NOT_FURNISHED,nobroker.in,2026-02-25 15:45:17
Sahebnagar_Kalan,Hyderabad,Independent House,₹95.00 L,1080 sqft,"₹8,796/sqft",2 BHK,1,Apartment,NOT_FURNISHED,nobroker.in,2026-02-25 15:45:17
Sahebnagar_Kalan,Hyderabad,Independent House,₹65.00 L,550 sqft,"₹11,818/sqft",2 BHK,2,Apartment,NOT_FURNISHED,nobroker.in,2026-02-25 15:45:17
Vanasthalipuram,Hyderabad,Independent House,₹2.00 Cr,508 sqft,"₹39,370/sqft",1 BHK,1,Apartment,NOT_FURNISHED,nobroker.in,2026-02-25 15:45:17
Sahebnagar_Kalan,Hyderabad,Independent House,₹42.00 L,400 sqft,"₹10,500/sqft",1 RK,1,Apartment,NOT_FURNISHED,nobroker.in,2026-02-25 15:45:17
Vanasthalipuram,Hyderabad,Uma Tirumala Residency,₹50.00 L,1000 sqft,"₹5,000/sqft",2 BHK,2,Apartment,Furnished,nobroker.in,2026-02-25 15:45:17
VANASTHALIPURAM,Hyderabad,Apartment,₹59.00 L,1100 sqft,"₹5,364/sqft",2 BHK,2,Apartment,Semi-Furnished,nobroker.in,2026-02-25 15:45:17
Vanasthalipuram,Hyderabad,Jitta anji reddy arcade,₹65.00 L,1256 sqft,"₹5,175/sqft",2 BHK,2,Apartment,NOT_FURNISHED,nobroker.in,2026-02-25 15:45:17
Vanasthalipuram,Hyderabad,Independent House,₹1.50 Cr,1197 sqft,"₹12,531/sqft",2 BHK,2,Apartment,NOT_FURNISHED,nobroker.in,2026-02-25 15:45:17
Self Finance Colony,Hyderabad,jaya residency,₹55.00 L,1125 sqft,"₹4,889/sqft",2 BHK,2,Apartment,NOT_FURNISHED,nobroker.in,2026-02-25 15:45:17
Vanasthalipuram,Hyderabad,Independent House,₹1.08 Cr,2200 sqft,"₹4,909/sqft",4 BHK,5,Apartment,Semi-Furnished,nobroker.in,2026-02-25 15:45:17
Vanasthali Puram,Hyderabad,Independent House,₹1.50 Cr,3600 sqft,"₹4,167/sqft",4 BHK,6,Apartment,Semi-Furnished,nobroker.in,2026-02-25 15:45:17
Vanasthalipuram,Hyderabad,Sri Jagannadham Arcade,₹67.00 L,1150 sqft,"₹5,826/sqft",2 BHK,2,Apartment,NOT_FURNISHED,nobroker.in,2026-02-25 15:45:17
Madhapur,Hyderabad,Tulips Residency,₹1.30 Cr,1780 sqft,"₹7,303/sqft",3 BHK,2,Apartment,Semi-Furnished,nobroker.in,2026-02-25 15:44:20
Madhapur,Hyderabad,Standalone Building,₹1.50 Cr,2000 sqft,"₹7,500/sqft",3 BHK,3,Apartment,Semi-Furnished,nobroker.in,2026-02-25 15:44:20
Madhapur,Hyderabad,Bhavyas The Eugen,₹3.75 Cr,3126 sqft,"₹11,996/sqft",3 BHK,3,Apartment,NOT_FURNISHED,nobroker.in,2026-02-25 15:44:20
Madhapur,Hyderabad,tulip garden,₹1.30 Cr,1150 sqft,"₹11,304/sqft",4 BHK,2,Apartment,Semi-Furnished,nobroker.in,2026-02-25 15:44:20
Madhapur,Hyderabad,Independent House,₹1.35 Cr,1230 sqft,"₹10,976/sqft",2 BHK,2,Apartment,Furnished,nobroker.in,2026-02-25 15:44:20
Madhapur,Hyderabad,Independent House,₹2.75 Cr,1500 sqft,"₹18,333/sqft",2 BHK,2,Apartment,Semi-Furnished,nobroker.in,2026-02-25 15:44:20
Madhapur,Hyderabad,Greater Infra Sai Sanika,₹98.00 L,1400 sqft,"₹7,000/sqft",3 BHK,3,Apartment,Semi-Furnished,nobroker.in,2026-02-25 15:44:20
Madhapur,Hyderabad,Greater Infra Sai Sanika,₹81.62 L,1166 sqft,"₹7,000/sqft",2 BHK,2,Apartment,Semi-Furnished,nobroker.in,2026-02-25 15:44:20
Madhapur,Hyderabad,Preston IVY,₹8.20 Cr,4200 sqft,"₹19,524/sqft",4 BHK,5,Apartment,NOT_FURNISHED,nobroker.in,2026-02-25 15:44:20
Madhapur,Hyderabad,Smr Vinay Prangan,₹1.71 Cr,1860 sqft,"₹9,204/sqft",3 BHK,3,Apartment,Furnished,nobroker.in,2026-02-25 15:44:20
"Madhapur, Telangana, India",Hyderabad,My Home Vipina,₹96.72 L,1325 sqft,"₹7,300/sqft",2 BHK,1,Apartment,NOT_FURNISHED,nobroker.in,2026-02-25 15:44:20
Madhapur,Hyderabad,"Quiescent Heights, Madhapur",₹4.10 Cr,3260 sqft,"₹12,577/sqft",4 BHK,4,Apartment,Semi-Furnished,nobroker.in,2026-02-25 15:44:20
Madhapur,Hyderabad,Sahiti Haras Habitat,₹72.00 L,1260 sqft,"₹5,714/sqft",3 BHK,3,Apartment,Semi-Furnished,nobroker.in,2026-02-25 15:44:20
Madhapur,Hyderabad,Vishnu Vistara,₹1.82 Cr,1730 sqft,"₹10,520/sqft",3 BHK,3,Apartment,Semi-Furnished,nobroker.in,2026-02-25 15:44:20
Madhapur,Hyderabad,Bhanu Towers,₹80.00 L,1250 sqft,"₹6,400/sqft",2 BHK,2,Apartment,Semi-Furnished,nobroker.in,2026-02-25 15:44:20
Kavuri Hills,Hyderabad,Sahiti Siri Signature,₹95.00 L,1190 sqft,"₹7,983/sqft",2 BHK,2,Apartment,Semi-Furnished,nobroker.in,2026-02-25 15:44:20
Madhapur,Hyderabad,Independent House,₹1.40 Cr,1400 sqft,"₹10,000/sqft",3 BHK,3,Apartment,NOT_FURNISHED,nobroker.in,2026-02-25 15:44:20
Madhapur,Hyderabad,kml heights,₹45.00 L,650 sqft,"₹6,923/sqft",2 BHK,2,Apartment,Furnished,nobroker.in,2026-02-25 15:44:20
Madhapur,Hyderabad,Independent House,₹8.00 Cr,7000 sqft,"₹11,429/sqft",4 BHK,8,Apartment,NOT_FURNISHED,nobroker.in,2026-02-25 15:44:20
Madhapur,Hyderabad,Kranti Residency,₹1.20 Cr,1750 sqft,"₹6,857/sqft",3 BHK,3,Apartment,Furnished,nobroker.in,2026-02-25 15:44:20
Madhapur,Hyderabad,Kranti Residency,₹2.00 Cr,2000 sqft,"₹10,000/sqft",3 BHK,3,Apartment,Furnished,nobroker.in,2026-02-25 15:44:20
Madhapur,Hyderabad,standalone building,₹1.20 Cr,1759 sqft,"₹6,822/sqft",3 BHK,3,Apartment,Semi-Furnished,nobroker.in,2026-02-25 15:44:20
Madhapur,Hyderabad,Siris Lotus Bloom,₹1.47 Cr,1615 sqft,"₹9,102/sqft",3 BHK,0,Apartment,NOT_FURNISHED,nobroker.in,2026-02-25 15:44:20
Madhapur,Hyderabad,Siris Lotus Bloom,₹1.03 Cr,1130 sqft,"₹9,115/sqft",2 BHK,0,Apartment,NOT_FURNISHED,nobroker.in,2026-02-25 15:44:20
Madhapur,Hyderabad,Sri Lakshmi Nilayam Madhapur,₹95.00 L,1730 sqft,"₹5,491/sqft",3 BHK,3,Apartment,Semi-Furnished,nobroker.in,2026-02-25 15:44:20
Madhapur,Hyderabad,Apartment,₹95.00 L,1169 sqft,"₹8,127/sqft",2 BHK,2,Apartment,Semi-Furnished,nobroker.in,2026-02-25 15:44:20
Madhapur,Hyderabad,Aruna Enclave,₹90.00 L,1250 sqft,"₹7,200/sqft",2 BHK,2,Apartment,Semi-Furnished,nobroker.in,2026-02-25 15:44:22
Madhapur,Hyderabad,Xeno-Summit,₹2.18 Cr,1980 sqft,"₹11,000/sqft",3 BHK,3,Apartment,Semi-Furnished,nobroker.in,2026-02-25 15:44:22
Madhapur,Hyderabad,Xeno-Summit,₹1.75 Cr,2300 sqft,"₹7,609/sqft",3 BHK,3,Apartment,Furnished,nobroker.in,2026-02-25 15:44:22
Madhapur,Hyderabad,Xeno-Summit,₹1.60 Cr,2300 sqft,"₹6,957/sqft",3 BHK,3,Apartment,Semi-Furnished,nobroker.in,2026-02-25 15:44:22
Madhapur,Hyderabad,Nannegari Harsha Pride - Notery Property No bank loan,₹95.00 L,1325 sqft,"₹7,170/sqft",3 BHK,2,Apartment,NOT_FURNISHED,nobroker.in,2026-02-25 15:44:22
Usha Mulpuri,Hyderabad,Ayyapa society 49 road,₹90.00 L,1300 sqft,"₹6,923/sqft",2 BHK,2,Apartment,Semi-Furnished,nobroker.in,2026-02-25 15:44:22
Madhapur,Hyderabad,Sgr Residency G N Reddy,₹1.10 Cr,1800 sqft,"₹6,111/sqft",3 BHK,2,Apartment,Semi-Furnished,nobroker.in,2026-02-25 15:44:22
Madhapur,Hyderabad,BADLISH APARTMENT,₹95.00 L,1500 sqft,"₹6,333/sqft",3 BHK,3,Apartment,Semi-Furnished,nobroker.in,2026-02-25 15:44:22
Madhapur,Hyderabad,Mjr Golden Enclave,₹1.10 Cr,1602 sqft,"₹6,866/sqft",3 BHK,3,Apartment,Semi-Furnished,nobroker.in,2026-02-25 15:44:22
Madhapur,Hyderabad,Independent House,₹9.00 Cr,2500 sqft,"₹36,000/sqft",4 BHK,5,Apartment,NOT_FURNISHED,nobroker.in,2026-02-25 15:44:22
Madhapur,Hyderabad,Independent House,₹35.00 L,800 sqft,"₹4,375/sqft",2 BHK,3,Apartment,NOT_FURNISHED,nobroker.in,2026-02-25 15:44:22
madhapur,Hyderabad,apartment,₹52.00 L,1200 sqft,"₹4,333/sqft",2 BHK,2,Apartment,NOT_FURNISHED,nobroker.in,2026-02-25 15:44:22
Madhapur,Hyderabad,apartment,₹1.20 Cr,1750 sqft,"₹6,857/sqft",3 BHK,3,Apartment,Semi-Furnished,nobroker.in,2026-02-25 15:44:22
madhapur,Hyderabad,standalone building,₹1.50 Cr,1850 sqft,"₹8,108/sqft",3 BHK,3,Apartment,Furnished,nobroker.in,2026-02-25 15:44:22
Madhapur,Hyderabad,Bollineni Homes,₹11.50 Cr,4700 sqft,"₹24,468/sqft",4 BHK,5,Apartment,Semi-Furnished,nobroker.in,2026-02-25 15:44:22
Madhapur,Hyderabad,Standalone Building,₹40.00 L,800 sqft,"₹5,000/sqft",1 BHK,1,Apartment,NOT_FURNISHED,nobroker.in,2026-02-25 15:44:22
Madhapur,Hyderabad,Tirumala Apartments,₹1.60 Cr,1200 sqft,"₹13,333/sqft",2 BHK,2,Apartment,Furnished,nobroker.in,2026-02-25 15:44:22
Madhapur,Hyderabad,sai tirumala Apartments,₹92.00 L,1200 sqft,"₹7,667/sqft",2 BHK,2,Apartment,Furnished,nobroker.in,2026-02-25 15:44:22
Madhapur,Hyderabad,Srinikethan Akshaya Apartments,₹1.15 Cr,2000 sqft,"₹5,750/sqft",3 BHK,3,Apartment,Semi-Furnished,nobroker.in,2026-02-25 15:44:22
Madhapur,Hyderabad,Srinikethan Akshaya Apartments,₹1.05 Cr,1950 sqft,"₹5,385/sqft",3 BHK,3,Apartment,Semi-Furnished,nobroker.in,2026-02-25 15:44:22
"kavuri hills,madhapur",Hyderabad,NR Square,₹1.96 Cr,1785 sqft,"₹10,980/sqft",3 BHK,3,Apartment,NOT_FURNISHED,nobroker.in,2026-02-25 15:44:22
madhapur,Hyderabad,apparment,₹70.00 L,1300 sqft,"₹5,385/sqft",2 BHK,2,Apartment,Semi-Furnished,nobroker.in,2026-02-25 15:44:22
Maruti&#39;s Pearl Apartments,Hyderabad,Independent House,₹1.00 Cr,1496 sqft,"₹6,684/sqft",3 BHK,3,Apartment,NOT_FURNISHED,nobroker.in,2026-02-25 15:44:22
Madhapur,Hyderabad,Sai Datta,₹1.20 Cr,1565 sqft,"₹7,668/sqft",3 BHK,3,Apartment,Semi-Furnished,nobroker.in,2026-02-25 15:44:22
Ayyappa society,Hyderabad,Aadya&#39;s Nest,₹52.00 L,1200 sqft,"₹4,333/sqft",2 BHK,2,Apartment,Semi-Furnished,nobroker.in,2026-02-25 15:44:22
Ibrahimpatnam,Hyderabad,Independent House,₹20.00 L,500 sqft,"₹4,000/sqft",2 BHK,2,Apartment,Semi-Furnished,nobroker.in,2026-02-25 15:46:54
Ibrahimpatnam,Hyderabad,Independent House,₹60.00 L,1152 sqft,"₹5,208/sqft",2 BHK,2,Apartment,NOT_FURNISHED,nobroker.in,2026-02-25 15:46:54
Ibrahimpatnam,Hyderabad,sundaram pandu villas,₹20.25 Cr,2700 sqft,"₹75,000/sqft",4 BHK,4,Apartment,NOT_FURNISHED,nobroker.in,2026-02-25 15:46:54
Mangalpalle,Hyderabad,standalone building,₹4.00 Cr,9000 sqft,"₹4,444/sqft",4 BHK,5,Apartment,NOT_FURNISHED,nobroker.in,2026-02-25 15:46:54
Mahankhali Nagar,Hyderabad,Independent House,₹1.50 Cr,500 sqft,"₹30,000/sqft",1 BHK,1,Apartment,NOT_FURNISHED,nobroker.in,2026-02-25 15:46:54
"Road No. 5, Telangana 501510, India",Hyderabad,Independent House,₹84.00 L,1300 sqft,"₹6,462/sqft",2 BHK,3,Apartment,NOT_FURNISHED,nobroker.in,2026-02-25 15:46:54
Bongloor,Hyderabad,Independent House,₹1.20 Cr,2500 sqft,"₹4,800/sqft",4 BHK,4,Apartment,NOT_FURNISHED,nobroker.in,2026-02-25 15:46:54
Ibrahimpatnam,Hyderabad,Independent House,₹75.00 L,954 sqft,"₹7,862/sqft",1 BHK,1,Apartment,NOT_FURNISHED,nobroker.in,2026-02-25 15:46:54
Vastunagar,Hyderabad,Independent House,₹1.30 Cr,4800 sqft,"₹2,708/sqft",4 BHK,4,Apartment,NOT_FURNISHED,nobroker.in,2026-02-25 15:46:54
Ibrahimpatnam,Hyderabad,Independent House,₹1.10 Cr,1100 sqft,"₹10,000/sqft",2 BHK,2,Apartment,NOT_FURNISHED,nobroker.in,2026-02-25 15:46:54
Ibrahimpatnam,Hyderabad,KRISHNADAM,₹15.00 L,650 sqft,"₹2,308/sqft",1 BHK,1,Apartment,Semi-Furnished,nobroker.in,2026-02-25 15:46:54
Ibrahimpatnam,Hyderabad,KRISHNADHAM APPARTMENTS,₹15.00 L,500 sqft,"₹3,000/sqft",1 BHK,1,Apartment,NOT_FURNISHED,nobroker.in,2026-02-25 15:46:54
MBR Nager,Hyderabad,Krishnadham,₹15.00 L,550 sqft,"₹2,727/sqft",1 BHK,1,Apartment,NOT_FURNISHED,nobroker.in,2026-02-25 15:46:54
Turkayamjal,Hyderabad,Independent House,₹1.70 Cr,4300 sqft,"₹3,953/sqft",4 BHK,4,Apartment,NOT_FURNISHED,nobroker.in,2026-02-25 15:46:54
Adibatla,Hyderabad,Independent House,₹1.70 Cr,2300 sqft,"₹7,391/sqft",3 BHK,3,Apartment,NOT_FURNISHED,nobroker.in,2026-02-25 15:46:54
Adibatla,Hyderabad,ANGARAKA NILAYAM,₹55.00 L,1050 sqft,"₹5,238/sqft",2 BHK,2,Apartment,Semi-Furnished,nobroker.in,2026-02-25 15:46:54
Mangalpalle,Hyderabad,Independent House,₹79.00 L,1050 sqft,"₹7,524/sqft",2 BHK,2,Apartment,NOT_FURNISHED,nobroker.in,2026-02-25 15:46:54
Bongloor,Hyderabad,Devaprastha meadows,₹72.00 L,1089 sqft,"₹6,612/sqft",2 BHK,2,Apartment,Furnished,nobroker.in,2026-02-25 15:46:54
Mangalpalle,Hyderabad,Apartment,₹1.50 Cr,2280 sqft,"₹6,579/sqft",3 BHK,3,Apartment,NOT_FURNISHED,nobroker.in,2026-02-25 15:46:54
Bongloor X Road,Hyderabad,devaprastha,₹66.00 L,1089 sqft,"₹6,061/sqft",2 BHK,2,Apartment,NOT_FURNISHED,nobroker.in,2026-02-25 15:46:54
Manneguda,Hyderabad,Independent House,₹1.15 Cr,1260 sqft,"₹9,127/sqft",2 BHK,2,Apartment,NOT_FURNISHED,nobroker.in,2026-02-25 15:46:54
Ibrahimpatnam,Hyderabad,Independent House,₹1.00 Cr,3916 sqft,"₹2,554/sqft",4 BHK,7,Apartment,NOT_FURNISHED,nobroker.in,2026-02-25 15:46:54
Bongloor,Hyderabad,Independent House,₹80.00 L,1000 sqft,"₹8,000/sqft",2 BHK,2,Apartment,NOT_FURNISHED,nobroker.in,2026-02-25 15:46:54
Kukatpally,Hyderabad,sai krupa,₹85.00 L,1800 sqft,"₹4,722/sqft",3 BHK,3,Apartment,Semi-Furnished,nobroker.in,2026-02-25 15:44:13
Kukatpally,Hyderabad,Destiny Homes,₹1.68 Cr,1700 sqft,"₹9,882/sqft",3 BHK,3,Apartment,Furnished,nobroker.in,2026-02-25 15:44:13
Kukatpally,Hyderabad,Independent House,₹11.00 Cr,1998 sqft,"₹55,055/sqft",4 BHK,44,Apartment,NOT_FURNISHED,nobroker.in,2026-02-25 15:44:13
Kukatpally,Hyderabad,Gokarnika Residency,₹82.00 L,1200 sqft,"₹6,833/sqft",2 BHK,2,Apartment,NOT_FURNISHED,nobroker.in,2026-02-25 15:44:13
Kukatpally,Hyderabad,sai krupa apartment,₹1.50 Cr,1200 sqft,"₹12,500/sqft",2 BHK,2,Apartment,Furnished,nobroker.in,2026-02-25 15:44:13
Kukatpally,Hyderabad,Standalone Building,₹22.00 L,5000 sqft,₹440/sqft,4 BHK,10,Apartment,NOT_FURNISHED,nobroker.in,2026-02-25 15:44:13
Kukatpally,Hyderabad,Sai Ganesh Lahaja Livings,₹73.00 L,1035 sqft,"₹7,053/sqft",2 BHK,2,Apartment,NOT_FURNISHED,nobroker.in,2026-02-25 15:44:13
Spectra&#39;s Living Stone,Hyderabad,Spectras living stone,₹1.40 Cr,2200 sqft,"₹6,364/sqft",3 BHK,3,Apartment,Furnished,nobroker.in,2026-02-25 15:44:13
Hydernagar,Hyderabad,SSV Classic Homes,₹90.00 L,1800 sqft,"₹5,000/sqft",3 BHK,3,Apartment,Semi-Furnished,nobroker.in,2026-02-25 15:44:13
Kukatpally,Hyderabad,Standalone Building,₹1.70 Cr,4000 sqft,"₹4,250/sqft",4 BHK,8,Apartment,NOT_FURNISHED,nobroker.in,2026-02-25 15:44:13
Kukatpally,Hyderabad,Krishna Sai Residency,₹50.00 L,1200 sqft,"₹4,167/sqft",2 BHK,2,Apartment,NOT_FURNISHED,nobroker.in,2026-02-25 15:44:13
Kukatpally,Hyderabad,Standalone Building,₹3.00 Cr,3186 sqft,"₹9,416/sqft",4 BHK,7,Apartment,Furnished,nobroker.in,2026-02-25 15:44:13
Kukatpally,Hyderabad,SAI PRAHALA RESIDENCY,₹70.00 L,1084 sqft,"₹6,458/sqft",2 BHK,2,Apartment,Semi-Furnished,nobroker.in,2026-02-25 15:44:13
Nizampet,Hyderabad,Siri Balaji Towers,₹90.00 L,1543 sqft,"₹5,833/sqft",3 BHK,3,Apartment,Semi-Furnished,nobroker.in,2026-02-25 15:44:13
Kukatpally,Hyderabad,kukatpally,₹60.00 L,600 sqft,"₹10,000/sqft",1 BHK,1,Apartment,Semi-Furnished,nobroker.in,2026-02-25 15:44:13
Kukatpally,Hyderabad,Independent House,₹4.00 Cr,1800 sqft,"₹22,222/sqft",4 BHK,4,Apartment,Semi-Furnished,nobroker.in,2026-02-25 15:44:13
Kukatpally,Hyderabad,Sai Anushka Apartments,₹60.00 L,1070 sqft,"₹5,607/sqft",2 BHK,2,Apartment,Semi-Furnished,nobroker.in,2026-02-25 15:44:13
Kukatpally,Hyderabad,Kasthuri apartment,₹3.00 Cr,440 sqft,"₹68,182/sqft",1 BHK,6,Apartment,NOT_FURNISHED,nobroker.in,2026-02-25 15:44:13
Sardar Patel Nagar Community Hall,Hyderabad,Ram Residency kukatpally,₹70.00 L,1075 sqft,"₹6,512/sqft",2 BHK,2,Apartment,Semi-Furnished,nobroker.in,2026-02-25 15:44:13
Kukatpally,Hyderabad,Standalone Building,₹50.00 L,1050 sqft,"₹4,762/sqft",2 BHK,2,Apartment,NOT_FURNISHED,nobroker.in,2026-02-25 15:44:13
Kukatpally,Hyderabad,Laxmi sri sathya heights,₹1.35 Cr,1800 sqft,"₹7,500/sqft",3 BHK,3,Apartment,NOT_FURNISHED,nobroker.in,2026-02-25 15:44:13
Kukatpally,Hyderabad,Sri Nilayam,₹80.00 L,800 sqft,"₹10,000/sqft",2 BHK,2,Apartment,Semi-Furnished,nobroker.in,2026-02-25 15:44:13
Vasantha Nagar,Hyderabad,Stand alone,₹1.70 Cr,2000 sqft,"₹8,500/sqft",3 BHK,3,Apartment,Furnished,nobroker.in,2026-02-25 15:44:13
Kukatpally,Hyderabad,Gandhi Heights,₹2.50 Cr,1260 sqft,"₹19,841/sqft",2 BHK,2,Apartment,Furnished,nobroker.in,2026-02-25 15:44:13
Kukatpally,Hyderabad,"sai balaji residency,kukatpally",₹70.00 L,1200 sqft,"₹5,833/sqft",2 BHK,3,Apartment,NOT_FURNISHED,nobroker.in,2026-02-25 15:44:13
kphp,Hyderabad,Independent House,₹1.40 Cr,792 sqft,"₹17,677/sqft",2 BHK,2,Apartment,NOT_FURNISHED,nobroker.in,2026-02-25 15:44:13
Kukatpally,Hyderabad,Manjeera Majestic Homes,₹1.50 Cr,1600 sqft,"₹9,375/sqft",3 BHK,2,Apartment,Semi-Furnished,nobroker.in,2026-02-25 15:44:16
Kukatpally,Hyderabad,Saboori Residency,₹1.05 Cr,1450 sqft,"₹7,241/sqft",3 BHK,3,Apartment,Semi-Furnished,nobroker.in,2026-02-25 15:44:16
"Adarsha Enclave, Dharma Reddy Colony Phase II, Kukatpally Housing Board Colony, Kukatpally, Hyderabad, Telangana 500085, India",Hyderabad,Adarsha Enclave,₹80.00 L,1095 sqft,"₹7,306/sqft",2 BHK,2,Apartment,Furnished,nobroker.in,2026-02-25 15:44:16
Kukatpally,Hyderabad,Sri Maruthi Mansion,₹75.00 L,1100 sqft,"₹6,818/sqft",2 BHK,2,Apartment,Semi-Furnished,nobroker.in,2026-02-25 15:44:16
Pragathi Nagar,Hyderabad,paradise,₹48.00 L,960 sqft,"₹5,000/sqft",2 BHK,2,Apartment,Semi-Furnished,nobroker.in,2026-02-25 15:44:16
"Pragathi Nagar, Kukatpally",Hyderabad,Athena Greens,₹75.00 L,1015 sqft,"₹7,389/sqft",2 BHK,2,Apartment,Furnished,nobroker.in,2026-02-25 15:44:16
"Pragathi Nagar, Kukatpally",Hyderabad,Standalone Building,₹4.50 Cr,7500 sqft,"₹6,000/sqft",4 BHK,14,Apartment,NOT_FURNISHED,nobroker.in,2026-02-25 15:44:16
"Pragathi Nagar, Kukatpally",Hyderabad,Jana sree towers,₹75.00 L,1430 sqft,"₹5,245/sqft",3 BHK,2,Apartment,NOT_FURNISHED,nobroker.in,2026-02-25 15:44:16
Pragathi Nagar,Hyderabad,"Pragathi Castle, Pragathi Nagar",₹70.00 L,1375 sqft,"₹5,091/sqft",3 BHK,2,Apartment,Semi-Furnished,nobroker.in,2026-02-25 15:44:16
Kukatpally,Hyderabad,dollar hills,₹3.10 Cr,2400 sqft,"₹12,917/sqft",3 BHK,3,Apartment,Semi-Furnished,nobroker.in,2026-02-25 15:44:16
Kukatpally,Hyderabad,sai sumo aparttment,₹1.00 Cr,1485 sqft,"₹6,734/sqft",3 BHK,2,Apartment,Semi-Furnished,nobroker.in,2026-02-25 15:44:16
Kukatpally,Hyderabad,standalone building,₹1.27 Cr,1700 sqft,"₹7,500/sqft",3 BHK,3,Apartment,Semi-Furnished,nobroker.in,2026-02-25 15:44:16
Kukatpally,Hyderabad,Manjeera Majestic Homes,₹1.10 Cr,1100 sqft,"₹10,000/sqft",2 BHK,2,Apartment,Semi-Furnished,nobroker.in,2026-02-25 15:44:16
Kukatpally,Hyderabad,Padmavathi,₹63.00 L,1030 sqft,"₹6,117/sqft",2 BHK,2,Apartment,Semi-Furnished,nobroker.in,2026-02-25 15:44:16
Kukatpally,Hyderabad,Sri Maruthi Mansion,₹95.00 L,1050 sqft,"₹9,048/sqft",2 BHK,2,Apartment,Semi-Furnished,nobroker.in,2026-02-25 15:44:16
Kukatpally,Hyderabad,jashnavi residency,₹78.00 L,1150 sqft,"₹6,783/sqft",2 BHK,2,Apartment,NOT_FURNISHED,nobroker.in,2026-02-25 15:44:16
"Sai Balaji Towers, H.No.2-23-B/ 1&2 Flat#408, Addagutta, Samatha Nagar, Kukatpally, Hyderabad, Telangana 500085, India",Hyderabad,Sai Balaji Towers,₹1.20 Cr,1200 sqft,"₹10,000/sqft",2 BHK,2,Apartment,Furnished,nobroker.in,2026-02-25 15:44:16
Kukatpally,Hyderabad,Srinivasam Apartment,₹80.00 L,1620 sqft,"₹4,938/sqft",3 BHK,3,Apartment,Semi-Furnished,nobroker.in,2026-02-25 15:44:16
Sardar Patel Nagar,Hyderabad,Standalone Building,₹3.00 Cr,5900 sqft,"₹5,085/sqft",4 BHK,6,Apartment,Semi-Furnished,nobroker.in,2026-02-25 15:44:16
JNTU,Hyderabad,Manjeera Majestic Homes,₹1.45 Cr,1475 sqft,"₹9,831/sqft",3 BHK,2,Apartment,Furnished,nobroker.in,2026-02-25 15:44:16
JNTU Metro Station,Hyderabad,Standalone Building,₹1.68 Cr,2210 sqft,"₹7,602/sqft",3 BHK,3,Apartment,NOT_FURNISHED,nobroker.in,2026-02-25 15:44:16
JNTU Metro Station,Hyderabad,Independent House,₹92.00 L,1215 sqft,"₹7,572/sqft",2 BHK,2,Apartment,Semi-Furnished,nobroker.in,2026-02-25 15:44:16
Sardar Patel Nagar,Hyderabad,Sai ram residency,₹80.00 L,1070 sqft,"₹7,477/sqft",2 BHK,2,Apartment,Furnished,nobroker.in,2026-02-25 15:44:16
Kukatpally,Hyderabad,Sri Enclaves,₹85.00 L,1050 sqft,"₹8,095/sqft",2 BHK,2,Apartment,NOT_FURNISHED,nobroker.in,2026-02-25 15:44:16
"Super Hotel O JNTU college Near LULU mall, KPHB Colony.",Hyderabad,lakshmi prasanna nilayam,₹80.00 L,1180 sqft,"₹6,780/sqft",2 BHK,2,Apartment,Semi-Furnished,nobroker.in,2026-02-25 15:44:16
Jillalguda,Hyderabad,Independent House,₹80.00 L,500 sqft,"₹16,000/sqft",1 BHK,2,Apartment,NOT_FURNISHED,nobroker.in,2026-02-25 15:45:34
Dasari Narayana Rao Kala Nagar,Hyderabad,Independent House,₹98.00 L,2848 sqft,"₹3,441/sqft",2 BHK,8,Apartment,NOT_FURNISHED,nobroker.in,2026-02-25 15:45:34
Jillelaguda DNR colony,Hyderabad,Independent House,₹54.00 L,600 sqft,"₹9,000/sqft",2 BHK,3,Apartment,NOT_FURNISHED,nobroker.in,2026-02-25 15:45:34
Jillalguda,Hyderabad,Independent House,₹1.20 Cr,4266 sqft,"₹2,813/sqft",4 BHK,5,Apartment,Furnished,nobroker.in,2026-02-25 15:45:34
Jillelaguda,Hyderabad,Apartment,₹54.00 L,1100 sqft,"₹4,909/sqft",2 BHK,2,Apartment,NOT_FURNISHED,nobroker.in,2026-02-25 15:45:34
Jillelaguda,Hyderabad,standalone building,₹3.10 Cr,6000 sqft,"₹5,167/sqft",4 BHK,8,Apartment,Semi-Furnished,nobroker.in,2026-02-25 15:45:34
Jillelaguda,Hyderabad,Independent House,₹32.00 L,540 sqft,"₹5,926/sqft",1 RK,2,Apartment,NOT_FURNISHED,nobroker.in,2026-02-25 15:45:34
Jillalguda,Hyderabad,Independent House,₹95.00 L,1080 sqft,"₹8,796/sqft",2 BHK,2,Apartment,NOT_FURNISHED,nobroker.in,2026-02-25 15:45:34
Jillalguda,Hyderabad,Independent House,₹1.25 Cr,2448 sqft,"₹5,106/sqft",4 BHK,4,Apartment,NOT_FURNISHED,nobroker.in,2026-02-25 15:45:34
Jillalguda,Hyderabad,sri venkateswara deluxe,₹65.00 L,1220 sqft,"₹5,328/sqft",2 BHK,2,Apartment,Semi-Furnished,nobroker.in,2026-02-25 15:45:34
Jillalguda,Hyderabad,standalone building,₹70.00 L,2620 sqft,"₹2,672/sqft",4 BHK,4,Apartment,NOT_FURNISHED,nobroker.in,2026-02-25 15:45:34
"40, Mithila Nagar, Hyderabad, Meerpet, Telangana 500097, India",Hyderabad,"Vista Grande, Jillelguda",₹64.00 L,1056 sqft,"₹6,061/sqft",2 BHK,2,Apartment,Furnished,nobroker.in,2026-02-25 15:45:34
Jillelaguda,Hyderabad,adarsh apartment,₹25.00 L,950 sqft,"₹2,632/sqft",2 BHK,2,Apartment,NOT_FURNISHED,nobroker.in,2026-02-25 15:45:34
Meerpet,Hyderabad,Independent House,₹80.00 L,1800 sqft,"₹4,444/sqft",2 BHK,2,Apartment,NOT_FURNISHED,nobroker.in,2026-02-25 15:45:34
Jillelguda,Hyderabad,Independent House,₹35.00 L,585 sqft,"₹5,983/sqft",2 BHK,1,Apartment,NOT_FURNISHED,nobroker.in,2026-02-25 15:45:34
Jillalguda,Hyderabad,SITANEST,₹50.00 L,1050 sqft,"₹4,762/sqft",2 BHK,2,Apartment,Furnished,nobroker.in,2026-02-25 15:45:34
jillelguda,Hyderabad,AADARSH APARMENT,₹30.00 L,1200 sqft,"₹2,500/sqft",2 BHK,2,Apartment,Furnished,nobroker.in,2026-02-25 15:45:34
Meerpet,Hyderabad,Independent House,₹1.20 Cr,1200 sqft,"₹10,000/sqft",2 BHK,2,Apartment,Semi-Furnished,nobroker.in,2026-02-25 15:45:34
Meerpet,Hyderabad,Independent House,₹45.00 L,350 sqft,"₹12,857/sqft",1 RK,1,Apartment,NOT_FURNISHED,nobroker.in,2026-02-25 15:45:34
Kanchan Bagh,Hyderabad,Dharti Niwas,₹32.00 L,750 sqft,"₹4,267/sqft",1 BHK,1,Apartment,NOT_FURNISHED,nobroker.in,2026-02-25 15:45:34
Kanchan Bagh,Hyderabad,Dhatri Nivas,₹43.00 L,1100 sqft,"₹3,909/sqft",2 BHK,2,Apartment,NOT_FURNISHED,nobroker.in,2026-02-25 15:45:34
Kanchan Bagh,Hyderabad,dharthi nivas,₹32.00 L,750 sqft,"₹4,267/sqft",1 BHK,1,Apartment,NOT_FURNISHED,nobroker.in,2026-02-25 15:45:34
Meerpet,Hyderabad,Independent House,₹1.05 Cr,800 sqft,"₹13,125/sqft",2 BHK,3,Apartment,NOT_FURNISHED,nobroker.in,2026-02-25 15:45:34
"2/6, Kala Nagar, New Vivek Nagar Colony, Hyderabad, Medbowli, Telangana 500097, India",Hyderabad,Independent House,₹3.15 Cr,2641 sqft,"₹11,927/sqft",4 BHK,4,Apartment,Semi-Furnished,nobroker.in,2026-02-25 15:45:34
Meerpet,Hyderabad,Sai Darshani Appartment,₹40.00 L,860 sqft,"₹4,651/sqft",2 BHK,2,Apartment,Furnished,nobroker.in,2026-02-25 15:45:34
"Meerpet,",Hyderabad,Standalone Building,₹28.00 L,740 sqft,"₹3,784/sqft",2 BHK,2,Apartment,NOT_FURNISHED,nobroker.in,2026-02-25 15:45:34
Meerpet,Hyderabad,Jlnr Residency,₹70.00 L,1260 sqft,"₹5,556/sqft",2 BHK,2,Apartment,Semi-Furnished,nobroker.in,2026-02-25 15:45:37
Jillalguda,Hyderabad,swathi residency,₹68.00 L,1200 sqft,"₹5,667/sqft",2 BHK,2,Apartment,Furnished,nobroker.in,2026-02-25 15:45:37
Meerpet,Hyderabad,standalone building,₹57.00 L,1200 sqft,"₹4,750/sqft",2 BHK,2,Apartment,NOT_FURNISHED,nobroker.in,2026-02-25 15:45:37
Medbowli,Hyderabad,jlnr residency,₹50.00 L,1070 sqft,"₹4,673/sqft",2 BHK,2,Apartment,NOT_FURNISHED,nobroker.in,2026-02-25 15:45:37
Meerpet,Hyderabad,standalone building,₹60.00 L,1100 sqft,"₹5,455/sqft",2 BHK,2,Apartment,NOT_FURNISHED,nobroker.in,2026-02-25 15:45:37
Meerpet,Hyderabad,Independent House,₹2.50 Cr,4000 sqft,"₹6,250/sqft",4 BHK,8,Apartment,NOT_FURNISHED,nobroker.in,2026-02-25 15:45:37
"Meerpet,",Hyderabad,Lake View Meadow And Lake Vista Meadow,₹58.00 L,1075 sqft,"₹5,395/sqft",2 BHK,2,Apartment,NOT_FURNISHED,nobroker.in,2026-02-25 15:45:37
Meerpet,Hyderabad,Lake View Meadow And Lake Vista Meadow,₹66.50 L,1070 sqft,"₹6,215/sqft",2 BHK,2,Apartment,Semi-Furnished,nobroker.in,2026-02-25 15:45:37
Jillelguda,Hyderabad,satya heights,₹58.00 L,1480 sqft,"₹3,919/sqft",3 BHK,3,Apartment,Semi-Furnished,nobroker.in,2026-02-25 15:45:37
Jillalguda,Hyderabad,Independent House,₹3.00 Cr,4320 sqft,"₹6,944/sqft",4 BHK,3,Apartment,Semi-Furnished,nobroker.in,2026-02-25 15:45:37
Meerpet,Hyderabad,Srinivasa Residency,₹50.00 L,1250 sqft,"₹4,000/sqft",2 BHK,2,Apartment,NOT_FURNISHED,nobroker.in,2026-02-25 15:45:37
Meerpet,Hyderabad,Independent House,₹1.50 Cr,2700 sqft,"₹5,556/sqft",4 BHK,6,Apartment,NOT_FURNISHED,nobroker.in,2026-02-25 15:45:37
Meerpet,Hyderabad,GMRC,₹68.75 L,1250 sqft,"₹5,500/sqft",2 BHK,2,Apartment,Furnished,nobroker.in,2026-02-25 15:45:37
meerpet,Hyderabad,GMC prime Aparmens,₹57.00 L,1100 sqft,"₹5,182/sqft",2 BHK,2,Apartment,Semi-Furnished,nobroker.in,2026-02-25 15:45:37
Meerpet,Hyderabad,TCR Complex,₹57.00 L,1103 sqft,"₹5,168/sqft",2 BHK,2,Apartment,NOT_FURNISHED,nobroker.in,2026-02-25 15:45:37
Jillalguda,Hyderabad,satya heights,₹40.00 L,1000 sqft,"₹4,000/sqft",2 BHK,2,Apartment,Semi-Furnished,nobroker.in,2026-02-25 15:45:37
Meerpet,Hyderabad,Sri Shiva Sai plaza,₹38.00 L,1085 sqft,"₹3,502/sqft",2 BHK,2,Apartment,Semi-Furnished,nobroker.in,2026-02-25 15:45:37
meerpet,Hyderabad,Independent House,₹1.50 Cr,1500 sqft,"₹10,000/sqft",4 BHK,4,Apartment,NOT_FURNISHED,nobroker.in,2026-02-25 15:45:37
Meerpet,Hyderabad,meerpet,₹11.00 L,600 sqft,"₹1,833/sqft",1 BHK,1,Apartment,NOT_FURNISHED,nobroker.in,2026-02-25 15:45:37
Meerpet,Hyderabad,Independent House,₹1.52 Cr,725 sqft,"₹20,966/sqft",2 BHK,2,Apartment,NOT_FURNISHED,nobroker.in,2026-02-25 15:45:37
Meerpet,Hyderabad,TCR Tower,₹56.00 L,1144 sqft,"₹4,895/sqft",2 BHK,2,Apartment,Semi-Furnished,nobroker.in,2026-02-25 15:45:37
Meerpet,Hyderabad,Independent House,₹1.25 Cr,1602 sqft,"₹7,803/sqft",3 BHK,2,Apartment,NOT_FURNISHED,nobroker.in,2026-02-25 15:45:37
Domino,Hyderabad,Independent House,₹1.15 Cr,830 sqft,"₹13,855/sqft",2 BHK,2,Apartment,NOT_FURNISHED,nobroker.in,2026-02-25 15:45:37
Jillelaguda,Hyderabad,Sai Srinivasam Apartments,₹80.00 L,1134 sqft,"₹7,055/sqft",2 BHK,2,Apartment,Furnished,nobroker.in,2026-02-25 15:45:37
Jillalguda,Hyderabad,Independent House,₹2.40 Cr,2250 sqft,"₹10,667/sqft",4 BHK,6,Apartment,Furnished,nobroker.in,2026-02-25 15:45:37
Katedhan,Hyderabad,srisrinivasam nilayam,₹58.50 L,1300 sqft,"₹4,500/sqft",2 BHK,2,Apartment,NOT_FURNISHED,nobroker.in,2026-02-25 15:46:32
Durga Nagar,Hyderabad,Independent House,₹65.00 L,1800 sqft,"₹3,611/sqft",3 BHK,4,Apartment,NOT_FURNISHED,nobroker.in,2026-02-25 15:46:32
Mailardevpally,Hyderabad,Map Raj Ratan Residency,₹85.00 L,1700 sqft,"₹5,000/sqft",3 BHK,3,Apartment,NOT_FURNISHED,nobroker.in,2026-02-25 15:46:32
Mailardevpally,Hyderabad,SHREE HOMES PEARL,₹1.15 Cr,1570 sqft,"₹7,325/sqft",3 BHK,3,Apartment,Semi-Furnished,nobroker.in,2026-02-25 15:46:32
Mailardevpally,Hyderabad,MAYRAS CLASSIC,₹66.00 L,1016 sqft,"₹6,496/sqft",2 BHK,2,Apartment,Furnished,nobroker.in,2026-02-25 15:46:32
Mailardevpally,Hyderabad,Lavitra homes,₹1.20 Cr,1700 sqft,"₹7,059/sqft",3 BHK,3,Apartment,Furnished,nobroker.in,2026-02-25 15:46:32
Rajendra nagar,Hyderabad,Mailika Mukunda,₹73.35 L,1630 sqft,"₹4,500/sqft",3 BHK,3,Apartment,NOT_FURNISHED,nobroker.in,2026-02-25 15:46:32
Katedan,Hyderabad,mehra classic,₹70.00 L,1000 sqft,"₹7,000/sqft",2 BHK,2,Apartment,Semi-Furnished,nobroker.in,2026-02-25 15:46:32
babul reddy nagar,Hyderabad,standalone building,₹80.00 L,1200 sqft,"₹6,667/sqft",2 BHK,2,Apartment,NOT_FURNISHED,nobroker.in,2026-02-25 15:46:32
Katedan,Hyderabad,Independent House,₹70.00 L,900 sqft,"₹7,778/sqft",2 BHK,2,Apartment,NOT_FURNISHED,nobroker.in,2026-02-25 15:46:32
Katedhan,Hyderabad,Independent House,₹55.00 L,900 sqft,"₹6,111/sqft",2 BHK,1,Apartment,NOT_FURNISHED,nobroker.in,2026-02-25 15:46:32
Katedhan,Hyderabad,Standalone Building,₹1.40 Cr,8190 sqft,"₹1,709/sqft",4 BHK,8,Apartment,Furnished,nobroker.in,2026-02-25 15:46:32
durga nagar,Hyderabad,Independent House,₹80.00 L,1800 sqft,"₹4,444/sqft",4 BHK,5,Apartment,Semi-Furnished,nobroker.in,2026-02-25 15:46:32
Nawab Saheb Kunta,Hyderabad,R.K Dream homes,₹63.00 L,1100 sqft,"₹5,727/sqft",2 BHK,2,Apartment,Semi-Furnished,nobroker.in,2026-02-25 15:46:32
PRAGATI SUPERMARKET,Hyderabad,Independent House,₹68.00 L,1150 sqft,"₹5,913/sqft",2 BHK,2,Apartment,Furnished,nobroker.in,2026-02-25 15:46:32
Mailardevpally,Hyderabad,DHANWANTARI BHAVANS,₹1.20 Cr,1500 sqft,"₹8,000/sqft",3 BHK,3,Apartment,Semi-Furnished,nobroker.in,2026-02-25 15:46:32
"Mailardevpally, Rajendranagar",Hyderabad,shanthabdhi silver stone,₹2.20 Cr,1500 sqft,"₹14,667/sqft",3 BHK,3,Apartment,Semi-Furnished,nobroker.in,2026-02-25 15:46:32
Katedan,Hyderabad,Apartment,₹67.50 L,1500 sqft,"₹4,500/sqft",3 BHK,3,Apartment,NOT_FURNISHED,nobroker.in,2026-02-25 15:46:32
ganesh nagr,Hyderabad,Independent House,₹6.00 Cr,10000 sqft,"₹6,000/sqft",4 BHK,6,Apartment,NOT_FURNISHED,nobroker.in,2026-02-25 15:46:32
Nawab Saheb Kunta,Hyderabad,Standalone Building,₹51.00 L,900 sqft,"₹5,667/sqft",2 BHK,2,Apartment,NOT_FURNISHED,nobroker.in,2026-02-25 15:46:32
Mailardevpally,Hyderabad,Kainkarya Siri,₹85.00 L,1150 sqft,"₹7,391/sqft",2 BHK,2,Apartment,Semi-Furnished,nobroker.in,2026-02-25 15:46:32
Nawab Saheb Kunta,Hyderabad,Redwood PMR Heights,₹75.67 L,1150 sqft,"₹6,580/sqft",2 BHK,2,Apartment,NOT_FURNISHED,nobroker.in,2026-02-25 15:46:32
Nawab Saheb Kunta,Hyderabad,Brahma mension,₹75.00 L,1500 sqft,"₹5,000/sqft",3 BHK,3,Apartment,NOT_FURNISHED,nobroker.in,2026-02-25 15:46:32
Kattedan,Hyderabad,Independent House,₹1.75 Cr,1260 sqft,"₹13,889/sqft",4 BHK,6,Apartment,NOT_FURNISHED,nobroker.in,2026-02-25 15:46:32
"Katedhan,",Hyderabad,hari kripa nivas,₹5.00 Cr,12500 sqft,"₹4,000/sqft",4 BHK,6,Apartment,Semi-Furnished,nobroker.in,2026-02-25 15:46:32
Mailardevpally,Hyderabad,Satya Residency,₹46.00 L,910 sqft,"₹5,055/sqft",2 BHK,2,Apartment,NOT_FURNISHED,nobroker.in,2026-02-25 15:46:32
Mailardevpally,Hyderabad,Moksha Satya Residency,₹50.00 L,1100 sqft,"₹4,545/sqft",2 BHK,2,Apartment,NOT_FURNISHED,nobroker.in,2026-02-25 15:46:36
Rajendra Nagar,Hyderabad,Moksha Satya Residency,₹1.32 Cr,909 sqft,"₹14,521/sqft",2 BHK,2,Apartment,NOT_FURNISHED,nobroker.in,2026-02-25 15:46:36
Mailardevpally,Hyderabad,Independent House,₹1.35 Cr,2800 sqft,"₹4,821/sqft",4 BHK,4,Apartment,NOT_FURNISHED,nobroker.in,2026-02-25 15:46:36
mailardevpally,Hyderabad,Independent House,₹2.05 Cr,1800 sqft,"₹11,389/sqft",3 BHK,5,Apartment,Furnished,nobroker.in,2026-02-25 15:46:36
"8-7/11, 8-1-12/23, Telangana NGOS Colony, Hyderabad, Katedhan, Telangana 500077, India",Hyderabad,Gharunda,₹60.00 L,1250 sqft,"₹4,800/sqft",2 BHK,2,Apartment,NOT_FURNISHED,nobroker.in,2026-02-25 15:46:36
"Babul Reddy Nagar , Kattedan",Hyderabad,Independent House,₹60.00 L,1107 sqft,"₹5,420/sqft",3 BHK,3,Apartment,NOT_FURNISHED,nobroker.in,2026-02-25 15:46:36
Nawab Saheb Kunta,Hyderabad,Independent House,₹2.55 Cr,6000 sqft,"₹4,250/sqft",4 BHK,8,Apartment,Semi-Furnished,nobroker.in,2026-02-25 15:46:36
Nawab Saheb Kunta,Hyderabad,Independent House,₹1.60 Cr,1000 sqft,"₹16,000/sqft",3 BHK,4,Apartment,Furnished,nobroker.in,2026-02-25 15:46:36
Katedan,Hyderabad,Independent House,₹1.05 Cr,1350 sqft,"₹7,778/sqft",2 BHK,2,Apartment,NOT_FURNISHED,nobroker.in,2026-02-25 15:46:36
TNGOS Colony,Hyderabad,hills view residense,₹49.00 L,1170 sqft,"₹4,188/sqft",2 BHK,2,Apartment,NOT_FURNISHED,nobroker.in,2026-02-25 15:46:36
TNGOS Colony,Hyderabad,hill view residensy,₹45.00 L,1170 sqft,"₹3,846/sqft",3 BHK,3,Apartment,NOT_FURNISHED,nobroker.in,2026-02-25 15:46:36
Katedhan,Hyderabad,standalone building,₹1.50 Cr,4080 sqft,"₹3,676/sqft",4 BHK,7,Apartment,Semi-Furnished,nobroker.in,2026-02-25 15:46:36
Katedhan,Hyderabad,Independent House,₹1.90 Cr,4000 sqft,"₹4,750/sqft",4 BHK,7,Apartment,Semi-Furnished,nobroker.in,2026-02-25 15:46:36
Telangana NGOS Colony,Hyderabad,Independent House,₹1.75 Cr,2500 sqft,"₹7,000/sqft",3 BHK,4,Apartment,NOT_FURNISHED,nobroker.in,2026-02-25 15:46:36
Mailardevpally,Hyderabad,Independent House,₹1.90 Cr,1350 sqft,"₹14,074/sqft",4 BHK,8,Apartment,Semi-Furnished,nobroker.in,2026-02-25 15:46:36
katedhan,Hyderabad,Standalone Building,₹2.00 Cr,4000 sqft,"₹5,000/sqft",4 BHK,11,Apartment,NOT_FURNISHED,nobroker.in,2026-02-25 15:46:36
Katedhan,Hyderabad,Hill View Residency,₹37.00 L,800 sqft,"₹4,625/sqft",1 BHK,2,Apartment,NOT_FURNISHED,nobroker.in,2026-02-25 15:46:36
Mailardevpally,Hyderabad,Standalone building,₹60.00 L,800 sqft,"₹7,500/sqft",2 BHK,2,Apartment,NOT_FURNISHED,nobroker.in,2026-02-25 15:46:36
Mailardevpally,Hyderabad,Standalone building,₹70.00 L,1500 sqft,"₹4,667/sqft",3 BHK,3,Apartment,NOT_FURNISHED,nobroker.in,2026-02-25 15:46:36
Nawab Saheb Kunta,Hyderabad,Independent House,₹1.05 Cr,1500 sqft,"₹7,000/sqft",3 BHK,2,Apartment,NOT_FURNISHED,nobroker.in,2026-02-25 15:46:36
Katedan,Hyderabad,Independent House,₹1.20 Cr,1170 sqft,"₹10,256/sqft",2 BHK,2,Apartment,NOT_FURNISHED,nobroker.in,2026-02-25 15:46:36
Mehfil Hotel,Hyderabad,Elegance builder,₹40.00 L,1102 sqft,"₹3,630/sqft",2 BHK,2,Apartment,Semi-Furnished,nobroker.in,2026-02-25 15:46:36
Katedan,Hyderabad,Independent House,₹60.00 L,1080 sqft,"₹5,556/sqft",2 BHK,2,Apartment,Semi-Furnished,nobroker.in,2026-02-25 15:46:36
Nawab Saheb Kunta,Hyderabad,Independent House,₹1.35 Cr,4050 sqft,"₹3,333/sqft",4 BHK,9,Apartment,NOT_FURNISHED,nobroker.in,2026-02-25 15:46:36
Mailardevpally,Hyderabad,Independent House,₹2.20 Cr,5000 sqft,"₹4,400/sqft",4 BHK,8,Apartment,NOT_FURNISHED,nobroker.in,2026-02-25 15:46:36
Gachibowli,Hyderabad,Jain Silpa Cyber View,₹2.50 Cr,1800 sqft,"₹13,889/sqft",2 BHK,3,Apartment,Furnished,nobroker.in,2026-02-25 15:44:33
Hi Tech City,Hyderabad,"Aditya Capitol Heights, Hi Tech City",₹2.10 Cr,2000 sqft,"₹10,500/sqft",3 BHK,3,Apartment,NOT_FURNISHED,nobroker.in,2026-02-25 15:44:33
HITEC City,Hyderabad,Honer Richmont,₹16.97 Cr,6787 sqft,"₹25,004/sqft",4 BHK,4,Apartment,NOT_FURNISHED,nobroker.in,2026-02-25 15:44:33
HITEC City,Hyderabad,Vasantha Valley,₹2.10 Cr,1792 sqft,"₹11,719/sqft",3 BHK,3,Apartment,Furnished,nobroker.in,2026-02-25 15:44:33
HITEC City,Hyderabad,Auro The Pearl,₹7.44 Cr,5300 sqft,"₹14,038/sqft",4 BHK,4,Apartment,NOT_FURNISHED,nobroker.in,2026-02-25 15:44:33
HITEC City,Hyderabad,MANJU MANIDVEEPAM,₹1.80 Cr,2000 sqft,"₹9,000/sqft",3 BHK,3,Apartment,Semi-Furnished,nobroker.in,2026-02-25 15:44:33
HITEC City,Hyderabad,Auro Kohinoor,₹7.61 Cr,5400 sqft,"₹14,093/sqft",4 BHK,3,Apartment,NOT_FURNISHED,nobroker.in,2026-02-25 15:44:33
Gachibowli,Hyderabad,apartment,₹1.20 Cr,1260 sqft,"₹9,500/sqft",2 BHK,2,Apartment,Semi-Furnished,nobroker.in,2026-02-25 15:44:33
Madhapur,Hyderabad,Cyber Pearl,₹1.10 Cr,1350 sqft,"₹8,148/sqft",2 BHK,2,Apartment,Semi-Furnished,nobroker.in,2026-02-25 15:44:33
Hyderabad,Hyderabad,Elegant group,₹41.50 L,500 sqft,"₹8,300/sqft",1 BHK,1,Apartment,NOT_FURNISHED,nobroker.in,2026-02-25 15:44:33
Gachibowli,Hyderabad,Nagarjuna Residency - Ncc Urban,₹3.60 Cr,2690 sqft,"₹13,383/sqft",3 BHK,3,Apartment,Semi-Furnished,nobroker.in,2026-02-25 15:44:33
Gachibowli,Hyderabad,Nagarjuna Residency - Ncc Urban,₹3.00 Cr,2690 sqft,"₹11,152/sqft",3 BHK,3,Apartment,Furnished,nobroker.in,2026-02-25 15:44:33
Gachibowli,Hyderabad,"Nagarjuna Residency - Ncc Urban, Gachibowli",₹3.75 Cr,3170 sqft,"₹11,830/sqft",4 BHK,5,Apartment,Furnished,nobroker.in,2026-02-25 15:44:33
Gachibowli,Hyderabad,NCC Nagarjuna Residency,₹3.33 Cr,2690 sqft,"₹12,379/sqft",3 BHK,3,Apartment,Semi-Furnished,nobroker.in,2026-02-25 15:44:33
Silpa Gram Craft Village,Hyderabad,Subhadha Greesam,₹1.25 Cr,1600 sqft,"₹7,812/sqft",3 BHK,3,Apartment,Semi-Furnished,nobroker.in,2026-02-25 15:44:33
Gachibowli,Hyderabad,Nagier s,₹14.00 Cr,7000 sqft,"₹20,000/sqft",4 BHK,5,Apartment,Semi-Furnished,nobroker.in,2026-02-25 15:44:33
NCC Urban Gardenia,Hyderabad,"NCC Urban Gardenia, Gachibowli",₹5.50 Cr,3500 sqft,"₹15,714/sqft",4 BHK,4,Apartment,Semi-Furnished,nobroker.in,2026-02-25 15:44:33
Gachibowli,Hyderabad,NCC Urban Gardenia,₹5.75 Cr,3447 sqft,"₹16,681/sqft",4 BHK,4,Apartment,Furnished,nobroker.in,2026-02-25 15:44:33
Gachibowli,Hyderabad,NCC Urban Gardenia,₹6.72 Cr,4200 sqft,"₹16,000/sqft",4 BHK,5,Apartment,Semi-Furnished,nobroker.in,2026-02-25 15:44:33
Gachibowli,Hyderabad,Valley Apartment,₹95.00 L,1050 sqft,"₹9,048/sqft",2 BHK,2,Apartment,Semi-Furnished,nobroker.in,2026-02-25 15:44:33
Gachibowli,Hyderabad,Babukhan Solitaire,₹1.50 Cr,1500 sqft,"₹10,000/sqft",3 BHK,3,Apartment,Semi-Furnished,nobroker.in,2026-02-25 15:44:33
Gachibowli,Hyderabad,Babukhan Solitaire,₹1.20 Cr,1342 sqft,"₹8,942/sqft",2 BHK,2,Apartment,Semi-Furnished,nobroker.in,2026-02-25 15:44:33
Gachibowli,Hyderabad,Babukhan Solitaire,₹1.32 Cr,1325 sqft,"₹10,000/sqft",2 BHK,2,Apartment,Semi-Furnished,nobroker.in,2026-02-25 15:44:33
Gachibowli,Hyderabad,"Suprabhat NVS Height, Gachibowli",₹2.25 Cr,2225 sqft,"₹10,112/sqft",3 BHK,3,Apartment,Semi-Furnished,nobroker.in,2026-02-25 15:44:33
Gachibowli,Hyderabad,Theme Ambience Golf View Apartment,₹1.30 Cr,843 sqft,"₹15,421/sqft",2 BHK,1,Apartment,NOT_FURNISHED,nobroker.in,2026-02-25 15:44:33
Gachibowli,Hyderabad,Theme Ambience Golf View Apartment,₹1.25 Cr,1130 sqft,"₹11,062/sqft",2 BHK,2,Apartment,Furnished,nobroker.in,2026-02-25 15:44:33
Gachibowli,Hyderabad,Aliens Valley Apartment,₹1.20 Cr,1122 sqft,"₹10,695/sqft",2 BHK,2,Apartment,NOT_FURNISHED,nobroker.in,2026-02-25 15:44:37
Gachibowli,Hyderabad,Gauthami Iconia,₹2.80 Cr,2940 sqft,"₹9,524/sqft",4 BHK,4,Apartment,Semi-Furnished,nobroker.in,2026-02-25 15:44:37
HITEC City,Hyderabad,Sushant heights,₹4.89 Cr,3260 sqft,"₹15,000/sqft",4 BHK,4,Apartment,Furnished,nobroker.in,2026-02-25 15:44:37
Gachibowli,Hyderabad,Mokshagna Castle,₹1.50 Cr,1750 sqft,"₹8,571/sqft",3 BHK,3,Apartment,Furnished,nobroker.in,2026-02-25 15:44:37
Gachibowli,Hyderabad,Mokshagna Castle,₹1.06 Cr,1443 sqft,"₹7,346/sqft",3 BHK,3,Apartment,Semi-Furnished,nobroker.in,2026-02-25 15:44:37
"Gachibowli, Hyderabad",Hyderabad,"Meenakshi Trident Towers, Gachibowli, Hyderabad",₹5.00 Cr,3165 sqft,"₹15,798/sqft",3 BHK,3,Apartment,Furnished,nobroker.in,2026-02-25 15:44:37
Gachibowli,Hyderabad,"Magna Magnum Opus Apartment, Gachibowli",₹1.30 Cr,1255 sqft,"₹10,359/sqft",2 BHK,2,Apartment,Semi-Furnished,nobroker.in,2026-02-25 15:44:37
Gachibowli,Hyderabad,Havya Danish Heights,₹87.24 L,1540 sqft,"₹5,665/sqft",3 BHK,3,Apartment,NOT_FURNISHED,nobroker.in,2026-02-25 15:44:37
Gachibowli,Hyderabad,central paradise,₹1.50 Cr,1600 sqft,"₹9,375/sqft",3 BHK,3,Apartment,Semi-Furnished,nobroker.in,2026-02-25 15:44:37
Gachibowli,Hyderabad,"Magnum Opus Apartments, Gachibowli",₹2.00 Cr,2035 sqft,"₹9,828/sqft",3 BHK,3,Apartment,Furnished,nobroker.in,2026-02-25 15:44:37
HITEC City,Hyderabad,sai anu avenue,₹1.50 Cr,1200 sqft,"₹12,500/sqft",2 BHK,2,Apartment,Semi-Furnished,nobroker.in,2026-02-25 15:44:37
HITEC City,Hyderabad,Independent House,₹1.00 Cr,650 sqft,"₹15,385/sqft",1 BHK,1,Apartment,NOT_FURNISHED,nobroker.in,2026-02-25 15:44:37
HITEC City,Hyderabad,sri sai siri,₹3.20 Cr,4440 sqft,"₹7,207/sqft",4 BHK,6,Apartment,Semi-Furnished,nobroker.in,2026-02-25 15:44:37
Supat Gwalior,Hyderabad,Independent House,₹70.00 L,540 sqft,"₹12,963/sqft",1 BHK,1,Apartment,Semi-Furnished,nobroker.in,2026-02-25 15:44:37
Madhapur,Hyderabad,madhu residency,₹2.50 Cr,2170 sqft,"₹11,521/sqft",3 BHK,3,Apartment,Semi-Furnished,nobroker.in,2026-02-25 15:44:37
Patrikanagar madhapur,Hyderabad,Siri sampadha,₹1.70 Cr,1860 sqft,"₹9,140/sqft",3 BHK,3,Apartment,Semi-Furnished,nobroker.in,2026-02-25 15:44:37
Gachibowli,Hyderabad,Ramky Towers Elite,₹2.90 Cr,2410 sqft,"₹12,033/sqft",3 BHK,3,Apartment,Semi-Furnished,nobroker.in,2026-02-25 15:44:37
Gachibowli,Hyderabad,Ramky Towers Elite,₹3.02 Cr,2420 sqft,"₹12,500/sqft",3 BHK,3,Apartment,Semi-Furnished,nobroker.in,2026-02-25 15:44:37
Madhapur,Hyderabad,Quiescent Heights,₹4.00 Cr,3260 sqft,"₹12,270/sqft",4 BHK,4,Apartment,NOT_FURNISHED,nobroker.in,2026-02-25 15:44:37
Madhapur,Hyderabad,Kohinoor,₹2.00 Cr,1166 sqft,"₹17,153/sqft",2 BHK,2,Apartment,NOT_FURNISHED,nobroker.in,2026-02-25 15:44:37
HITEC City,Hyderabad,"NCC Urban Gardenia, Gachibowli",₹6.00 Cr,3400 sqft,"₹17,647/sqft",4 BHK,4,Apartment,Semi-Furnished,nobroker.in,2026-02-25 15:44:37
Gachibowli,Hyderabad,R K Mythri Apartment,₹60.00 L,1000 sqft,"₹6,000/sqft",2 BHK,2,Apartment,Semi-Furnished,nobroker.in,2026-02-25 15:44:37
Hi Tech City,Hyderabad,"Aditya Capitol Heights, Hi Tech City",₹1.75 Cr,2025 sqft,"₹8,642/sqft",3 BHK,3,Apartment,NOT_FURNISHED,nobroker.in,2026-02-25 15:44:37
"HITEC City,",Hyderabad,standalone building,₹11.00 Cr,16000 sqft,"₹6,875/sqft",4 BHK,32,Apartment,NOT_FURNISHED,nobroker.in,2026-02-25 15:44:37
Hitech City,Hyderabad,Myscape Sanctuary,₹1.55 Cr,1350 sqft,"₹11,481/sqft",2 BHK,2,Apartment,Semi-Furnished,nobroker.in,2026-02-25 15:44:37
Cherlapalli,Hyderabad,Independent House,₹66.00 L,66 sqft,"₹100,000/sqft",2 BHK,4,Apartment,NOT_FURNISHED,nobroker.in,2026-02-25 15:45:08
Ashok Nagar,Hyderabad,tirumala residency,₹38.00 L,1000 sqft,"₹3,800/sqft",2 BHK,2,Apartment,Semi-Furnished,nobroker.in,2026-02-25 15:45:08
Mallapur,Hyderabad,AshokThirumala residency,₹38.00 L,1000 sqft,"₹3,800/sqft",2 BHK,2,Apartment,Semi-Furnished,nobroker.in,2026-02-25 15:45:08
Cherlapalli,Hyderabad,Tirumala Residency,₹30.00 L,850 sqft,"₹3,529/sqft",2 BHK,2,Apartment,NOT_FURNISHED,nobroker.in,2026-02-25 15:45:08
Mallapur,Hyderabad,Independent House,₹65.00 L,1080 sqft,"₹6,019/sqft",2 BHK,2,Apartment,NOT_FURNISHED,nobroker.in,2026-02-25 15:45:08
Ashok Nagar Mallapur,Hyderabad,Independent House,₹26.00 L,650 sqft,"₹4,000/sqft",2 BHK,1,Apartment,NOT_FURNISHED,nobroker.in,2026-02-25 15:45:08
Cherlapalli,Hyderabad,Independent House,₹1.00 Cr,1980 sqft,"₹5,051/sqft",4 BHK,4,Apartment,NOT_FURNISHED,nobroker.in,2026-02-25 15:45:08
Mallapur,Hyderabad,Independent House,₹23.00 L,500 sqft,"₹4,600/sqft",1 BHK,2,Apartment,NOT_FURNISHED,nobroker.in,2026-02-25 15:45:08
Mallapur,Hyderabad,Independent House,₹35.00 L,153 sqft,"₹22,876/sqft",1 RK,1,Apartment,NOT_FURNISHED,nobroker.in,2026-02-25 15:45:08
Cherlapalli,Hyderabad,Independent House,₹1.50 Cr,1500 sqft,"₹10,000/sqft",4 BHK,5,Apartment,NOT_FURNISHED,nobroker.in,2026-02-25 15:45:08
"8-3, Ashok Nagar, Mallapur, Secunderabad, Telangana 500051, India",Hyderabad,Independent House,₹37.00 L,693 sqft,"₹5,339/sqft",1 BHK,1,Apartment,Semi-Furnished,nobroker.in,2026-02-25 15:45:08
Cherlapalli,Hyderabad,Standalone Building,₹60.00 L,1800 sqft,"₹3,333/sqft",3 BHK,4,Apartment,NOT_FURNISHED,nobroker.in,2026-02-25 15:45:08
Mallapur,Hyderabad,apartment,₹7.00 L,800 sqft,₹875/sqft,2 BHK,2,Apartment,NOT_FURNISHED,nobroker.in,2026-02-25 15:45:08
Marriguda Pochamma Temple,Hyderabad,Standalone Building,₹90.00 L,1000 sqft,"₹9,000/sqft",4 BHK,8,Apartment,Semi-Furnished,nobroker.in,2026-02-25 15:45:08
Marriguda,Hyderabad,Independent House,₹80.00 L,900 sqft,"₹8,889/sqft",2 BHK,1,Apartment,NOT_FURNISHED,nobroker.in,2026-02-25 15:45:08
Marriguda,Hyderabad,SB,₹95.00 L,3000 sqft,"₹3,167/sqft",4 BHK,8,Apartment,NOT_FURNISHED,nobroker.in,2026-02-25 15:45:08
Mallapur,Hyderabad,Independent House,₹1.20 Cr,1200 sqft,"₹10,000/sqft",2 BHK,2,Apartment,Semi-Furnished,nobroker.in,2026-02-25 15:45:08
Mallapur,Hyderabad,standalone,₹65.00 L,1300 sqft,"₹5,000/sqft",3 BHK,3,Apartment,NOT_FURNISHED,nobroker.in,2026-02-25 15:45:08
Mallapur,Hyderabad,Independent House,₹50.00 L,909 sqft,"₹5,501/sqft",1 BHK,2,Apartment,NOT_FURNISHED,nobroker.in,2026-02-25 15:45:08
Mallapur,Hyderabad,Sumithra Homes,₹66.00 L,1168 sqft,"₹5,651/sqft",2 BHK,2,Apartment,Semi-Furnished,nobroker.in,2026-02-25 15:45:08
Mallapur,Hyderabad,Independent House,₹20.00 L,411 sqft,"₹4,866/sqft",1 BHK,1,Apartment,Semi-Furnished,nobroker.in,2026-02-25 15:45:08
Mallapur,Hyderabad,Independent House,₹1.50 Cr,3600 sqft,"₹4,167/sqft",4 BHK,8,Apartment,NOT_FURNISHED,nobroker.in,2026-02-25 15:45:08
Mallapur,Hyderabad,Maruthi Meadows,₹72.00 L,1180 sqft,"₹6,102/sqft",2 BHK,2,Apartment,Semi-Furnished,nobroker.in,2026-02-25 15:45:08
Cherlapalli,Hyderabad,Independent House,₹75.00 L,200 sqft,"₹37,500/sqft",1 RK,1,Apartment,NOT_FURNISHED,nobroker.in,2026-02-25 15:45:08
Mallapur,Hyderabad,Independent House,₹2.10 Cr,3760 sqft,"₹5,585/sqft",4 BHK,5,Apartment,Semi-Furnished,nobroker.in,2026-02-25 15:45:08
Mallapur,Hyderabad,Skt Vishnu Srinivasam apartments,₹52.00 L,850 sqft,"₹6,118/sqft",2 BHK,2,Apartment,Semi-Furnished,nobroker.in,2026-02-25 15:45:08
Cherlapalli,Hyderabad,standalone building,₹1.10 Cr,800 sqft,"₹13,750/sqft",2 BHK,2,Apartment,NOT_FURNISHED,nobroker.in,2026-02-25 15:45:11
Mallapur,Hyderabad,Skt Vishnu Srinivasam Apartments,₹50.00 L,1000 sqft,"₹5,000/sqft",2 BHK,2,Apartment,NOT_FURNISHED,nobroker.in,2026-02-25 15:45:11
Mallapur,Hyderabad,SKT Vishnu Srinivasam Apartments,₹90.00 L,1000 sqft,"₹9,000/sqft",2 BHK,1,Apartment,Furnished,nobroker.in,2026-02-25 15:45:11
Mallapur,Hyderabad,Gulmohar Gardens By Modi Builders,₹85.80 L,1300 sqft,"₹6,600/sqft",3 BHK,2,Apartment,Semi-Furnished,nobroker.in,2026-02-25 15:45:11
Mallapur,Hyderabad,Gulmohar Gardens Phase 2,₹70.00 L,1400 sqft,"₹5,000/sqft",2 BHK,2,Apartment,Semi-Furnished,nobroker.in,2026-02-25 15:45:11
Mallapur,Hyderabad,Gulmohar Gardens,₹82.00 L,1320 sqft,"₹6,212/sqft",3 BHK,2,Apartment,Semi-Furnished,nobroker.in,2026-02-25 15:45:11
Mallapur,Hyderabad,Gulmohar Gardens Apartments Blocks A to F,₹37.50 L,750 sqft,"₹5,000/sqft",2 BHK,2,Apartment,Semi-Furnished,nobroker.in,2026-02-25 15:45:11
Mallapur,Hyderabad,Independent House,₹60.00 L,450 sqft,"₹13,333/sqft",1 BHK,2,Apartment,NOT_FURNISHED,nobroker.in,2026-02-25 15:45:11
Mallapur,Hyderabad,Standalone Building,₹1.50 Cr,2664 sqft,"₹5,631/sqft",4 BHK,11,Apartment,Semi-Furnished,nobroker.in,2026-02-25 15:45:11
Mallapur,Hyderabad,Gulmohar Gardens Phase 2,₹70.00 L,1400 sqft,"₹5,000/sqft",3 BHK,2,Apartment,Semi-Furnished,nobroker.in,2026-02-25 15:45:11
"Gulmohar Gardens Apartments, Blocks A to F",Hyderabad,Gulmohar gardens,₹48.00 L,975 sqft,"₹4,923/sqft",2 BHK,2,Apartment,Semi-Furnished,nobroker.in,2026-02-25 15:45:11
Mallapur,Hyderabad,Skt Vishnu Srinivasam Apartments,₹48.00 L,1000 sqft,"₹4,800/sqft",2 BHK,2,Apartment,Furnished,nobroker.in,2026-02-25 15:45:11
Mallapur,Hyderabad,Gulmohar Garden,₹85.00 L,1320 sqft,"₹6,439/sqft",3 BHK,2,Apartment,Semi-Furnished,nobroker.in,2026-02-25 15:45:11
Mallapur,Hyderabad,Gulmohar Gardens,₹75.00 L,1300 sqft,"₹5,769/sqft",3 BHK,2,Apartment,Furnished,nobroker.in,2026-02-25 15:45:11
Mallapur,Hyderabad,Gulmohar Gardens By Modi Builders,₹1.20 Cr,1360 sqft,"₹8,824/sqft",3 BHK,2,Apartment,Furnished,nobroker.in,2026-02-25 15:45:11
Mallapur,Hyderabad,Gulmohar Gardens By Modi Builders,₹60.00 L,975 sqft,"₹6,154/sqft",2 BHK,2,Apartment,Semi-Furnished,nobroker.in,2026-02-25 15:45:11
Mallapur,Hyderabad,Gulmohar Gardens By Modi Builders,₹60.00 L,750 sqft,"₹8,000/sqft",2 BHK,2,Apartment,Semi-Furnished,nobroker.in,2026-02-25 15:45:11
"Gulmohar Gardens Apartments, Blocks A to F",Hyderabad,"Gulmohar Gardens By Modi Builders, Mallapur",₹59.00 L,975 sqft,"₹6,051/sqft",2 BHK,2,Apartment,NOT_FURNISHED,nobroker.in,2026-02-25 15:45:11
Mallapur,Hyderabad,Gulmohar Gardens By Modi Builders,₹57.00 L,1150 sqft,"₹4,957/sqft",3 BHK,2,Apartment,NOT_FURNISHED,nobroker.in,2026-02-25 15:45:11
Mallapur,Hyderabad,"Gulmohar Gardens By Modi Builders, Mallapur",₹41.00 L,750 sqft,"₹5,467/sqft",2 BHK,2,Apartment,Semi-Furnished,nobroker.in,2026-02-25 15:45:11
Mallapur,Hyderabad,Independent House,₹2.50 Cr,1750 sqft,"₹14,286/sqft",2 BHK,3,Apartment,Furnished,nobroker.in,2026-02-25 15:45:11
Mallapur,Hyderabad,Gulmohar Gardens By Modi Builders,₹57.00 L,970 sqft,"₹5,876/sqft",2 BHK,2,Apartment,Semi-Furnished,nobroker.in,2026-02-25 15:45:11
Mallapur,Hyderabad,"Gulmohar Gardens By Modi Builders, Mallapur",₹81.00 L,1300 sqft,"₹6,231/sqft",3 BHK,2,Apartment,Semi-Furnished,nobroker.in,2026-02-25 15:45:11
Mallapur,Hyderabad,stand alone building,₹2.50 Cr,2700 sqft,"₹9,259/sqft",4 BHK,10,Apartment,NOT_FURNISHED,nobroker.in,2026-02-25 15:45:11
New Vivek Nagar Colony,Hyderabad,venkateshwara delux,₹65.00 L,1000 sqft,"₹6,500/sqft",2 BHK,2,Apartment,Furnished,nobroker.in,2026-02-25 15:45:47
"Dhatu Nagar,",Hyderabad,Independent House,₹90.00 L,892 sqft,"₹10,090/sqft",2 BHK,1,Apartment,NOT_FURNISHED,nobroker.in,2026-02-25 15:45:47
Jillalguda,Hyderabad,Sree Shiva Sai Arcade,₹60.00 L,1056 sqft,"₹5,682/sqft",2 BHK,2,Apartment,NOT_FURNISHED,nobroker.in,2026-02-25 15:45:47
Jillalguda,Hyderabad,satya heights,₹40.00 L,1000 sqft,"₹4,000/sqft",2 BHK,2,Apartment,Semi-Furnished,nobroker.in,2026-02-25 15:45:47
Domino,Hyderabad,Independent House,₹1.15 Cr,830 sqft,"₹13,855/sqft",2 BHK,2,Apartment,NOT_FURNISHED,nobroker.in,2026-02-25 15:45:47
Balapur,Hyderabad,ASR Residency,₹45.00 L,1150 sqft,"₹3,913/sqft",2 BHK,2,Apartment,Furnished,nobroker.in,2026-02-25 15:45:47
Medbowli,Hyderabad,jlnr residency,₹50.00 L,1070 sqft,"₹4,673/sqft",2 BHK,2,Apartment,NOT_FURNISHED,nobroker.in,2026-02-25 15:45:47
Meerpet,Hyderabad,Jlnr Residency,₹70.00 L,1260 sqft,"₹5,556/sqft",2 BHK,2,Apartment,Semi-Furnished,nobroker.in,2026-02-25 15:45:47
Kanchan Bagh,Hyderabad,Jaya shekara residency,₹50.00 L,1065 sqft,"₹4,695/sqft",2 BHK,2,Apartment,Semi-Furnished,nobroker.in,2026-02-25 15:45:47
Kanchan Bagh,Hyderabad,dharthi nivas,₹32.00 L,750 sqft,"₹4,267/sqft",1 BHK,1,Apartment,NOT_FURNISHED,nobroker.in,2026-02-25 15:45:47
Kanchan Bagh,Hyderabad,Dhatri Nivas,₹43.00 L,1100 sqft,"₹3,909/sqft",2 BHK,2,Apartment,NOT_FURNISHED,nobroker.in,2026-02-25 15:45:47
Kanchan Bagh,Hyderabad,Dharti Niwas,₹32.00 L,750 sqft,"₹4,267/sqft",1 BHK,1,Apartment,NOT_FURNISHED,nobroker.in,2026-02-25 15:45:47
Kanchanbagh,Hyderabad,ASR Residency,₹55.00 L,1150 sqft,"₹4,783/sqft",2 BHK,2,Apartment,NOT_FURNISHED,nobroker.in,2026-02-25 15:45:47
balapur,Hyderabad,Independent House,₹82.00 L,1020 sqft,"₹8,039/sqft",2 BHK,2,Apartment,NOT_FURNISHED,nobroker.in,2026-02-25 15:45:47
"Sri Datta Nagar, Dhatu Nagar, Kanchan Bagh",Hyderabad,Independent House,₹1.90 Cr,1500 sqft,"₹12,667/sqft",3 BHK,3,Apartment,Semi-Furnished,nobroker.in,2026-02-25 15:45:47
Dhakshni Harmony,Hyderabad,Dakshini Harmony Apartment,₹48.00 L,1050 sqft,"₹4,571/sqft",2 BHK,2,Apartment,Furnished,nobroker.in,2026-02-25 15:45:47
Kanchan Bagh,Hyderabad,Dakshini Harmony,₹80.00 L,1750 sqft,"₹4,571/sqft",3 BHK,2,Apartment,Furnished,nobroker.in,2026-02-25 15:45:47
Kanchan Bagh,Hyderabad,Dakshini Harmony,₹50.00 L,1075 sqft,"₹4,651/sqft",2 BHK,2,Apartment,Semi-Furnished,nobroker.in,2026-02-25 15:45:47
"40, Mithila Nagar, Hyderabad, Meerpet, Telangana 500097, India",Hyderabad,"Vista Grande, Jillelguda",₹64.00 L,1056 sqft,"₹6,061/sqft",2 BHK,2,Apartment,Furnished,nobroker.in,2026-02-25 15:45:47
Jillalguda,Hyderabad,standalone building,₹70.00 L,2620 sqft,"₹2,672/sqft",4 BHK,4,Apartment,NOT_FURNISHED,nobroker.in,2026-02-25 15:45:47
Jillalguda,Hyderabad,sri venkateswara deluxe,₹65.00 L,1220 sqft,"₹5,328/sqft",2 BHK,2,Apartment,Semi-Furnished,nobroker.in,2026-02-25 15:45:47
Kanchanbagh,Hyderabad,Apartment,₹97.00 L,1670 sqft,"₹5,808/sqft",3 BHK,2,Apartment,NOT_FURNISHED,nobroker.in,2026-02-25 15:45:47
Kanchan Bagh,Hyderabad,"Swarna Nilayam, Kanchan Bagh",₹1.09 Cr,1671 sqft,"₹6,502/sqft",3 BHK,2,Apartment,Semi-Furnished,nobroker.in,2026-02-25 15:45:47
Jillalguda,Hyderabad,SITANEST,₹50.00 L,1050 sqft,"₹4,762/sqft",2 BHK,2,Apartment,Furnished,nobroker.in,2026-02-25 15:45:47
Meerpet,Hyderabad,Sri Shiva Sai plaza,₹38.00 L,1085 sqft,"₹3,502/sqft",2 BHK,2,Apartment,Semi-Furnished,nobroker.in,2026-02-25 15:45:47
meerpet,Hyderabad,Independent House,₹1.50 Cr,1500 sqft,"₹10,000/sqft",4 BHK,4,Apartment,NOT_FURNISHED,nobroker.in,2026-02-25 15:45:47
Jillalguda,Hyderabad,Independent House,₹2.40 Cr,2250 sqft,"₹10,667/sqft",4 BHK,6,Apartment,Furnished,nobroker.in,2026-02-25 15:45:50
"Virat Nagar Colony Park, Virat Nagar, Kanchan Bagh, Hyderabad, Rangareddy, Telangana, India",Hyderabad,Independent House,₹1.75 Cr,2100 sqft,"₹8,333/sqft",4 BHK,3,Apartment,NOT_FURNISHED,nobroker.in,2026-02-25 15:45:50
Jillelaguda,Hyderabad,Sai Srinivasam Apartments,₹80.00 L,1134 sqft,"₹7,055/sqft",2 BHK,2,Apartment,Furnished,nobroker.in,2026-02-25 15:45:50
"8-3-1-LE-25, Virat Nagar, Kanchan Bagh, Hyderabad, Telangana 500097, India",Hyderabad,Independent House,₹1.80 Cr,1494 sqft,"₹12,048/sqft",3 BHK,4,Apartment,NOT_FURNISHED,nobroker.in,2026-02-25 15:45:50
Jillelaguda DNR colony,Hyderabad,Independent House,₹54.00 L,600 sqft,"₹9,000/sqft",2 BHK,3,Apartment,NOT_FURNISHED,nobroker.in,2026-02-25 15:45:50
Kanchan Bagh,Hyderabad,Independent House,₹1.20 Cr,2700 sqft,"₹4,444/sqft",4 BHK,5,Apartment,NOT_FURNISHED,nobroker.in,2026-02-25 15:45:50
Dasari Narayana Rao Kala Nagar,Hyderabad,Independent House,₹98.00 L,2848 sqft,"₹3,441/sqft",2 BHK,8,Apartment,NOT_FURNISHED,nobroker.in,2026-02-25 15:45:50
Kanchan Bagh,Hyderabad,Standalone Building,₹3.20 Cr,7750 sqft,"₹4,129/sqft",4 BHK,10,Apartment,NOT_FURNISHED,nobroker.in,2026-02-25 15:45:50
"2/6, Kala Nagar, New Vivek Nagar Colony, Hyderabad, Medbowli, Telangana 500097, India",Hyderabad,Independent House,₹3.15 Cr,2641 sqft,"₹11,927/sqft",4 BHK,4,Apartment,Semi-Furnished,nobroker.in,2026-02-25 15:45:50
"Dhatu Nagar, Kanchan Bagh",Hyderabad,Dakshini harmony,₹1.00 Cr,2000 sqft,"₹5,000/sqft",4 BHK,2,Apartment,Furnished,nobroker.in,2026-02-25 15:45:50
"Dhatu Nagar, Kanchan Bagh",Hyderabad,Zytex apartment,₹75.00 L,1800 sqft,"₹4,167/sqft",3 BHK,3,Apartment,NOT_FURNISHED,nobroker.in,2026-02-25 15:45:50
Balapur,Hyderabad,Independent House,₹1.00 Cr,1197 sqft,"₹8,354/sqft",2 BHK,2,Apartment,NOT_FURNISHED,nobroker.in,2026-02-25 15:45:50
Jillalguda,Hyderabad,Independent House,₹80.00 L,500 sqft,"₹16,000/sqft",1 BHK,2,Apartment,NOT_FURNISHED,nobroker.in,2026-02-25 15:45:50
Kanchan Bagh,Hyderabad,Guru Datta Residency,₹95.40 L,1590 sqft,"₹6,000/sqft",3 BHK,3,Apartment,Semi-Furnished,nobroker.in,2026-02-25 15:45:50
"Meerpet,",Hyderabad,Lake View Meadow And Lake Vista Meadow,₹58.00 L,1075 sqft,"₹5,395/sqft",2 BHK,2,Apartment,NOT_FURNISHED,nobroker.in,2026-02-25 15:45:50
Balapur,Hyderabad,Independent House,₹1.20 Cr,4800 sqft,"₹2,500/sqft",4 BHK,8,Apartment,Semi-Furnished,nobroker.in,2026-02-25 15:45:50
Meerpet,Hyderabad,Lake View Meadow And Lake Vista Meadow,₹66.50 L,1070 sqft,"₹6,215/sqft",2 BHK,2,Apartment,Semi-Furnished,nobroker.in,2026-02-25 15:45:50
Jillalguda,Hyderabad,swathi residency,₹68.00 L,1200 sqft,"₹5,667/sqft",2 BHK,2,Apartment,Furnished,nobroker.in,2026-02-25 15:45:50
Jillelguda Lake Park &#40;Chandana cheruvu&#41;,Hyderabad,Sri Venkateswara Deluxe Residency. Jillalguda,₹55.00 L,1215 sqft,"₹4,527/sqft",2 BHK,2,Apartment,Semi-Furnished,nobroker.in,2026-02-25 15:45:50
Jillalguda,Hyderabad,Independent House,₹2.80 Cr,2300 sqft,"₹12,174/sqft",3 BHK,4,Apartment,NOT_FURNISHED,nobroker.in,2026-02-25 15:45:50
Jillelguda,Hyderabad,satya heights,₹58.00 L,1480 sqft,"₹3,919/sqft",3 BHK,3,Apartment,Semi-Furnished,nobroker.in,2026-02-25 15:45:50
Jillalguda,Hyderabad,Independent House,₹3.00 Cr,4320 sqft,"₹6,944/sqft",4 BHK,3,Apartment,Semi-Furnished,nobroker.in,2026-02-25 15:45:50
Kanchan Bagh,Hyderabad,Independent House,₹2.50 Cr,3000 sqft,"₹8,333/sqft",4 BHK,5,Apartment,Semi-Furnished,nobroker.in,2026-02-25 15:45:50
Jillelaguda,Hyderabad,standalone building,₹2.50 Cr,4000 sqft,"₹6,250/sqft",4 BHK,6,Apartment,Semi-Furnished,nobroker.in,2026-02-25 15:45:50
Kanchan Bagh,Hyderabad,Standalone Building,₹45.00 L,1075 sqft,"₹4,186/sqft",2 BHK,2,Apartment,Semi-Furnished,nobroker.in,2026-02-25 15:45:50
koti,Hyderabad,rajeshwari yamuna bhai,₹1.20 Cr,1330 sqft,"₹9,023/sqft",2 BHK,2,Apartment,Furnished,nobroker.in,2026-02-25 15:43:53
Bandlaguda Jagir,Hyderabad,standalone building,₹52.00 L,1200 sqft,"₹4,333/sqft",3 BHK,3,Apartment,Furnished,nobroker.in,2026-02-25 15:43:53
Badangpet,Hyderabad,Independent House,₹1.13 Cr,1440 sqft,"₹7,847/sqft",2 BHK,3,Apartment,Furnished,nobroker.in,2026-02-25 15:43:53
Kukatpally,Hyderabad,standalone building,₹2.50 Cr,3600 sqft,"₹6,944/sqft",4 BHK,8,Apartment,NOT_FURNISHED,nobroker.in,2026-02-25 15:43:53
Boudhanagar Colony,Hyderabad,BOUDHA NAGAR Warasiguda,₹55.00 L,800 sqft,"₹6,875/sqft",2 BHK,2,Apartment,NOT_FURNISHED,nobroker.in,2026-02-25 15:43:53
Hyderabad,Hyderabad,Skyline homes,₹48.00 L,1215 sqft,"₹3,951/sqft",2 BHK,2,Apartment,NOT_FURNISHED,nobroker.in,2026-02-25 15:43:53
Gachibowli,Hyderabad,Supriya Splendour,₹1.35 Cr,1500 sqft,"₹9,000/sqft",3 BHK,3,Apartment,Semi-Furnished,nobroker.in,2026-02-25 15:43:53
Bandlaguda Jagir,Hyderabad,Sunrise Residency,₹50.00 L,1200 sqft,"₹4,167/sqft",3 BHK,2,Apartment,Semi-Furnished,nobroker.in,2026-02-25 15:43:53
Hayathnagar_Khalsa,Hyderabad,apt,₹78.00 L,1610 sqft,"₹4,845/sqft",3 BHK,3,Apartment,Semi-Furnished,nobroker.in,2026-02-25 15:43:53
"Hayathnagar_Khalsa,",Hyderabad,APT,₹78.00 L,1610 sqft,"₹4,845/sqft",3 BHK,3,Apartment,NOT_FURNISHED,nobroker.in,2026-02-25 15:43:53
Kachiguda,Hyderabad,Independent House,₹1.05 Cr,910 sqft,"₹11,538/sqft",4 BHK,2,Apartment,Semi-Furnished,nobroker.in,2026-02-25 15:43:53
Boudha Nagar,Hyderabad,Independent House,₹1.00 Cr,750 sqft,"₹13,333/sqft",2 BHK,2,Apartment,NOT_FURNISHED,nobroker.in,2026-02-25 15:43:53
Koti,Hyderabad,sugundha bhai nilayam,₹55.00 L,900 sqft,"₹6,111/sqft",2 BHK,2,Apartment,NOT_FURNISHED,nobroker.in,2026-02-25 15:43:53
Jeedimetla,Hyderabad,suvarnageri height,₹78.00 L,1200 sqft,"₹6,500/sqft",2 BHK,2,Apartment,Furnished,nobroker.in,2026-02-25 15:43:53
"Secundrabad, Hyderabad.",Hyderabad,shakuntala nilayam,₹65.00 L,1100 sqft,"₹5,909/sqft",2 BHK,2,Apartment,NOT_FURNISHED,nobroker.in,2026-02-25 15:43:53
Koti,Hyderabad,Independent House,₹1.20 Cr,1600 sqft,"₹7,500/sqft",4 BHK,3,Apartment,NOT_FURNISHED,nobroker.in,2026-02-25 15:43:53
Koti,Hyderabad,Baddam Dasaratha Goud Homes,₹48.00 L,800 sqft,"₹6,000/sqft",2 BHK,2,Apartment,NOT_FURNISHED,nobroker.in,2026-02-25 15:43:53
Koti,Hyderabad,Independent House,₹3.25 Cr,4750 sqft,"₹6,842/sqft",4 BHK,8,Apartment,Semi-Furnished,nobroker.in,2026-02-25 15:43:53
Koti,Hyderabad,Independent House,₹1.50 Cr,2000 sqft,"₹7,500/sqft",4 BHK,8,Apartment,Furnished,nobroker.in,2026-02-25 15:43:53
Champapet,Hyderabad,Apartment,₹40.00 L,850 sqft,"₹4,706/sqft",2 BHK,2,Apartment,NOT_FURNISHED,nobroker.in,2026-02-25 15:43:53
Kachiguda,Hyderabad,Independent House,₹1.70 Cr,3000 sqft,"₹5,667/sqft",4 BHK,3,Apartment,Semi-Furnished,nobroker.in,2026-02-25 15:43:53
Jambagh,Hyderabad,RK INCLUVES,₹2.40 Cr,2400 sqft,"₹10,000/sqft",4 BHK,4,Apartment,Furnished,nobroker.in,2026-02-25 15:43:53
Koti,Hyderabad,apartment,₹45.00 L,700 sqft,"₹6,429/sqft",2 BHK,1,Apartment,Semi-Furnished,nobroker.in,2026-02-25 15:43:53
"Esamiya Bazaar, Koti",Hyderabad,Independent House,₹2.00 Cr,2970 sqft,"₹6,734/sqft",4 BHK,3,Apartment,NOT_FURNISHED,nobroker.in,2026-02-25 15:43:53
Koti,Hyderabad,Standalone Building,₹60.00 L,795 sqft,"₹7,547/sqft",2 BHK,2,Apartment,Semi-Furnished,nobroker.in,2026-02-25 15:43:53
Kachiguda,Hyderabad,Independent House,₹2.20 Cr,1494 sqft,"₹14,726/sqft",3 BHK,3,Apartment,Semi-Furnished,nobroker.in,2026-02-25 15:43:56
Esamia Bazar ganesh temple,Hyderabad,Standalone Building,₹1.80 Cr,4860 sqft,"₹3,704/sqft",4 BHK,9,Apartment,Semi-Furnished,nobroker.in,2026-02-25 15:43:56
Kutbi Guda,Hyderabad,Independent House,₹64.00 L,620 sqft,"₹10,323/sqft",2 BHK,1,Apartment,NOT_FURNISHED,nobroker.in,2026-02-25 15:43:56
Champapet,Hyderabad,standalone building,₹2.00 Cr,4000 sqft,"₹5,000/sqft",3 BHK,3,Apartment,Semi-Furnished,nobroker.in,2026-02-25 15:43:56
Koti,Hyderabad,Independent House,₹65.00 L,351 sqft,"₹18,519/sqft",1 BHK,1,Apartment,NOT_FURNISHED,nobroker.in,2026-02-25 15:43:56
Sultan Bazar Juction Road,Hyderabad,Sai Bafna Towers,₹70.00 L,907 sqft,"₹7,718/sqft",2 BHK,2,Apartment,Semi-Furnished,nobroker.in,2026-02-25 15:43:56
Kachiguda,Hyderabad,Naveen homes,₹50.00 L,800 sqft,"₹6,250/sqft",2 BHK,2,Apartment,Semi-Furnished,nobroker.in,2026-02-25 15:43:56
Kachiguda,Hyderabad,Arun Apartment,₹50.00 L,950 sqft,"₹5,263/sqft",2 BHK,2,Apartment,Semi-Furnished,nobroker.in,2026-02-25 15:43:56
Kachiguda,Hyderabad,Independent House,₹90.00 L,1650 sqft,"₹5,455/sqft",4 BHK,2,Apartment,NOT_FURNISHED,nobroker.in,2026-02-25 15:43:56
Kachiguda,Hyderabad,sri vinayak bhavan,₹48.00 L,709 sqft,"₹6,770/sqft",2 BHK,2,Apartment,Semi-Furnished,nobroker.in,2026-02-25 15:43:56
"Sultan Bazar, Koti",Hyderabad,Independent House,₹70.00 L,600 sqft,"₹11,667/sqft",2 BHK,2,Apartment,NOT_FURNISHED,nobroker.in,2026-02-25 15:43:56
Sri Sai Sneha Kirana Stores,Hyderabad,Sreeman narayana nilayam,₹70.00 L,1100 sqft,"₹6,364/sqft",2 BHK,2,Apartment,NOT_FURNISHED,nobroker.in,2026-02-25 15:43:56
Navasakunta,Hyderabad,Independent House,₹55.00 L,900 sqft,"₹6,111/sqft",3 BHK,4,Apartment,NOT_FURNISHED,nobroker.in,2026-02-25 15:43:56
Kachiguda,Hyderabad,Independent House,₹60.00 L,585 sqft,"₹10,256/sqft",2 BHK,2,Apartment,NOT_FURNISHED,nobroker.in,2026-02-25 15:43:56
Nimboliadda,Hyderabad,HRD RESIDENCY,₹52.00 L,755 sqft,"₹6,887/sqft",2 BHK,2,Apartment,NOT_FURNISHED,nobroker.in,2026-02-25 15:43:56
Kachiguda,Hyderabad,classic elegant apartment,₹59.00 L,900 sqft,"₹6,556/sqft",2 BHK,2,Apartment,Semi-Furnished,nobroker.in,2026-02-25 15:43:56
Koti,Hyderabad,"Giriraj extension, k.s lane, sultan bazar",₹60.00 L,1125 sqft,"₹5,333/sqft",2 BHK,2,Apartment,Semi-Furnished,nobroker.in,2026-02-25 15:43:56
Kompally,Hyderabad,Aparna Palm Grove,₹3.20 Cr,2800 sqft,"₹11,429/sqft",4 BHK,4,Apartment,Semi-Furnished,nobroker.in,2026-02-25 15:43:56
Hyderabad,Hyderabad,Modi mayflower platinum,₹1.10 Cr,1500 sqft,"₹7,333/sqft",3 BHK,2,Apartment,Furnished,nobroker.in,2026-02-25 15:43:56
Narsingi,Hyderabad,Hallmark Vicinia,₹1.75 Cr,1416 sqft,"₹12,359/sqft",3 BHK,2,Apartment,Semi-Furnished,nobroker.in,2026-02-25 15:43:56
Hyderabad,Hyderabad,Green Wood Residency,₹90.00 L,1665 sqft,"₹5,405/sqft",3 BHK,3,Apartment,Furnished,nobroker.in,2026-02-25 15:43:56
Alkapur Twp,Hyderabad,"Pooja Crafted Homes, Magic Breeze",₹2.60 Cr,2915 sqft,"₹8,919/sqft",3 BHK,3,Apartment,Semi-Furnished,nobroker.in,2026-02-25 15:43:56
kachiduga,Hyderabad,JK Residency,₹1.00 Cr,1200 sqft,"₹8,333/sqft",3 BHK,3,Apartment,NOT_FURNISHED,nobroker.in,2026-02-25 15:43:56
Shiva Temple,Hyderabad,Venkateshwara Nilayam,₹75.00 L,1200 sqft,"₹6,250/sqft",2 BHK,2,Apartment,Semi-Furnished,nobroker.in,2026-02-25 15:43:56
Kutbi Guda,Hyderabad,krishnadham,₹70.00 L,1025 sqft,"₹6,829/sqft",2 BHK,1,Apartment,Semi-Furnished,nobroker.in,2026-02-25 15:43:56
Narayanguda,Hyderabad,Independent House,₹3.00 Cr,2650 sqft,"₹11,321/sqft",4 BHK,4,Apartment,NOT_FURNISHED,nobroker.in,2026-02-25 15:44:00
Narayanguda,Hyderabad,standalone building,₹3.00 Cr,4550 sqft,"₹6,593/sqft",4 BHK,9,Apartment,Semi-Furnished,nobroker.in,2026-02-25 15:44:00
"Narayanguda,",Hyderabad,Independent House,₹2.40 Cr,3024 sqft,"₹7,937/sqft",4 BHK,4,Apartment,NOT_FURNISHED,nobroker.in,2026-02-25 15:44:00
Narayanguda,Hyderabad,Independent House,₹3.50 Cr,3000 sqft,"₹11,667/sqft",4 BHK,6,Apartment,NOT_FURNISHED,nobroker.in,2026-02-25 15:44:00
Narayanguda,Hyderabad,Independent House,₹1.95 Cr,5400 sqft,"₹3,611/sqft",4 BHK,6,Apartment,NOT_FURNISHED,nobroker.in,2026-02-25 15:44:00
BARKATHPURA,Hyderabad,lezend apartments,₹1.74 Cr,1933 sqft,"₹9,000/sqft",3 BHK,3,Apartment,Semi-Furnished,nobroker.in,2026-02-25 15:44:00
narayanguda,Hyderabad,Laxmi Nilayam,₹40.00 L,400 sqft,"₹10,000/sqft",1 BHK,1,Apartment,Semi-Furnished,nobroker.in,2026-02-25 15:44:00
Narayanguda,Hyderabad,"Sri Tara Jeet Residency, Narayanguda",₹1.80 Cr,1660 sqft,"₹10,843/sqft",3 BHK,3,Apartment,Furnished,nobroker.in,2026-02-25 15:44:00
Narayanguda Metro Station,Hyderabad,Sriven Parthasarathi Abode,₹1.00 Cr,1170 sqft,"₹8,547/sqft",2 BHK,2,Apartment,NOT_FURNISHED,nobroker.in,2026-02-25 15:44:00
Hayathnagar_Khalsa,Hyderabad,Independent House,₹1.45 Cr,2100 sqft,"₹6,905/sqft",4 BHK,6,Apartment,NOT_FURNISHED,nobroker.in,2026-02-25 15:44:00
Narayanguda,Hyderabad,om sri rk enclave,₹52.00 L,950 sqft,"₹5,474/sqft",2 BHK,2,Apartment,NOT_FURNISHED,nobroker.in,2026-02-25 15:44:00
Narayanguda,Hyderabad,Kundan Towers,₹60.00 L,880 sqft,"₹6,818/sqft",2 BHK,2,Apartment,Semi-Furnished,nobroker.in,2026-02-25 15:44:00
Domalguda,Hyderabad,shyamala chandra apartments,₹4.00 Cr,1600 sqft,"₹25,000/sqft",3 BHK,3,Apartment,Semi-Furnished,nobroker.in,2026-02-25 15:44:00
Narayanguda,Hyderabad,Kundan towers,₹60.00 L,1000 sqft,"₹6,000/sqft",2 BHK,2,Apartment,Semi-Furnished,nobroker.in,2026-02-25 15:44:00
Narayanguda,Hyderabad,indra estates,₹1.70 Cr,2130 sqft,"₹7,981/sqft",3 BHK,3,Apartment,Furnished,nobroker.in,2026-02-25 15:44:00
Narayanguda,Hyderabad,Air Bus Apartments,₹1.50 Cr,2153 sqft,"₹6,967/sqft",4 BHK,6,Apartment,Semi-Furnished,nobroker.in,2026-02-25 15:44:00
Narayanguda,Hyderabad,Tirumala Sunbridge,₹45.00 L,900 sqft,"₹5,000/sqft",2 BHK,2,Apartment,Semi-Furnished,nobroker.in,2026-02-25 15:44:00
Narayanguda,Hyderabad,Gharonda Rajaram,₹1.48 Cr,1450 sqft,"₹10,207/sqft",3 BHK,3,Apartment,Furnished,nobroker.in,2026-02-25 15:44:00
Imperial Castle,Hyderabad,Imperial Castle,₹1.00 Cr,1400 sqft,"₹7,143/sqft",3 BHK,2,Apartment,Semi-Furnished,nobroker.in,2026-02-25 15:44:00
Narayanaguda,Hyderabad,apartment,₹1.20 Cr,3200 sqft,"₹3,750/sqft",3 BHK,3,Apartment,NOT_FURNISHED,nobroker.in,2026-02-25 15:44:00
Mehdipatnam,Hyderabad,Mithila Apartments,₹1.05 Cr,950 sqft,"₹11,053/sqft",3 BHK,2,Apartment,NOT_FURNISHED,nobroker.in,2026-02-25 15:44:00
Narayanguda,Hyderabad,Prashanthi Nilayam,₹40.00 L,700 sqft,"₹5,714/sqft",1 BHK,1,Apartment,NOT_FURNISHED,nobroker.in,2026-02-25 15:44:00
Narayanguda,Hyderabad,Prashanthi Nilayam,₹90.00 L,1200 sqft,"₹7,500/sqft",2 BHK,2,Apartment,Furnished,nobroker.in,2026-02-25 15:44:00
Hyderguda,Hyderabad,Suruchi Complex,₹50.00 L,1350 sqft,"₹3,704/sqft",3 BHK,3,Apartment,Semi-Furnished,nobroker.in,2026-02-25 15:44:00
Narayanguda,Hyderabad,Independent House,₹2.50 Cr,3500 sqft,"₹7,143/sqft",3 BHK,3,Apartment,NOT_FURNISHED,nobroker.in,2026-02-25 15:44:00
"Bagh Lingampalli, Narayanguda",Hyderabad,"Aditya Apartments, Saroornagar",₹70.00 L,1060 sqft,"₹6,604/sqft",2 BHK,2,Apartment,Semi-Furnished,nobroker.in,2026-02-25 15:44:00
Narayanguda,Hyderabad,Megacity Residency,₹1.00 Cr,1500 sqft,"₹6,667/sqft",3 BHK,3,Apartment,Semi-Furnished,nobroker.in,2026-02-25 15:44:03
Himayatnagar,Hyderabad,Independent House,₹68.00 L,876 sqft,"₹7,763/sqft",1 BHK,1,Apartment,Semi-Furnished,nobroker.in,2026-02-25 15:44:03
Narayanguda,Hyderabad,ahalaya enclave,₹1.30 Cr,1250 sqft,"₹10,400/sqft",3 BHK,3,Apartment,Furnished,nobroker.in,2026-02-25 15:44:03
"Himayatnagar,",Hyderabad,Preetham apartments,₹84.00 L,1450 sqft,"₹5,793/sqft",3 BHK,2,Apartment,NOT_FURNISHED,nobroker.in,2026-02-25 15:44:03
"Ramkoti,",Hyderabad,Independent House,₹65.00 L,1600 sqft,"₹4,062/sqft",4 BHK,2,Apartment,Semi-Furnished,nobroker.in,2026-02-25 15:44:03
"Ramkoti,",Hyderabad,Independent House,₹40.00 L,800 sqft,"₹5,000/sqft",2 BHK,2,Apartment,Semi-Furnished,nobroker.in,2026-02-25 15:44:03
Narayanguda,Hyderabad,Independent House,₹1.25 Cr,1908 sqft,"₹6,551/sqft",4 BHK,3,Apartment,NOT_FURNISHED,nobroker.in,2026-02-25 15:44:03
Mallepally Badi Masjid,Hyderabad,modern ss Apartment mallepally,₹46.00 L,2500 sqft,"₹1,840/sqft",3 BHK,3,Apartment,NOT_FURNISHED,nobroker.in,2026-02-25 15:44:03
himayath nagar,Hyderabad,Tirumala Deluxe Apartment,₹1.50 Cr,2064 sqft,"₹7,267/sqft",3 BHK,3,Apartment,Semi-Furnished,nobroker.in,2026-02-25 15:44:03
Narayanguda,Hyderabad,Hema Residency,₹60.00 L,950 sqft,"₹6,316/sqft",2 BHK,2,Apartment,NOT_FURNISHED,nobroker.in,2026-02-25 15:44:03
Himayatnagar,Hyderabad,Vaishnavi Residency,₹1.30 Cr,1550 sqft,"₹8,387/sqft",3 BHK,3,Apartment,Semi-Furnished,nobroker.in,2026-02-25 15:44:03
Narayanguda,Hyderabad,Royal Ville,₹1.40 Cr,1410 sqft,"₹9,929/sqft",3 BHK,2,Apartment,Furnished,nobroker.in,2026-02-25 15:44:03
Narayanguda,Hyderabad,sai avnti crs villa liganpalli narayanguda,₹1.05 Cr,1192 sqft,"₹8,809/sqft",2 BHK,2,Apartment,Semi-Furnished,nobroker.in,2026-02-25 15:44:03
Chikkadpally,Hyderabad,"sri datta , chikkadpally",₹1.29 Cr,1450 sqft,"₹8,897/sqft",3 BHK,3,Apartment,NOT_FURNISHED,nobroker.in,2026-02-25 15:44:03
Narayanguda,Hyderabad,Gupta Towers,₹90.00 L,1500 sqft,"₹6,000/sqft",3 BHK,2,Apartment,NOT_FURNISHED,nobroker.in,2026-02-25 15:44:03
Himayatnagar,Hyderabad,Tirumala Apartments,₹1.00 Cr,1500 sqft,"₹6,667/sqft",3 BHK,2,Apartment,Furnished,nobroker.in,2026-02-25 15:44:03
Himayatnagar,Hyderabad,Pritam Apartment,₹1.20 Cr,1618 sqft,"₹7,417/sqft",4 BHK,4,Apartment,Semi-Furnished,nobroker.in,2026-02-25 15:44:03
Himayatnagar,Hyderabad,Pentoji Enclave,₹70.00 L,1247 sqft,"₹5,613/sqft",2 BHK,2,Apartment,Semi-Furnished,nobroker.in,2026-02-25 15:44:03
Himayatnagar,Hyderabad,The Legend Apartments,₹1.10 Cr,1375 sqft,"₹8,000/sqft",3 BHK,2,Apartment,Semi-Furnished,nobroker.in,2026-02-25 15:44:03
"Vinayak Nagar, A. S. Rao Nagar",Hyderabad,RADHA ENCLAVE VINAYAK NAGAR,₹32.00 L,832 sqft,"₹3,846/sqft",2 BHK,2,Apartment,Semi-Furnished,nobroker.in,2026-02-25 15:44:03
Himayatnagar,Hyderabad,Anita Towers,₹1.50 Cr,1845 sqft,"₹8,130/sqft",3 BHK,3,Apartment,Semi-Furnished,nobroker.in,2026-02-25 15:44:03
Street Number 15,Hyderabad,"SHANTHI NILAYAM, ST NO.15 , HIMAYATHNAGAR",₹98.00 L,1050 sqft,"₹9,333/sqft",3 BHK,2,Apartment,Semi-Furnished,nobroker.in,2026-02-25 15:44:03
"Barkatpura,",Hyderabad,prem bagh,₹1.25 Cr,1500 sqft,"₹8,333/sqft",3 BHK,3,Apartment,Furnished,nobroker.in,2026-02-25 15:44:03
Narayanguda,Hyderabad,vrk apartment,₹1.15 Cr,2400 sqft,"₹4,792/sqft",3 BHK,3,Apartment,Semi-Furnished,nobroker.in,2026-02-25 15:44:03
lingampally,Hyderabad,Prashanthi Nilayam apartments,₹35.00 L,451 sqft,"₹7,761/sqft",1 BHK,1,Apartment,NOT_FURNISHED,nobroker.in,2026-02-25 15:44:03
Banjara Hills,Hyderabad,Lotus Roldana,₹4.20 Cr,3000 sqft,"₹14,000/sqft",4 BHK,4,Apartment,Furnished,nobroker.in,2026-02-25 15:44:26
Gachibowli,Hyderabad,S And S Green Aurora At Green Grace,₹2.75 Cr,3050 sqft,"₹9,016/sqft",3 BHK,3,Apartment,Furnished,nobroker.in,2026-02-25 15:44:26
"Gachibowli, Hyderabad",Hyderabad,Green Grace,₹2.50 Cr,2405 sqft,"₹10,395/sqft",3 BHK,3,Apartment,Semi-Furnished,nobroker.in,2026-02-25 15:44:26
Gachibowli,Hyderabad,S and S Green Grace,₹2.40 Cr,4095 sqft,"₹5,861/sqft",3 BHK,3,Apartment,Semi-Furnished,nobroker.in,2026-02-25 15:44:26
Makthakousarali,Hyderabad,Independent House,₹24.00 L,623 sqft,"₹3,852/sqft",2 BHK,1,Apartment,NOT_FURNISHED,nobroker.in,2026-02-25 15:44:26
Nanakaramguda,Hyderabad,apartment,₹2.15 Cr,1868 sqft,"₹11,510/sqft",3 BHK,3,Apartment,Furnished,nobroker.in,2026-02-25 15:44:26
Khajaguda,Hyderabad,Vasudeva Bloomfield Elation Villas,₹6.40 Cr,4444 sqft,"₹14,401/sqft",4 BHK,4,Apartment,Semi-Furnished,nobroker.in,2026-02-25 15:44:26
Khajaguda,Hyderabad,Vasudeva Bloomfield Elation Villas,₹4.80 Cr,3333 sqft,"₹14,401/sqft",4 BHK,4,Apartment,Semi-Furnished,nobroker.in,2026-02-25 15:44:26
Khajaguda,Hyderabad,Gayathri Hills Block C,₹90.00 L,1080 sqft,"₹8,333/sqft",2 BHK,2,Apartment,Semi-Furnished,nobroker.in,2026-02-25 15:44:26
Gachibowli,Hyderabad,"Narmada Sarovar Vishwa, Gachibowli",₹1.75 Cr,1650 sqft,"₹10,606/sqft",3 BHK,3,Apartment,Furnished,nobroker.in,2026-02-25 15:44:26
Olympus marketing office,Hyderabad,Olumpus,₹2.65 Cr,2010 sqft,"₹13,184/sqft",3 BHK,3,Apartment,NOT_FURNISHED,nobroker.in,2026-02-25 15:44:26
Financial District,Hyderabad,Sumadhura Acropolis,₹2.05 Cr,1745 sqft,"₹11,748/sqft",3 BHK,3,Apartment,Semi-Furnished,nobroker.in,2026-02-25 15:44:26
Financial District,Hyderabad,Sumadhura Acropolis,₹2.60 Cr,1945 sqft,"₹13,368/sqft",3 BHK,3,Apartment,Furnished,nobroker.in,2026-02-25 15:44:26
Financial District,Hyderabad,Sumadhura Acropolis,₹3.40 Cr,2615 sqft,"₹13,002/sqft",3 BHK,3,Apartment,Furnished,nobroker.in,2026-02-25 15:44:26
Financial District,Hyderabad,Sumadhura Acropolis,₹1.65 Cr,1245 sqft,"₹13,253/sqft",2 BHK,3,Apartment,Semi-Furnished,nobroker.in,2026-02-25 15:44:26
Financial District,Hyderabad,Sumadhura Acropolis,₹2.65 Cr,1745 sqft,"₹15,186/sqft",3 BHK,3,Apartment,Semi-Furnished,nobroker.in,2026-02-25 15:44:26
Khajaguda,Hyderabad,Sohini Manhattan,₹5.54 Cr,5038 sqft,"₹10,996/sqft",4 BHK,4,Apartment,NOT_FURNISHED,nobroker.in,2026-02-25 15:44:26
Mokila,Hyderabad,BricMor Lorena,₹1.50 Cr,1980 sqft,"₹7,576/sqft",3 BHK,3,Apartment,NOT_FURNISHED,nobroker.in,2026-02-25 15:44:26
Gachibowli,Hyderabad,Independent House,₹4.00 Cr,3600 sqft,"₹11,111/sqft",4 BHK,4,Apartment,NOT_FURNISHED,nobroker.in,2026-02-25 15:44:26
Gachibowli,Hyderabad,Ace Atlantis,₹4.00 Cr,3200 sqft,"₹12,500/sqft",4 BHK,3,Apartment,Semi-Furnished,nobroker.in,2026-02-25 15:44:26
nanakramguda,Hyderabad,Sumadhura Acropolis,₹2.30 Cr,1795 sqft,"₹12,813/sqft",3 BHK,3,Apartment,Semi-Furnished,nobroker.in,2026-02-25 15:44:26
Nanakaramguda,Hyderabad,"Sumadhura Acropolis, Financial District",₹2.40 Cr,1925 sqft,"₹12,468/sqft",3 BHK,3,Apartment,Semi-Furnished,nobroker.in,2026-02-25 15:44:26
Khajaguda,Hyderabad,Phoenix Triton,₹1.00 Cr,1000 sqft,"₹10,000/sqft",1 RK,1,Apartment,NOT_FURNISHED,nobroker.in,2026-02-25 15:44:26
Gachibowli,Hyderabad,Niharika Residency,₹1.62 Cr,1800 sqft,"₹9,000/sqft",3 BHK,3,Apartment,Furnished,nobroker.in,2026-02-25 15:44:26
Gachibowli,Hyderabad,Gayatri Towers,₹85.00 L,1220 sqft,"₹6,967/sqft",2 BHK,2,Apartment,Semi-Furnished,nobroker.in,2026-02-25 15:44:26
"Telecom Nagar, Gachibowli",Hyderabad,Sai Prabha Residency,₹98.00 L,1250 sqft,"₹7,840/sqft",2 BHK,2,Apartment,Semi-Furnished,nobroker.in,2026-02-25 15:44:26
Puppalaguda,Hyderabad,ASBL Lakeside,₹1.43 Cr,1335 sqft,"₹10,712/sqft",2 BHK,2,Apartment,Furnished,nobroker.in,2026-02-25 15:44:29
Serilingampally,Hyderabad,Independent House,₹2.70 Cr,4500 sqft,"₹6,000/sqft",4 BHK,9,Apartment,Furnished,nobroker.in,2026-02-25 15:44:29
Gachibowli,Hyderabad,Balaji Sunshine Enclave,₹85.00 L,1050 sqft,"₹8,095/sqft",2 BHK,2,Apartment,Semi-Furnished,nobroker.in,2026-02-25 15:44:29
Khajaguda,Hyderabad,ASBL Lakeside,₹2.10 Cr,1835 sqft,"₹11,444/sqft",3 BHK,3,Apartment,Furnished,nobroker.in,2026-02-25 15:44:29
Bandlaguda Jagir,Hyderabad,West One,₹59.00 L,1051 sqft,"₹5,614/sqft",2 BHK,2,Apartment,NOT_FURNISHED,nobroker.in,2026-02-25 15:44:29
Khajaguda Talab,Hyderabad,Jains Carlton Creek,₹1.47 Cr,1380 sqft,"₹10,652/sqft",3 BHK,3,Apartment,Semi-Furnished,nobroker.in,2026-02-25 15:44:29
Manikonda,Hyderabad,"Jains Carlton Creek, gachibowli",₹1.15 Cr,1060 sqft,"₹10,849/sqft",2 BHK,2,Apartment,Furnished,nobroker.in,2026-02-25 15:44:29
"Gachibowli, Hyderabad",Hyderabad,Jains Carlton Creek,₹2.50 Cr,2346 sqft,"₹10,656/sqft",4 BHK,3,Apartment,Semi-Furnished,nobroker.in,2026-02-25 15:44:29
Khaja Guda,Hyderabad,Jains Carlton Creek,₹3.50 Cr,2356 sqft,"₹14,856/sqft",4 BHK,3,Apartment,Furnished,nobroker.in,2026-02-25 15:44:29
Manikonda,Hyderabad,Jains Carlton Creek,₹1.50 Cr,1380 sqft,"₹10,870/sqft",3 BHK,3,Apartment,Semi-Furnished,nobroker.in,2026-02-25 15:44:29
Khaja Guda,Hyderabad,Jains Carlton Creek,₹1.35 Cr,1083 sqft,"₹12,465/sqft",2 BHK,2,Apartment,Semi-Furnished,nobroker.in,2026-02-25 15:44:29
Manikonda,Hyderabad,Jains Carlton Creek,₹1.15 Cr,1384 sqft,"₹8,309/sqft",3 BHK,3,Apartment,Semi-Furnished,nobroker.in,2026-02-25 15:44:29
Khaja Guda,Hyderabad,Jains Carlton Creek,₹1.15 Cr,1053 sqft,"₹10,921/sqft",2 BHK,2,Apartment,Semi-Furnished,nobroker.in,2026-02-25 15:44:29
Jains Carlton Creek,Hyderabad,Jains Carlton Creek,₹1.19 Cr,1006 sqft,"₹11,829/sqft",2 BHK,2,Apartment,Semi-Furnished,nobroker.in,2026-02-25 15:44:29
Jains Carlton Creek,Hyderabad,Jains Carlton Creek,₹2.50 Cr,2380 sqft,"₹10,504/sqft",4 BHK,3,Apartment,Semi-Furnished,nobroker.in,2026-02-25 15:44:29
Khajaguda,Hyderabad,Jains Carlton Creek,₹1.25 Cr,1053 sqft,"₹11,871/sqft",2 BHK,2,Apartment,Semi-Furnished,nobroker.in,2026-02-25 15:44:29
Khajaguda,Hyderabad,Jains Carlton Creek,₹1.10 Cr,1053 sqft,"₹10,446/sqft",2 BHK,2,Apartment,Semi-Furnished,nobroker.in,2026-02-25 15:44:29
Jains Carlton Creek,Hyderabad,"Jains Carlton Creek, Khajaguda",₹1.30 Cr,1008 sqft,"₹12,897/sqft",2 BHK,2,Apartment,Semi-Furnished,nobroker.in,2026-02-25 15:44:29
Khajaguda,Hyderabad,Jains Carlton Creek,₹1.30 Cr,1083 sqft,"₹12,004/sqft",2 BHK,2,Apartment,Semi-Furnished,nobroker.in,2026-02-25 15:44:29
Nanakramguda,Hyderabad,Sai Signature,₹1.30 Cr,1130 sqft,"₹11,504/sqft",2 BHK,2,Apartment,Semi-Furnished,nobroker.in,2026-02-25 15:44:29
Hastinapuram,Hyderabad,maga vanitha,₹1.50 Cr,2068 sqft,"₹7,253/sqft",3 BHK,3,Apartment,NOT_FURNISHED,nobroker.in,2026-02-25 15:44:29
Nanakramguda,Hyderabad,"Sai Signature, Nanakramguda",₹1.50 Cr,1450 sqft,"₹10,345/sqft",3 BHK,2,Apartment,Semi-Furnished,nobroker.in,2026-02-25 15:44:29
Khajaguda,Hyderabad,MIG Chitrapuri HILLS,₹88.00 L,1000 sqft,"₹8,800/sqft",2 BHK,2,Apartment,Semi-Furnished,nobroker.in,2026-02-25 15:44:29
Khajaguda,Hyderabad,Jains Carlton Creek,₹2.15 Cr,1800 sqft,"₹11,944/sqft",3 BHK,3,Apartment,Furnished,nobroker.in,2026-02-25 15:44:29
Nawab Saheb Kunta,Hyderabad,Independent House,₹1.05 Cr,1500 sqft,"₹7,000/sqft",3 BHK,2,Apartment,NOT_FURNISHED,nobroker.in,2026-02-25 15:44:47
Katedan,Hyderabad,Independent House,₹1.20 Cr,1170 sqft,"₹10,256/sqft",2 BHK,2,Apartment,NOT_FURNISHED,nobroker.in,2026-02-25 15:44:47
katedhan,Hyderabad,Standalone Building,₹2.00 Cr,4000 sqft,"₹5,000/sqft",4 BHK,11,Apartment,NOT_FURNISHED,nobroker.in,2026-02-25 15:44:47
Katedhan,Hyderabad,Independent House,₹45.00 L,540 sqft,"₹8,333/sqft",1 BHK,1,Apartment,NOT_FURNISHED,nobroker.in,2026-02-25 15:44:47
Katedan,Hyderabad,Independent House,₹60.00 L,1080 sqft,"₹5,556/sqft",2 BHK,2,Apartment,Semi-Furnished,nobroker.in,2026-02-25 15:44:47
Katedhan,Hyderabad,Independent House,₹2.20 Cr,1500 sqft,"₹14,667/sqft",4 BHK,6,Apartment,Semi-Furnished,nobroker.in,2026-02-25 15:44:47
Kattedan,Hyderabad,Independent House,₹1.75 Cr,1260 sqft,"₹13,889/sqft",4 BHK,6,Apartment,NOT_FURNISHED,nobroker.in,2026-02-25 15:44:47
Aram Gar,Hyderabad,APARTMENT,₹65.00 L,1500 sqft,"₹4,333/sqft",3 BHK,3,Apartment,NOT_FURNISHED,nobroker.in,2026-02-25 15:44:47
Katedan,Hyderabad,Apartment,₹67.50 L,1500 sqft,"₹4,500/sqft",3 BHK,3,Apartment,NOT_FURNISHED,nobroker.in,2026-02-25 15:44:47
"Shivarampally Jagir,",Hyderabad,sree  thirumala  bliss,₹90.75 L,1650 sqft,"₹5,500/sqft",3 BHK,3,Apartment,NOT_FURNISHED,nobroker.in,2026-02-25 15:44:47
Shivrampalli,Hyderabad,Independent House,₹1.15 Cr,1260 sqft,"₹9,127/sqft",3 BHK,3,Apartment,NOT_FURNISHED,nobroker.in,2026-02-25 15:44:47
Katedan,Hyderabad,mehra classic,₹70.00 L,1000 sqft,"₹7,000/sqft",2 BHK,2,Apartment,Semi-Furnished,nobroker.in,2026-02-25 15:44:47
Katedan,Hyderabad,Independent House,₹70.00 L,900 sqft,"₹7,778/sqft",2 BHK,2,Apartment,NOT_FURNISHED,nobroker.in,2026-02-25 15:44:47
babul reddy nagar,Hyderabad,standalone building,₹80.00 L,1200 sqft,"₹6,667/sqft",2 BHK,2,Apartment,NOT_FURNISHED,nobroker.in,2026-02-25 15:44:47
Shamshabad,Hyderabad,Independent House,₹53.00 L,450 sqft,"₹11,778/sqft",1 BHK,1,Apartment,NOT_FURNISHED,nobroker.in,2026-02-25 15:44:47
Mohan Reddy Nagar,Hyderabad,Independent House,₹1.75 Cr,2600 sqft,"₹6,731/sqft",4 BHK,3,Apartment,NOT_FURNISHED,nobroker.in,2026-02-25 15:44:47
Katedhan,Hyderabad,Independent House,₹1.30 Cr,500 sqft,"₹26,000/sqft",1 BHK,1,Apartment,NOT_FURNISHED,nobroker.in,2026-02-25 15:44:47
"Babul Reddy Nagar , Kattedan",Hyderabad,Independent House,₹60.00 L,1107 sqft,"₹5,420/sqft",3 BHK,3,Apartment,NOT_FURNISHED,nobroker.in,2026-02-25 15:44:47
Katedhan,Hyderabad,Standalone Building,₹4.00 Cr,2600 sqft,"₹15,385/sqft",4 BHK,4,Apartment,NOT_FURNISHED,nobroker.in,2026-02-25 15:44:47
"Katedhan,",Hyderabad,hari kripa nivas,₹5.00 Cr,12500 sqft,"₹4,000/sqft",4 BHK,6,Apartment,Semi-Furnished,nobroker.in,2026-02-25 15:44:47
Sivarampalli,Hyderabad,kings Mawin Arena,₹95.40 L,1800 sqft,"₹5,300/sqft",3 BHK,3,Apartment,NOT_FURNISHED,nobroker.in,2026-02-25 15:44:47
Bhavani Colony,Hyderabad,Provident kenworth,₹78.00 L,976 sqft,"₹7,992/sqft",2 BHK,2,Apartment,Semi-Furnished,nobroker.in,2026-02-25 15:44:47
Mailardevpally,Hyderabad,MAYRAS CLASSIC,₹66.00 L,1016 sqft,"₹6,496/sqft",2 BHK,2,Apartment,Furnished,nobroker.in,2026-02-25 15:44:47
Aramghar,Hyderabad,Independent House,₹1.40 Cr,1539 sqft,"₹9,097/sqft",2 BHK,2,Apartment,NOT_FURNISHED,nobroker.in,2026-02-25 15:44:47
Telangana NGOS Colony,Hyderabad,Independent House,₹1.75 Cr,2500 sqft,"₹7,000/sqft",3 BHK,4,Apartment,NOT_FURNISHED,nobroker.in,2026-02-25 15:44:47
Shivarampally,Hyderabad,Independent House,₹2.00 Cr,1800 sqft,"₹11,111/sqft",4 BHK,4,Apartment,Semi-Furnished,nobroker.in,2026-02-25 15:44:47
"Aramghar x road, Piller no:311, 6-3-185/1/B, PV Narasimha Rao Expy, Adarsh Nagar, Hyderabad, Premavathipet, Telangana 500052, India",Hyderabad,Independent House,₹50.00 L,450 sqft,"₹11,111/sqft",1 BHK,1,Apartment,NOT_FURNISHED,nobroker.in,2026-02-25 15:44:50
Katedhan,Hyderabad,Standalone Building,₹1.70 Cr,5400 sqft,"₹3,148/sqft",4 BHK,10,Apartment,Semi-Furnished,nobroker.in,2026-02-25 15:44:50
Nawab Saheb Kunta,Hyderabad,Standalone Building,₹51.00 L,900 sqft,"₹5,667/sqft",2 BHK,2,Apartment,NOT_FURNISHED,nobroker.in,2026-02-25 15:44:50
Nawab Saheb Kunta,Hyderabad,R.K Dream homes,₹63.00 L,1100 sqft,"₹5,727/sqft",2 BHK,2,Apartment,Semi-Furnished,nobroker.in,2026-02-25 15:44:50
Mailardevpally,Hyderabad,Standalone building,₹70.00 L,1500 sqft,"₹4,667/sqft",3 BHK,3,Apartment,NOT_FURNISHED,nobroker.in,2026-02-25 15:44:50
Mailardevpally,Hyderabad,Standalone building,₹60.00 L,800 sqft,"₹7,500/sqft",2 BHK,2,Apartment,NOT_FURNISHED,nobroker.in,2026-02-25 15:44:50
Mailardevpally,Hyderabad,Independent House,₹1.90 Cr,1350 sqft,"₹14,074/sqft",4 BHK,8,Apartment,Semi-Furnished,nobroker.in,2026-02-25 15:44:50
Shivarampally,Hyderabad,Independent House,₹2.00 Cr,5600 sqft,"₹3,571/sqft",4 BHK,10,Apartment,NOT_FURNISHED,nobroker.in,2026-02-25 15:44:50
"8-7/11, 8-1-12/23, Telangana NGOS Colony, Hyderabad, Katedhan, Telangana 500077, India",Hyderabad,Gharunda,₹60.00 L,1250 sqft,"₹4,800/sqft",2 BHK,2,Apartment,NOT_FURNISHED,nobroker.in,2026-02-25 15:44:50
Nawab Saheb Kunta,Hyderabad,Independent House,₹1.21 Cr,3600 sqft,"₹3,361/sqft",4 BHK,5,Apartment,NOT_FURNISHED,nobroker.in,2026-02-25 15:44:50
Serene Vistas,Hyderabad,Serene Vistas,₹1.47 Cr,2032 sqft,"₹7,234/sqft",3 BHK,3,Apartment,Semi-Furnished,nobroker.in,2026-02-25 15:44:50
Katedan Industrial Area,Hyderabad,"Peers Serene Vistas, Rajendra Nagar",₹1.50 Cr,2032 sqft,"₹7,382/sqft",3 BHK,3,Apartment,NOT_FURNISHED,nobroker.in,2026-02-25 15:44:50
Sri narayana school,Hyderabad,Independent House,₹1.20 Cr,2882 sqft,"₹4,164/sqft",4 BHK,8,Apartment,Semi-Furnished,nobroker.in,2026-02-25 15:44:50
Shivarampally Jagir,Hyderabad,Independent House,₹1.20 Cr,2457 sqft,"₹4,884/sqft",4 BHK,7,Apartment,Semi-Furnished,nobroker.in,2026-02-25 15:44:50
Katedhan,Hyderabad,Independent House,₹1.75 Cr,3591 sqft,"₹4,873/sqft",4 BHK,12,Apartment,NOT_FURNISHED,nobroker.in,2026-02-25 15:44:50
Laxmiguda,Hyderabad,Modi Lakeview,₹53.00 L,983 sqft,"₹5,392/sqft",2 BHK,2,Apartment,NOT_FURNISHED,nobroker.in,2026-02-25 15:44:50
Katedhan,Hyderabad,Independent House,₹1.90 Cr,4000 sqft,"₹4,750/sqft",4 BHK,7,Apartment,Semi-Furnished,nobroker.in,2026-02-25 15:44:50
Katedan,Hyderabad,Independent House,₹1.05 Cr,1350 sqft,"₹7,778/sqft",2 BHK,2,Apartment,NOT_FURNISHED,nobroker.in,2026-02-25 15:44:50
"Rajendranagar mandal,",Hyderabad,Independent House,₹1.00 Cr,1500 sqft,"₹6,667/sqft",2 BHK,1,Apartment,NOT_FURNISHED,nobroker.in,2026-02-25 15:44:50
Katedhan,Hyderabad,standalone building,₹1.50 Cr,4080 sqft,"₹3,676/sqft",4 BHK,7,Apartment,Semi-Furnished,nobroker.in,2026-02-25 15:44:50
TNGOS Colony,Hyderabad,hills view residense,₹49.00 L,1170 sqft,"₹4,188/sqft",2 BHK,2,Apartment,NOT_FURNISHED,nobroker.in,2026-02-25 15:44:50
TNGOS Colony,Hyderabad,hill view residensy,₹45.00 L,1170 sqft,"₹3,846/sqft",3 BHK,3,Apartment,NOT_FURNISHED,nobroker.in,2026-02-25 15:44:50
Katedhan,Hyderabad,srisrinivasam nilayam,₹58.50 L,1300 sqft,"₹4,500/sqft",2 BHK,2,Apartment,NOT_FURNISHED,nobroker.in,2026-02-25 15:44:50
Mailardevpally,Hyderabad,SHREE HOMES PEARL,₹1.15 Cr,1570 sqft,"₹7,325/sqft",3 BHK,3,Apartment,Semi-Furnished,nobroker.in,2026-02-25 15:44:50
Katedhan,Hyderabad,Hill View Residency,₹37.00 L,800 sqft,"₹4,625/sqft",1 BHK,2,Apartment,NOT_FURNISHED,nobroker.in,2026-02-25 15:44:50
Kanchan Bagh,Hyderabad,Independent House,₹70.00 L,1600 sqft,"₹4,375/sqft",4 BHK,3,Apartment,NOT_FURNISHED,nobroker.in,2026-02-25 15:46:18
City Enclave,Hyderabad,City enclave rakshapuram colony Hyderabad,₹67.00 L,1350 sqft,"₹4,963/sqft",3 BHK,2,Apartment,NOT_FURNISHED,nobroker.in,2026-02-25 15:46:18
Rakshapuram,Hyderabad,Independent House,₹2.00 Cr,1400 sqft,"₹14,286/sqft",4 BHK,3,Apartment,Semi-Furnished,nobroker.in,2026-02-25 15:46:18
Santosh Nagar,Hyderabad,Independent House,₹80.00 L,693 sqft,"₹11,544/sqft",2 BHK,2,Apartment,Semi-Furnished,nobroker.in,2026-02-25 15:46:18
Kanchan Bagh,Hyderabad,Independent House,₹1.20 Cr,2079 sqft,"₹5,772/sqft",4 BHK,2,Apartment,NOT_FURNISHED,nobroker.in,2026-02-25 15:46:18
Kanchan Bagh,Hyderabad,Independent House,₹90.00 L,1200 sqft,"₹7,500/sqft",3 BHK,2,Apartment,NOT_FURNISHED,nobroker.in,2026-02-25 15:46:18
Kanchan Bagh,Hyderabad,Independent House,₹80.00 L,1386 sqft,"₹5,772/sqft",3 BHK,3,Apartment,NOT_FURNISHED,nobroker.in,2026-02-25 15:46:18
Kanchan Bagh,Hyderabad,Independent House,₹92.00 L,2079 sqft,"₹4,425/sqft",4 BHK,5,Apartment,NOT_FURNISHED,nobroker.in,2026-02-25 15:46:18
Riyasat Nagar,Hyderabad,Independent House,₹65.00 L,1206 sqft,"₹5,390/sqft",2 BHK,2,Apartment,NOT_FURNISHED,nobroker.in,2026-02-25 15:46:18
kanchan bagh,Hyderabad,apartment,₹28.00 L,900 sqft,"₹3,111/sqft",2 BHK,2,Apartment,NOT_FURNISHED,nobroker.in,2026-02-25 15:46:18
Rakshapuram,Hyderabad,Khalid residency,₹42.00 L,1300 sqft,"₹3,231/sqft",3 BHK,2,Apartment,NOT_FURNISHED,nobroker.in,2026-02-25 15:46:18
Rakshapuram,Hyderabad,Independent House,₹2.17 Cr,1300 sqft,"₹16,692/sqft",2 BHK,3,Apartment,NOT_FURNISHED,nobroker.in,2026-02-25 15:46:18
Kanchan Bagh,Hyderabad,Independent House,₹60.00 L,1350 sqft,"₹4,444/sqft",4 BHK,2,Apartment,NOT_FURNISHED,nobroker.in,2026-02-25 15:46:18
"R.N Colony, R.N Colony",Hyderabad,Independent House,₹60.00 L,500 sqft,"₹12,000/sqft",1 BHK,1,Apartment,NOT_FURNISHED,nobroker.in,2026-02-25 15:46:18
Thumukunta,Hyderabad,standalone building,₹3.50 Cr,5400 sqft,"₹6,481/sqft",4 BHK,10,Apartment,NOT_FURNISHED,nobroker.in,2026-02-25 15:46:18
Rakshapuram,Hyderabad,Independent House,₹2.50 Cr,2025 sqft,"₹12,346/sqft",4 BHK,6,Apartment,NOT_FURNISHED,nobroker.in,2026-02-25 15:46:18
Rakshapuram,Hyderabad,Independent House,₹1.50 Cr,4500 sqft,"₹3,333/sqft",4 BHK,5,Apartment,Semi-Furnished,nobroker.in,2026-02-25 15:46:18
Rakshapuram,Hyderabad,Standalone Building,₹1.20 Cr,2700 sqft,"₹4,444/sqft",4 BHK,7,Apartment,NOT_FURNISHED,nobroker.in,2026-02-25 15:46:18
Rakshapuram,Hyderabad,Independent House,₹52.00 L,1860 sqft,"₹2,796/sqft",4 BHK,6,Apartment,NOT_FURNISHED,nobroker.in,2026-02-25 15:46:18
Max Extension,Hyderabad,Independent House,₹89.00 L,1386 sqft,"₹6,421/sqft",3 BHK,2,Apartment,Semi-Furnished,nobroker.in,2026-02-25 15:46:18
Riyasat Nagar,Hyderabad,Independent House,₹1.15 Cr,1250 sqft,"₹9,200/sqft",4 BHK,5,Apartment,NOT_FURNISHED,nobroker.in,2026-02-25 15:46:18
Riyasath Nagar,Hyderabad,standalone building,₹42.00 L,1030 sqft,"₹4,078/sqft",3 BHK,2,Apartment,NOT_FURNISHED,nobroker.in,2026-02-25 15:46:18
"17-1-382/R/9/1/C, 2nd Floor, APSRTC Officers Colony, Bairamalguda Rd, above Nirmala Clinic, Vaishali Nagar, Champapet, Hyderabad, Telangana 500079, India",Hyderabad,Independent House,₹44.00 L,450 sqft,"₹9,778/sqft",1 BHK,1,Apartment,Semi-Furnished,nobroker.in,2026-02-25 15:46:18
Riyasat Nagar,Hyderabad,apartment,₹45.00 L,900 sqft,"₹5,000/sqft",2 BHK,2,Apartment,Furnished,nobroker.in,2026-02-25 15:46:18
Riyasat Nagar,Hyderabad,Independent House,₹27.00 L,459 sqft,"₹5,882/sqft",2 BHK,1,Apartment,NOT_FURNISHED,nobroker.in,2026-02-25 15:46:18
Rakshapuram Colony,Hyderabad,Independent House,₹85.00 L,1300 sqft,"₹6,538/sqft",3 BHK,5,Apartment,NOT_FURNISHED,nobroker.in,2026-02-25 15:46:18
Rakshapuram,Hyderabad,Independent House,₹40.00 L,800 sqft,"₹5,000/sqft",2 BHK,2,Apartment,NOT_FURNISHED,nobroker.in,2026-02-25 15:46:22
Rakshapuram,Hyderabad,bayt residency,₹42.00 L,1250 sqft,"₹3,360/sqft",3 BHK,2,Apartment,NOT_FURNISHED,nobroker.in,2026-02-25 15:46:22
Chandrayan Gutta,Hyderabad,Independent House,₹1.00 Cr,2610 sqft,"₹3,831/sqft",4 BHK,3,Apartment,NOT_FURNISHED,nobroker.in,2026-02-25 15:46:22
Rakshapuram,Hyderabad,Independent House,₹40.00 L,693 sqft,"₹5,772/sqft",2 BHK,1,Apartment,NOT_FURNISHED,nobroker.in,2026-02-25 15:46:22
Telangana,Hyderabad,Daith Residency,₹55.00 L,1350 sqft,"₹4,074/sqft",3 BHK,2,Apartment,Furnished,nobroker.in,2026-02-25 15:46:22
Uppuguda,Hyderabad,Independent House,₹2.50 Cr,2700 sqft,"₹9,259/sqft",4 BHK,7,Apartment,NOT_FURNISHED,nobroker.in,2026-02-25 15:46:22
Uppuguda,Hyderabad,Independent House,₹33.00 L,680 sqft,"₹4,853/sqft",2 BHK,2,Apartment,NOT_FURNISHED,nobroker.in,2026-02-25 15:46:22
rakshapuram,Hyderabad,Independent House,₹45.00 L,810 sqft,"₹5,556/sqft",2 BHK,1,Apartment,NOT_FURNISHED,nobroker.in,2026-02-25 15:46:22
Riyasathnagar,Hyderabad,Independent House,₹75.00 L,972 sqft,"₹7,716/sqft",4 BHK,4,Apartment,NOT_FURNISHED,nobroker.in,2026-02-25 15:46:22
Rakshapuram,Hyderabad,Independent House,₹2.55 Cr,4800 sqft,"₹5,312/sqft",4 BHK,7,Apartment,Semi-Furnished,nobroker.in,2026-02-25 15:46:22
Rakshapuram,Hyderabad,standalone building,₹1.40 Cr,2144 sqft,"₹6,530/sqft",4 BHK,5,Apartment,NOT_FURNISHED,nobroker.in,2026-02-25 15:46:22
Rakshapuram,Hyderabad,Independent House,₹40.00 L,1200 sqft,"₹3,333/sqft",3 BHK,1,Apartment,NOT_FURNISHED,nobroker.in,2026-02-25 15:46:22
Rakshapuram,Hyderabad,Independent House,₹1.27 Cr,2088 sqft,"₹6,082/sqft",3 BHK,4,Apartment,Semi-Furnished,nobroker.in,2026-02-25 15:46:22
Rakshapuram,Hyderabad,standalone building,₹1.40 Cr,2670 sqft,"₹5,243/sqft",4 BHK,6,Apartment,NOT_FURNISHED,nobroker.in,2026-02-25 15:46:22
riyasat nagar,Hyderabad,Independent House,₹56.00 L,585 sqft,"₹9,573/sqft",2 BHK,1,Apartment,Semi-Furnished,nobroker.in,2026-02-25 15:46:22
Uppuguda,Hyderabad,Independent House,₹55.00 L,891 sqft,"₹6,173/sqft",2 BHK,2,Apartment,NOT_FURNISHED,nobroker.in,2026-02-25 15:46:22
Riyasat Nagar,Hyderabad,Independent House,₹2.30 Cr,2340 sqft,"₹9,829/sqft",4 BHK,3,Apartment,NOT_FURNISHED,nobroker.in,2026-02-25 15:46:22
Rakshapuram,Hyderabad,Independent House,₹60.00 L,720 sqft,"₹8,333/sqft",2 BHK,2,Apartment,NOT_FURNISHED,nobroker.in,2026-02-25 15:46:22
Rakshapuram,Hyderabad,Independent House,₹3.30 Cr,4500 sqft,"₹7,333/sqft",4 BHK,7,Apartment,Furnished,nobroker.in,2026-02-25 15:46:22
Rakshapuram,Hyderabad,standalone,₹60.00 L,1500 sqft,"₹4,000/sqft",3 BHK,2,Apartment,NOT_FURNISHED,nobroker.in,2026-02-25 15:46:22
Rakshapuram,Hyderabad,Independent House,₹50.00 L,1800 sqft,"₹2,778/sqft",3 BHK,2,Apartment,NOT_FURNISHED,nobroker.in,2026-02-25 15:46:22
"West, Rakshapuram,",Hyderabad,Independent House,₹70.00 L,900 sqft,"₹7,778/sqft",2 BHK,2,Apartment,Semi-Furnished,nobroker.in,2026-02-25 15:46:22
Uppuguda,Hyderabad,Independent House,₹45.00 L,893 sqft,"₹5,039/sqft",1 BHK,2,Apartment,Semi-Furnished,nobroker.in,2026-02-25 15:46:22
Kanchan Bagh,Hyderabad,Khaliq Plaza,₹62.00 L,1364 sqft,"₹4,545/sqft",3 BHK,3,Apartment,NOT_FURNISHED,nobroker.in,2026-02-25 15:46:22
"8FRR+6RH Akbar Owaisi Park, Uppuguda, Rajiv Nagar, Rakshapuram, Hyderabad, Telangana 500053, India",Hyderabad,Independent House,₹34.00 L,603 sqft,"₹5,638/sqft",2 BHK,2,Apartment,NOT_FURNISHED,nobroker.in,2026-02-25 15:46:22
Gupesh Nagar,Hyderabad,Standalone Building,₹10.00 L,550 sqft,"₹1,818/sqft",1 BHK,1,Apartment,NOT_FURNISHED,nobroker.in,2026-02-25 15:45:28
Karmanghat,Hyderabad,sreeshta developers,₹92.00 L,1485 sqft,"₹6,195/sqft",3 BHK,3,Apartment,NOT_FURNISHED,nobroker.in,2026-02-25 15:45:28
Hastinapuram,Hyderabad,radha krishna residency,₹1.26 Cr,2250 sqft,"₹5,600/sqft",3 BHK,3,Apartment,NOT_FURNISHED,nobroker.in,2026-02-25 15:45:28
KHARMANGHAT,Hyderabad,Eshwar chandra Towners,₹60.00 L,1000 sqft,"₹6,000/sqft",2 BHK,2,Apartment,NOT_FURNISHED,nobroker.in,2026-02-25 15:45:28
Medbowli,Hyderabad,Independent House,₹1.20 Cr,1665 sqft,"₹7,207/sqft",4 BHK,3,Apartment,NOT_FURNISHED,nobroker.in,2026-02-25 15:45:28
"************ Madhava Nagar, Hyderabad, Bairamalguda, Telangana 500079, India",Hyderabad,Independent House,₹1.50 Cr,2500 sqft,"₹6,000/sqft",3 BHK,4,Apartment,Furnished,nobroker.in,2026-02-25 15:45:28
Hayathnagar_Khalsa,Hyderabad,darani hights,₹75.00 L,1205 sqft,"₹6,224/sqft",2 BHK,2,Apartment,NOT_FURNISHED,nobroker.in,2026-02-25 15:45:28
Hastinapuram,Hyderabad,Apartment,₹1.20 Cr,1755 sqft,"₹6,838/sqft",3 BHK,3,Apartment,NOT_FURNISHED,nobroker.in,2026-02-25 15:45:28
karmanghat,Hyderabad,ishwar chandra,₹64.00 L,1270 sqft,"₹5,039/sqft",3 BHK,3,Apartment,NOT_FURNISHED,nobroker.in,2026-02-25 15:45:28
Kharmanghat,Hyderabad,AIshwary rk apartment,₹1.04 Cr,1600 sqft,"₹6,500/sqft",3 BHK,2,Apartment,Semi-Furnished,nobroker.in,2026-02-25 15:45:28
Kharmanghat,Hyderabad,Independent House,₹42.00 L,540 sqft,"₹7,778/sqft",1 BHK,1,Apartment,NOT_FURNISHED,nobroker.in,2026-02-25 15:45:28
Janardhan Reddy Nagar,Hyderabad,Independent House,₹1.23 Cr,2016 sqft,"₹6,111/sqft",2 BHK,2,Apartment,NOT_FURNISHED,nobroker.in,2026-02-25 15:45:28
RN AADHVAYA,Hyderabad,RN AADHVAYA,₹65.00 L,1200 sqft,"₹5,417/sqft",2 BHK,2,Apartment,NOT_FURNISHED,nobroker.in,2026-02-25 15:45:28
Jillalguda,Hyderabad,krishna kubera,₹66.92 L,1287 sqft,"₹5,200/sqft",2 BHK,2,Apartment,NOT_FURNISHED,nobroker.in,2026-02-25 15:45:28
Sri Venkata Sai Plaza,Hyderabad,Sri venkata sai plaza,₹65.00 L,1250 sqft,"₹5,200/sqft",2 BHK,2,Apartment,Furnished,nobroker.in,2026-02-25 15:45:28
Shakti Nagar,Hyderabad,Independent House,₹3.00 Cr,2070 sqft,"₹14,493/sqft",4 BHK,5,Apartment,NOT_FURNISHED,nobroker.in,2026-02-25 15:45:28
Bhupesh Guptha Nagar,Hyderabad,Independent House,₹5.50 Cr,5000 sqft,"₹11,000/sqft",4 BHK,11,Apartment,NOT_FURNISHED,nobroker.in,2026-02-25 15:45:28
ambedkar nagar,Hyderabad,Independent House,₹90.00 L,1179 sqft,"₹7,634/sqft",2 BHK,1,Apartment,NOT_FURNISHED,nobroker.in,2026-02-25 15:45:28
Jillalguda,Hyderabad,Independent House,₹1.80 Cr,1746 sqft,"₹10,309/sqft",4 BHK,3,Apartment,Furnished,nobroker.in,2026-02-25 15:45:28
Bhagya Nagar,Hyderabad,Independent House,₹80.00 L,1782 sqft,"₹4,489/sqft",3 BHK,4,Apartment,NOT_FURNISHED,nobroker.in,2026-02-25 15:45:28
Bairamalguda,Hyderabad,apartment,₹1.60 Cr,2100 sqft,"₹7,619/sqft",3 BHK,3,Apartment,NOT_FURNISHED,nobroker.in,2026-02-25 15:45:28
Karmanghat,Hyderabad,Independent House,₹4.50 Cr,3300 sqft,"₹13,636/sqft",4 BHK,7,Apartment,Semi-Furnished,nobroker.in,2026-02-25 15:45:28
Kharmanghat,Hyderabad,Independent House,₹65.00 L,200 sqft,"₹32,500/sqft",1 RK,2,Apartment,NOT_FURNISHED,nobroker.in,2026-02-25 15:45:28
Bairamalguda,Hyderabad,lavakusha residency,₹76.00 L,1300 sqft,"₹5,846/sqft",2 BHK,2,Apartment,Semi-Furnished,nobroker.in,2026-02-25 15:45:28
Jillelguda,Hyderabad,Independent House,₹1.95 Cr,4550 sqft,"₹4,286/sqft",4 BHK,7,Apartment,Furnished,nobroker.in,2026-02-25 15:45:28
Jillelaguda,Hyderabad,Sri Sainnath Elite,₹52.00 L,1275 sqft,"₹4,078/sqft",2 BHK,3,Apartment,Semi-Furnished,nobroker.in,2026-02-25 15:45:28
Kharmanghat,Hyderabad,R V Lavakusha Residency,₹85.00 L,1200 sqft,"₹7,083/sqft",2 BHK,2,Apartment,NOT_FURNISHED,nobroker.in,2026-02-25 15:45:31
Bairamalguda,Hyderabad,standalone building,₹1.36 Cr,2150 sqft,"₹6,326/sqft",3 BHK,3,Apartment,NOT_FURNISHED,nobroker.in,2026-02-25 15:45:31
KHARMANGHAT,Hyderabad,RV Lavakusha Residency,₹78.00 L,1326 sqft,"₹5,882/sqft",2 BHK,2,Apartment,Furnished,nobroker.in,2026-02-25 15:45:31
"P N 115, No 1 Rd, New Gayatri Nagar, Jillalguda, Medbowli, Telangana 500097, India",Hyderabad,Independent House,₹1.55 Cr,2000 sqft,"₹7,750/sqft",4 BHK,4,Apartment,Semi-Furnished,nobroker.in,2026-02-25 15:45:31
Medbowli,Hyderabad,Shiv Guru&#39;s Vaibhavi Harmony,₹61.00 L,973 sqft,"₹6,269/sqft",2 BHK,2,Apartment,Furnished,nobroker.in,2026-02-25 15:45:31
Kharmanghat,Hyderabad,"K.R. Vennela Residency, Kharmanghat",₹1.20 Cr,1900 sqft,"₹6,316/sqft",3 BHK,4,Apartment,Furnished,nobroker.in,2026-02-25 15:45:31
L. B. Nagar,Hyderabad,gurukrupa nilayam madhava nagar,₹25.00 L,500 sqft,"₹5,000/sqft",1 BHK,1,Apartment,Semi-Furnished,nobroker.in,2026-02-25 15:45:31
Madhava Nagar,Hyderabad,Independent House,₹3.40 Cr,2000 sqft,"₹17,000/sqft",3 BHK,4,Apartment,Semi-Furnished,nobroker.in,2026-02-25 15:45:31
Karmanghat,Hyderabad,S S Lalitha Homes,₹80.00 L,1420 sqft,"₹5,634/sqft",3 BHK,3,Apartment,Semi-Furnished,nobroker.in,2026-02-25 15:45:31
Pindi Pulla Reddy Function Hall,Hyderabad,Saranya Homes,₹41.00 L,1025 sqft,"₹4,000/sqft",2 BHK,2,Apartment,NOT_FURNISHED,nobroker.in,2026-02-25 15:45:31
Karmanghat,Hyderabad,S S Lalitha Homes,₹85.00 L,1440 sqft,"₹5,903/sqft",3 BHK,3,Apartment,Semi-Furnished,nobroker.in,2026-02-25 15:45:31
Hastinapuram North,Hyderabad,Saranya Homes,₹65.00 L,1180 sqft,"₹5,508/sqft",2 BHK,2,Apartment,Semi-Furnished,nobroker.in,2026-02-25 15:45:31
Karmanghat,Hyderabad,Sreeram residency,₹80.00 L,1260 sqft,"₹6,349/sqft",2 BHK,2,Apartment,NOT_FURNISHED,nobroker.in,2026-02-25 15:45:31
Bairamalguda,Hyderabad,standalone building,₹75.00 L,576 sqft,"₹13,021/sqft",1 BHK,1,Apartment,NOT_FURNISHED,nobroker.in,2026-02-25 15:45:31
Hastinapuram,Hyderabad,Standalone Building,₹2.50 Cr,5400 sqft,"₹4,630/sqft",4 BHK,9,Apartment,NOT_FURNISHED,nobroker.in,2026-02-25 15:45:31
"Jillalguda,",Hyderabad,Independent House,₹1.60 Cr,952 sqft,"₹16,807/sqft",2 BHK,2,Apartment,NOT_FURNISHED,nobroker.in,2026-02-25 15:45:31
Jillelaguda,Hyderabad,Sri Sainnath Elite Apartments,₹52.00 L,1250 sqft,"₹4,160/sqft",2 BHK,2,Apartment,Semi-Furnished,nobroker.in,2026-02-25 15:45:31
Jillalguda,Hyderabad,Independent House,₹1.60 Cr,1152 sqft,"₹13,889/sqft",4 BHK,4,Apartment,NOT_FURNISHED,nobroker.in,2026-02-25 15:45:31
Jillalguda,Hyderabad,Independent House,₹1.80 Cr,4131 sqft,"₹4,357/sqft",4 BHK,8,Apartment,NOT_FURNISHED,nobroker.in,2026-02-25 15:45:31
"8-18-153, Bhupesh Guptha Nagar, Hyderabad, Medbowli, Telangana 500097, India",Hyderabad,Independent House,₹30.00 L,580 sqft,"₹5,172/sqft",2 BHK,1,Apartment,NOT_FURNISHED,nobroker.in,2026-02-25 15:45:31
Bairamalguda,Hyderabad,Alekhya Tower,₹1.50 Cr,1650 sqft,"₹9,091/sqft",3 BHK,3,Apartment,Furnished,nobroker.in,2026-02-25 15:45:31
Hastinapuram,Hyderabad,SIRI HEGHTS,₹2.50 Cr,3320 sqft,"₹7,530/sqft",4 BHK,3,Apartment,Furnished,nobroker.in,2026-02-25 15:45:31
Gayatri Nagar,Hyderabad,Independent House,₹8.50 Cr,1600 sqft,"₹53,125/sqft",4 BHK,4,Apartment,Furnished,nobroker.in,2026-02-25 15:45:31
SAGAR RING ROAD,Hyderabad,Independent House,₹1.40 Cr,1500 sqft,"₹9,333/sqft",2 BHK,3,Apartment,NOT_FURNISHED,nobroker.in,2026-02-25 15:45:31
Jillalguda,Hyderabad,Independent House,₹2.50 Cr,1000 sqft,"₹25,000/sqft",2 BHK,2,Apartment,NOT_FURNISHED,nobroker.in,2026-02-25 15:45:31
Shamshabad,Hyderabad,Independent House,₹60.00 L,1521 sqft,"₹3,945/sqft",1 BHK,2,Apartment,NOT_FURNISHED,nobroker.in,2026-02-25 15:46:40
Balapur,Hyderabad,Green Home Beverly Slopes,₹1.50 Cr,1500 sqft,"₹10,000/sqft",3 BHK,3,Apartment,Semi-Furnished,nobroker.in,2026-02-25 15:46:40
Narsingi,Hyderabad,Muppas Alankrita,₹2.40 Cr,1975 sqft,"₹12,152/sqft",3 BHK,3,Apartment,Furnished,nobroker.in,2026-02-25 15:46:40
"Mm enclave, Shamshabad, Mamidpally, Hyderabad, Telangana 501218, India",Hyderabad,Jalsa Residency,₹32.50 L,560 sqft,"₹5,804/sqft",1 BHK,1,Apartment,NOT_FURNISHED,nobroker.in,2026-02-25 15:46:40
Shamshabad,Hyderabad,Jalsa Regency,₹1.29 Cr,4292 sqft,"₹3,006/sqft",4 BHK,4,Apartment,NOT_FURNISHED,nobroker.in,2026-02-25 15:46:40
Shamshabad,Hyderabad,Jalsa Regency,₹56.55 L,1885 sqft,"₹3,000/sqft",3 BHK,3,Apartment,NOT_FURNISHED,nobroker.in,2026-02-25 15:46:40
Mamidipally,Hyderabad,Jalsa Residency,₹35.00 L,570 sqft,"₹6,140/sqft",1 BHK,1,Apartment,NOT_FURNISHED,nobroker.in,2026-02-25 15:46:40
Mamidpally,Hyderabad,Independent House,₹8.00 Cr,1400 sqft,"₹57,143/sqft",4 BHK,22,Apartment,Semi-Furnished,nobroker.in,2026-02-25 15:46:40
Mamidipally,Hyderabad,Independent House,₹45.00 L,675 sqft,"₹6,667/sqft",2 BHK,2,Apartment,NOT_FURNISHED,nobroker.in,2026-02-25 15:46:40
"Shamshabad, Hyderabad, Telangana 501218, India",Hyderabad,Vaishnaoi Southwoods,₹5.85 Cr,4259 sqft,"₹13,736/sqft",4 BHK,4,Apartment,Semi-Furnished,nobroker.in,2026-02-25 15:46:40
"Shamshabad, Hyderabad, Telangana 501218, India",Hyderabad,Vaishnaoi Southwoods,₹8.68 Cr,6600 sqft,"₹13,152/sqft",4 BHK,4,Apartment,NOT_FURNISHED,nobroker.in,2026-02-25 15:46:40
Shamshabad,Hyderabad,Independent House,₹95.00 L,1080 sqft,"₹8,796/sqft",2 BHK,3,Apartment,NOT_FURNISHED,nobroker.in,2026-02-25 15:46:40
Shamshabad,Hyderabad,Vaishnaoi Garuda,₹77.72 L,1303 sqft,"₹5,965/sqft",2 BHK,2,Apartment,NOT_FURNISHED,nobroker.in,2026-02-25 15:46:40
Shamshabad,Hyderabad,Vaishnaoi Garuda,₹96.04 L,1574 sqft,"₹6,102/sqft",3 BHK,3,Apartment,NOT_FURNISHED,nobroker.in,2026-02-25 15:46:40
Mamidipally,Hyderabad,CSK Skyscape,₹78.78 L,1370 sqft,"₹5,750/sqft",2 BHK,2,Apartment,NOT_FURNISHED,nobroker.in,2026-02-25 15:46:40
Mamidipally,Hyderabad,CSK Skyscape,₹97.46 L,1695 sqft,"₹5,750/sqft",3 BHK,3,Apartment,NOT_FURNISHED,nobroker.in,2026-02-25 15:46:40
Tukkuguda,Hyderabad,adarsh shubash,₹62.42 L,30900 sqft,₹202/sqft,2 BHK,2,Apartment,NOT_FURNISHED,nobroker.in,2026-02-25 15:46:40
Tukkuguda - Airport View Point Road,Hyderabad,adarsh shubash,₹58.00 L,30900 sqft,₹188/sqft,2 BHK,2,Apartment,NOT_FURNISHED,nobroker.in,2026-02-25 15:46:40
Airport Road,Hyderabad,G vr towers,₹28.00 L,900 sqft,"₹3,111/sqft",2 BHK,2,Apartment,Semi-Furnished,nobroker.in,2026-02-25 15:46:40
Shamshabad,Hyderabad,Independent House,₹2.60 Cr,7700 sqft,"₹3,377/sqft",4 BHK,11,Apartment,Semi-Furnished,nobroker.in,2026-02-25 15:46:40
Shamshabad,Hyderabad,Independent House,₹2.00 Cr,2000 sqft,"₹10,000/sqft",3 BHK,3,Apartment,NOT_FURNISHED,nobroker.in,2026-02-25 15:46:40
Langerguda,Hyderabad,Independent House,₹1.20 Cr,1485 sqft,"₹8,081/sqft",2 BHK,2,Apartment,NOT_FURNISHED,nobroker.in,2026-02-25 15:46:40
Shamshabad,Hyderabad,Independent House,₹1.20 Cr,2462 sqft,"₹4,874/sqft",4 BHK,4,Apartment,NOT_FURNISHED,nobroker.in,2026-02-25 15:46:40
Shamshabad,Hyderabad,Suchirindias Timberleaf,₹3.00 Cr,3800 sqft,"₹7,895/sqft",4 BHK,4,Apartment,Semi-Furnished,nobroker.in,2026-02-25 15:46:40
Rajendra Nagar,Hyderabad,Suchirindia Timber Leaf,₹3.50 Cr,3595 sqft,"₹9,736/sqft",4 BHK,6,Apartment,NOT_FURNISHED,nobroker.in,2026-02-25 15:46:40
Rajendranagar mandal,Hyderabad,Independent House,₹1.00 Cr,1350 sqft,"₹7,407/sqft",3 BHK,2,Apartment,NOT_FURNISHED,nobroker.in,2026-02-25 15:46:40
"1-36, Brindavan Colony, Shamshabad, Hyderabad, Telangana 501218, India",Hyderabad,Independent House,₹1.50 Cr,1500 sqft,"₹10,000/sqft",4 BHK,2,Apartment,NOT_FURNISHED,nobroker.in,2026-02-25 15:46:43
Akber Khan Colony,Hyderabad,Independent House,₹1.15 Cr,1990 sqft,"₹5,779/sqft",4 BHK,5,Apartment,NOT_FURNISHED,nobroker.in,2026-02-25 15:46:43
Almasguda,Hyderabad,Independent House,₹1.95 Cr,2000 sqft,"₹9,750/sqft",4 BHK,4,Apartment,NOT_FURNISHED,nobroker.in,2026-02-25 15:46:43
Mamidipally,Hyderabad,Red Rose Valley,₹3.41 Cr,3100 sqft,"₹11,000/sqft",4 BHK,4,Apartment,Semi-Furnished,nobroker.in,2026-02-25 15:46:43
Mamidipally,Hyderabad,Red Rose Valley,₹3.30 Cr,3000 sqft,"₹11,000/sqft",3 BHK,3,Apartment,Semi-Furnished,nobroker.in,2026-02-25 15:46:43
Mamidipally,Hyderabad,Casagrand Hanford,₹3.20 Cr,2800 sqft,"₹11,429/sqft",4 BHK,4,Apartment,NOT_FURNISHED,nobroker.in,2026-02-25 15:46:43
Mamidpalli,Hyderabad,CASAGRAND HANFORD,₹4.00 Cr,2804 sqft,"₹14,265/sqft",4 BHK,4,Apartment,Furnished,nobroker.in,2026-02-25 15:46:43
Sathamrai Village,Hyderabad,Trishala Trilok,₹1.54 Cr,2200 sqft,"₹7,000/sqft",3 BHK,3,Apartment,NOT_FURNISHED,nobroker.in,2026-02-25 15:46:43
Langerguda,Hyderabad,Indiramma building,₹4.00 L,360 sqft,"₹1,111/sqft",1 RK,1,Apartment,NOT_FURNISHED,nobroker.in,2026-02-25 15:46:43
Tukkuguda,Hyderabad,Yashoda Fiora,₹3.38 Cr,3761 sqft,"₹8,987/sqft",4 BHK,4,Apartment,Semi-Furnished,nobroker.in,2026-02-25 15:46:43
Shamshabad,Hyderabad,Independent House,₹1.60 Cr,4455 sqft,"₹3,591/sqft",4 BHK,10,Apartment,NOT_FURNISHED,nobroker.in,2026-02-25 15:46:43
Shamshabad,Hyderabad,Independent House,₹1.80 Cr,4860 sqft,"₹3,704/sqft",4 BHK,3,Apartment,Furnished,nobroker.in,2026-02-25 15:46:43
Old Shamshabad,Hyderabad,standalonwe building,₹1.60 Cr,3240 sqft,"₹4,938/sqft",4 BHK,6,Apartment,Semi-Furnished,nobroker.in,2026-02-25 15:46:43
Shamshabad,Hyderabad,Independent House,₹27.00 L,670 sqft,"₹4,030/sqft",2 BHK,1,Apartment,NOT_FURNISHED,nobroker.in,2026-02-25 15:46:43
Shamshabad,Hyderabad,Independent House,₹1.30 Cr,1900 sqft,"₹6,842/sqft",3 BHK,2,Apartment,NOT_FURNISHED,nobroker.in,2026-02-25 15:46:43
Shamshabad,Hyderabad,SKA Adharsh Nagar,₹1.75 Cr,2400 sqft,"₹7,292/sqft",4 BHK,4,Apartment,NOT_FURNISHED,nobroker.in,2026-02-25 15:46:43
Satamrai,Hyderabad,Independent House,₹3.70 Cr,2875 sqft,"₹12,870/sqft",4 BHK,4,Apartment,NOT_FURNISHED,nobroker.in,2026-02-25 15:46:43
Satamrai,Hyderabad,Independent House,₹2.90 Cr,2565 sqft,"₹11,306/sqft",3 BHK,3,Apartment,NOT_FURNISHED,nobroker.in,2026-02-25 15:46:43
Sathamrai Village,Hyderabad,Siri Mansion,₹35.00 L,1150 sqft,"₹3,043/sqft",2 BHK,2,Apartment,NOT_FURNISHED,nobroker.in,2026-02-25 15:46:43
Jalpally Township,Hyderabad,Green Home Icons Isle,₹5.00 Cr,4600 sqft,"₹10,870/sqft",4 BHK,6,Apartment,Furnished,nobroker.in,2026-02-25 15:46:43
Shamshabad,Hyderabad,Independent House,₹39.00 L,1170 sqft,"₹3,333/sqft",2 BHK,2,Apartment,NOT_FURNISHED,nobroker.in,2026-02-25 15:46:43
Bitsofy Solution And Consultant,Hyderabad,Independent House,₹80.00 L,900 sqft,"₹8,889/sqft",2 BHK,2,Apartment,Semi-Furnished,nobroker.in,2026-02-25 15:46:43
Bhola ram,Hyderabad,Green Wood Residency,₹1.00 Cr,1665 sqft,"₹6,006/sqft",3 BHK,3,Apartment,Furnished,nobroker.in,2026-02-25 15:46:43
Samshabad,Hyderabad,Standalone Building,₹55.00 L,875 sqft,"₹6,286/sqft",2 BHK,2,Apartment,NOT_FURNISHED,nobroker.in,2026-02-25 15:46:43
Samshabad,Hyderabad,Independent House,₹1.20 Cr,3600 sqft,"₹3,333/sqft",4 BHK,4,Apartment,NOT_FURNISHED,nobroker.in,2026-02-25 15:46:43
"Banjara Hills,",Hyderabad,Independent House,₹80.00 L,800 sqft,"₹10,000/sqft",2 BHK,1,Apartment,NOT_FURNISHED,nobroker.in,2026-02-25 15:44:40
First Lancer,Hyderabad,standalone building,₹75.00 L,8100 sqft,₹926/sqft,4 BHK,6,Apartment,NOT_FURNISHED,nobroker.in,2026-02-25 15:44:40
Banjara Hills,Hyderabad,12 gem Apartment,₹1.80 Cr,1740 sqft,"₹10,345/sqft",3 BHK,3,Apartment,NOT_FURNISHED,nobroker.in,2026-02-25 15:44:40
Bnjarahills,Hyderabad,JMSMS,₹1.70 Cr,1700 sqft,"₹10,000/sqft",3 BHK,3,Apartment,NOT_FURNISHED,nobroker.in,2026-02-25 15:44:40
Banjara Hills,Hyderabad,Independent House,₹1.10 Cr,1503 sqft,"₹7,319/sqft",2 BHK,2,Apartment,NOT_FURNISHED,nobroker.in,2026-02-25 15:44:40
Banjara Hills,Hyderabad,Independent House,₹1.14 Cr,1125 sqft,"₹10,172/sqft",3 BHK,2,Apartment,NOT_FURNISHED,nobroker.in,2026-02-25 15:44:40
Banjara Hills,Hyderabad,AF Apartment,₹30.00 L,700 sqft,"₹4,286/sqft",1 BHK,1,Apartment,NOT_FURNISHED,nobroker.in,2026-02-25 15:44:40
Banjara Hills,Hyderabad,Krishe Valley,₹4.80 Cr,4151 sqft,"₹11,563/sqft",3 BHK,3,Apartment,Furnished,nobroker.in,2026-02-25 15:44:40
Banjara Hills,Hyderabad,k r apartments,₹1.30 Cr,1903 sqft,"₹6,831/sqft",3 BHK,3,Apartment,NOT_FURNISHED,nobroker.in,2026-02-25 15:44:40
Kompally,Hyderabad,Mayfair apartments,₹98.00 L,1895 sqft,"₹5,172/sqft",3 BHK,3,Apartment,NOT_FURNISHED,nobroker.in,2026-02-25 15:44:40
Banjara Hills,Hyderabad,Hanging Gardens,₹2.60 Cr,2552 sqft,"₹10,188/sqft",3 BHK,2,Apartment,Furnished,nobroker.in,2026-02-25 15:44:40
Masab Tank,Hyderabad,Mahmood Care Residency,₹65.00 L,1050 sqft,"₹6,190/sqft",3 BHK,3,Apartment,Semi-Furnished,nobroker.in,2026-02-25 15:44:40
Banjara Hills,Hyderabad,standalone building,₹1.70 Cr,4000 sqft,"₹4,250/sqft",4 BHK,7,Apartment,Semi-Furnished,nobroker.in,2026-02-25 15:44:40
Banjara Hills,Hyderabad,"Dev Kunj, Banjara Hills",₹6.00 Cr,4000 sqft,"₹15,000/sqft",4 BHK,4,Apartment,Furnished,nobroker.in,2026-02-25 15:44:40
Banjara Hills,Hyderabad,munwar residency,₹30.00 L,750 sqft,"₹4,000/sqft",2 BHK,2,Apartment,NOT_FURNISHED,nobroker.in,2026-02-25 15:44:40
Sri Ram Nagar Colony,Hyderabad,No name,₹40.00 L,1000 sqft,"₹4,000/sqft",2 BHK,2,Apartment,Semi-Furnished,nobroker.in,2026-02-25 15:44:40
Ahmed Nagar,Hyderabad,Standalone Building,₹1.40 Cr,1740 sqft,"₹8,046/sqft",3 BHK,3,Apartment,NOT_FURNISHED,nobroker.in,2026-02-25 15:44:40
Banjara Hills,Hyderabad,Amrutha Valley,₹70.00 L,1100 sqft,"₹6,364/sqft",3 BHK,3,Apartment,Semi-Furnished,nobroker.in,2026-02-25 15:44:40
Banjara Hills,Hyderabad,Independent House,₹95.00 L,1500 sqft,"₹6,333/sqft",4 BHK,4,Apartment,NOT_FURNISHED,nobroker.in,2026-02-25 15:44:40
Banjara Hills,Hyderabad,Amrutha Valley,₹1.10 Cr,1450 sqft,"₹7,586/sqft",3 BHK,3,Apartment,Semi-Furnished,nobroker.in,2026-02-25 15:44:40
Banjara Hills,Hyderabad,Amrutha Valley,₹1.25 Cr,920 sqft,"₹13,587/sqft",2 BHK,2,Apartment,Semi-Furnished,nobroker.in,2026-02-25 15:44:40
", Ahmed Nagar,",Hyderabad,standalone building,₹21.00 L,650 sqft,"₹3,231/sqft",2 BHK,2,Apartment,Semi-Furnished,nobroker.in,2026-02-25 15:44:40
Ahmed Nagar,Hyderabad,standalone building,₹25.00 L,670 sqft,"₹3,731/sqft",2 BHK,2,Apartment,Semi-Furnished,nobroker.in,2026-02-25 15:44:40
Banjara Hills,Hyderabad,Spring Rock Apmt,₹2.40 Cr,2000 sqft,"₹12,000/sqft",4 BHK,4,Apartment,Semi-Furnished,nobroker.in,2026-02-25 15:44:40
"Banjara Hills,",Hyderabad,Burj Banjara,₹1.10 Cr,1098 sqft,"₹10,018/sqft",4 BHK,2,Apartment,Semi-Furnished,nobroker.in,2026-02-25 15:44:40
Banjara Hills,Hyderabad,Independent House,₹80.00 L,729 sqft,"₹10,974/sqft",2 BHK,1,Apartment,NOT_FURNISHED,nobroker.in,2026-02-25 15:44:40
Banjara Hills,Hyderabad,Quraishi Enclave,₹82.00 L,1350 sqft,"₹6,074/sqft",3 BHK,2,Apartment,Furnished,nobroker.in,2026-02-25 15:44:43
Banjara Hills,Hyderabad,Independent House,₹2.50 Cr,1800 sqft,"₹13,889/sqft",3 BHK,5,Apartment,NOT_FURNISHED,nobroker.in,2026-02-25 15:44:43
Masab tank,Hyderabad,Shams Park View Residency,₹82.00 L,1456 sqft,"₹5,632/sqft",3 BHK,3,Apartment,Furnished,nobroker.in,2026-02-25 15:44:43
Lakshmi Nivas,Hyderabad,MR?S Lakshmi Nivas,₹1.20 Cr,1500 sqft,"₹8,000/sqft",3 BHK,3,Apartment,Furnished,nobroker.in,2026-02-25 15:44:43
masab tank,Hyderabad,Mehmood Care,₹65.00 L,1250 sqft,"₹5,200/sqft",3 BHK,3,Apartment,Semi-Furnished,nobroker.in,2026-02-25 15:44:43
Banjara Hills,Hyderabad,Sapphire Residency,₹55.00 L,1256 sqft,"₹4,379/sqft",3 BHK,3,Apartment,Semi-Furnished,nobroker.in,2026-02-25 15:44:43
Masab Tank,Hyderabad,Standalone Building,₹1.82 Cr,2500 sqft,"₹7,280/sqft",3 BHK,3,Apartment,Semi-Furnished,nobroker.in,2026-02-25 15:44:43
Masab tank,Hyderabad,sai priya,₹14.56 Cr,20000 sqft,"₹7,280/sqft",4 BHK,24,Apartment,NOT_FURNISHED,nobroker.in,2026-02-25 15:44:43
Banjara Hills,Hyderabad,Independent House,₹50.00 L,1080 sqft,"₹4,630/sqft",3 BHK,3,Apartment,NOT_FURNISHED,nobroker.in,2026-02-25 15:44:43
Banjara Hills,Hyderabad,ameena gulshan,₹68.00 L,1450 sqft,"₹4,690/sqft",3 BHK,2,Apartment,NOT_FURNISHED,nobroker.in,2026-02-25 15:44:43
Banjara Hills,Hyderabad,Cedar apartment,₹1.00 Cr,1200 sqft,"₹8,333/sqft",2 BHK,2,Apartment,Semi-Furnished,nobroker.in,2026-02-25 15:44:43
Masab Tank,Hyderabad,Independent House,₹2.50 Cr,2025 sqft,"₹12,346/sqft",4 BHK,3,Apartment,NOT_FURNISHED,nobroker.in,2026-02-25 15:44:43
Banjara Hills,Hyderabad,mahabani comlplex,₹1.50 Cr,1010 sqft,"₹14,851/sqft",3 BHK,2,Apartment,Semi-Furnished,nobroker.in,2026-02-25 15:44:43
Banjara Hills,Hyderabad,Independent House,₹4.10 Cr,2600 sqft,"₹15,769/sqft",4 BHK,4,Apartment,Semi-Furnished,nobroker.in,2026-02-25 15:44:43
Banjara Hills,Hyderabad,Sarada Residency,₹6.50 Cr,8000 sqft,"₹8,125/sqft",4 BHK,5,Apartment,Furnished,nobroker.in,2026-02-25 15:44:43
Banjarahills,Hyderabad,Independent House,₹2.30 Cr,2400 sqft,"₹9,583/sqft",3 BHK,3,Apartment,NOT_FURNISHED,nobroker.in,2026-02-25 15:44:43
"Owaisipura Rd, Ex Service Men Colony, Mehdipatnam, Ex Service Men Colony, Masab Tank, Hyderabad, Telangana 500028, India",Hyderabad,"Shams Park View Residency, sree ram nagar colony,  ghmc park",₹82.00 L,1456 sqft,"₹5,632/sqft",3 BHK,3,Apartment,Furnished,nobroker.in,2026-02-25 15:44:43
Mehdipatnam,Hyderabad,Standalone Building,₹48.00 L,560 sqft,"₹8,571/sqft",2 BHK,2,Apartment,Semi-Furnished,nobroker.in,2026-02-25 15:44:43
"8-2-686/1, NBT Nagar, Banjara Hills, Hyderabad, Telangana 500028, India",Hyderabad,Independent House,₹8.00 Cr,1750 sqft,"₹45,714/sqft",4 BHK,2,Apartment,NOT_FURNISHED,nobroker.in,2026-02-25 15:44:43
Banjara Hills,Hyderabad,Apartment,₹1.00 Cr,1600 sqft,"₹6,250/sqft",3 BHK,3,Apartment,NOT_FURNISHED,nobroker.in,2026-02-25 15:44:43
Banjara Hills,Hyderabad,Independent House,₹75.00 L,900 sqft,"₹8,333/sqft",3 BHK,2,Apartment,NOT_FURNISHED,nobroker.in,2026-02-25 15:44:43
Banjara Hills,Hyderabad,Usha Arun Apartments,₹1.25 Cr,1720 sqft,"₹7,267/sqft",3 BHK,2,Apartment,Furnished,nobroker.in,2026-02-25 15:44:43
Masab Tank,Hyderabad,azez classic,₹1.20 Cr,1621 sqft,"₹7,403/sqft",3 BHK,3,Apartment,NOT_FURNISHED,nobroker.in,2026-02-25 15:44:43
Banjara Hills,Hyderabad,La Paloma Caves,₹6.25 Cr,3890 sqft,"₹16,067/sqft",4 BHK,4,Apartment,Semi-Furnished,nobroker.in,2026-02-25 15:44:43
Banjara Hills,Hyderabad,Independent House,₹1.52 Cr,2600 sqft,"₹5,846/sqft",4 BHK,6,Apartment,Semi-Furnished,nobroker.in,2026-02-25 15:44:43
"FG3V+74C, Vishnupuri Extn, Sri Rama Nagar, Malkajgiri, Secunderabad, Telangana 500047, India",Hyderabad,Laxmi Residency,₹73.00 L,1450 sqft,"₹5,034/sqft",3 BHK,2,Apartment,NOT_FURNISHED,nobroker.in,2026-02-25 15:44:07
Malkajgiri,Hyderabad,Standalone Building,₹48.00 L,1300 sqft,"₹3,692/sqft",2 BHK,2,Apartment,NOT_FURNISHED,nobroker.in,2026-02-25 15:44:07
Malkajgiri,Hyderabad,standlone building,₹48.00 L,1450 sqft,"₹3,310/sqft",2 BHK,2,Apartment,NOT_FURNISHED,nobroker.in,2026-02-25 15:44:07
Malkajgiri,Hyderabad,Ananaya Appartment,₹42.00 L,920 sqft,"₹4,565/sqft",2 BHK,2,Apartment,Furnished,nobroker.in,2026-02-25 15:44:07
Malkajgiri,Hyderabad,Independent House,₹1.20 Cr,1600 sqft,"₹7,500/sqft",3 BHK,3,Apartment,NOT_FURNISHED,nobroker.in,2026-02-25 15:44:07
Moula Ali,Hyderabad,Independent House,₹2.50 Cr,1700 sqft,"₹14,706/sqft",3 BHK,3,Apartment,NOT_FURNISHED,nobroker.in,2026-02-25 15:44:07
cifil colony,Hyderabad,Independent House,₹87.00 L,1500 sqft,"₹5,800/sqft",3 BHK,4,Apartment,Semi-Furnished,nobroker.in,2026-02-25 15:44:07
Malkajgiri,Hyderabad,Independent House,₹1.50 Cr,3360 sqft,"₹4,464/sqft",4 BHK,5,Apartment,NOT_FURNISHED,nobroker.in,2026-02-25 15:44:07
Moula Ali,Hyderabad,Standalone Building,₹3.00 Cr,7200 sqft,"₹4,167/sqft",4 BHK,20,Apartment,NOT_FURNISHED,nobroker.in,2026-02-25 15:44:07
anandhbagh,Hyderabad,Independent House,₹3.00 Cr,1500 sqft,"₹20,000/sqft",3 BHK,3,Apartment,NOT_FURNISHED,nobroker.in,2026-02-25 15:44:07
Malkajgiri,Hyderabad,Standalone Building,₹1.50 Cr,5850 sqft,"₹2,564/sqft",4 BHK,8,Apartment,Semi-Furnished,nobroker.in,2026-02-25 15:44:07
Malkajgiri,Hyderabad,Independent House,₹1.40 Cr,1989 sqft,"₹7,039/sqft",3 BHK,3,Apartment,Semi-Furnished,nobroker.in,2026-02-25 15:44:07
Moula Ali,Hyderabad,Lakshmi Nilayam,₹60.00 L,800 sqft,"₹7,500/sqft",2 BHK,2,Apartment,NOT_FURNISHED,nobroker.in,2026-02-25 15:44:07
Malkajgiri,Hyderabad,Subodaya Apartment,₹40.00 L,750 sqft,"₹5,333/sqft",2 BHK,2,Apartment,NOT_FURNISHED,nobroker.in,2026-02-25 15:44:07
Malkajgiri,Hyderabad,Meghana Arcade,₹75.00 L,1340 sqft,"₹5,597/sqft",3 BHK,2,Apartment,Furnished,nobroker.in,2026-02-25 15:44:07
Malkajgiri,Hyderabad,Varudu adri,₹1.25 Cr,800 sqft,"₹15,625/sqft",1 BHK,1,Apartment,Semi-Furnished,nobroker.in,2026-02-25 15:44:07
Malkajgiri,Hyderabad,Independent House,₹2.30 Cr,2900 sqft,"₹7,931/sqft",4 BHK,5,Apartment,Semi-Furnished,nobroker.in,2026-02-25 15:44:07
EAST ANANDBAGH,Hyderabad,Independent House,₹1.70 Cr,2500 sqft,"₹6,800/sqft",4 BHK,4,Apartment,Semi-Furnished,nobroker.in,2026-02-25 15:44:07
Malkajgiri,Hyderabad,Independent House,₹70.00 L,900 sqft,"₹7,778/sqft",2 BHK,1,Apartment,NOT_FURNISHED,nobroker.in,2026-02-25 15:44:07
Malkajgiri,Hyderabad,Independent House,₹1.20 Cr,1656 sqft,"₹7,246/sqft",3 BHK,4,Apartment,NOT_FURNISHED,nobroker.in,2026-02-25 15:44:07
Moula Ali,Hyderabad,Independent House,₹80.00 L,1000 sqft,"₹8,000/sqft",2 BHK,3,Apartment,Semi-Furnished,nobroker.in,2026-02-25 15:44:07
Malkajgiri,Hyderabad,Independent House,₹1.00 Cr,200 sqft,"₹50,000/sqft",1 RK,1,Apartment,Semi-Furnished,nobroker.in,2026-02-25 15:44:07
"*********** PRG Raju St, East Anandbagh, CIEFL Colony, Moula Ali, Hyderabad, Secunderabad, Telangana 500047, India",Hyderabad,Independent House,₹1.50 Cr,1800 sqft,"₹8,333/sqft",3 BHK,3,Apartment,NOT_FURNISHED,nobroker.in,2026-02-25 15:44:07
"Anandbagh, Moula Ali",Hyderabad,Independent House,₹95.00 L,1200 sqft,"₹7,917/sqft",4 BHK,6,Apartment,NOT_FURNISHED,nobroker.in,2026-02-25 15:44:07
Malkajgiri,Hyderabad,malkajgiri,₹25.00 L,650 sqft,"₹3,846/sqft",2 BHK,2,Apartment,Semi-Furnished,nobroker.in,2026-02-25 15:44:07
Malkajgiri,Hyderabad,Independent House,₹1.30 Cr,1500 sqft,"₹8,667/sqft",2 BHK,2,Apartment,Semi-Furnished,nobroker.in,2026-02-25 15:44:07
Malkajgiri,Hyderabad,Madhusree Tirumala,₹40.00 L,1000 sqft,"₹4,000/sqft",2 BHK,2,Apartment,Semi-Furnished,nobroker.in,2026-02-25 15:44:09
Malkajgiri,Hyderabad,laxmi apartments,₹72.00 L,1300 sqft,"₹5,538/sqft",2 BHK,2,Apartment,NOT_FURNISHED,nobroker.in,2026-02-25 15:44:09
"Malkajgiri, Hyderabad",Hyderabad,"Mythri Nivas, Malkajgiri, Malkajgiri, Hyderabad",₹60.00 L,680 sqft,"₹8,824/sqft",2 BHK,1,Apartment,NOT_FURNISHED,nobroker.in,2026-02-25 15:44:09
"Moula Ali,",Hyderabad,icrisat enclave,₹60.00 L,1000 sqft,"₹6,000/sqft",2 BHK,2,Apartment,Semi-Furnished,nobroker.in,2026-02-25 15:44:09
Malkajgiri,Hyderabad,aiswaraya apartment,₹49.00 L,1070 sqft,"₹4,579/sqft",2 BHK,3,Apartment,Furnished,nobroker.in,2026-02-25 15:44:09
Malkajgiri,Hyderabad,Sai Charan Residency,₹37.00 L,784 sqft,"₹4,719/sqft",2 BHK,2,Apartment,NOT_FURNISHED,nobroker.in,2026-02-25 15:44:09
Malkajgiri,Hyderabad,Prashanti Nilayam,₹25.00 L,550 sqft,"₹4,545/sqft",1 RK,1,Apartment,Semi-Furnished,nobroker.in,2026-02-25 15:44:09
Malkajgiri,Hyderabad,laskhmi nilayam,₹30.00 L,950 sqft,"₹3,158/sqft",2 BHK,2,Apartment,NOT_FURNISHED,nobroker.in,2026-02-25 15:44:09
Malkajgiri,Hyderabad,Independent House,₹48.00 L,550 sqft,"₹8,727/sqft",1 BHK,1,Apartment,NOT_FURNISHED,nobroker.in,2026-02-25 15:44:09
Moula Ali,Hyderabad,Independent House,₹1.20 Cr,1100 sqft,"₹10,909/sqft",3 BHK,3,Apartment,NOT_FURNISHED,nobroker.in,2026-02-25 15:44:09
East Anandbagh,Hyderabad,Independent House,₹1.70 Cr,2850 sqft,"₹5,965/sqft",4 BHK,4,Apartment,Furnished,nobroker.in,2026-02-25 15:44:09
secundrabad,Hyderabad,shubhodaya,₹34.00 L,816 sqft,"₹4,167/sqft",2 BHK,2,Apartment,NOT_FURNISHED,nobroker.in,2026-02-25 15:44:09
"FG4V+J46, ICRISAT Enclave, Anandbagh, Moula Ali, Secunderabad, Telangana 500047, India",Hyderabad,Sri Krishna Residency,₹75.00 L,1020 sqft,"₹7,353/sqft",2 BHK,2,Apartment,Furnished,nobroker.in,2026-02-25 15:44:09
Malkajgiri,Hyderabad,Sreedhar enclave,₹35.00 L,1000 sqft,"₹3,500/sqft",2 BHK,2,Apartment,NOT_FURNISHED,nobroker.in,2026-02-25 15:44:09
Moula Ali,Hyderabad,Sri krishna residency,₹89.00 L,1350 sqft,"₹6,593/sqft",3 BHK,3,Apartment,Semi-Furnished,nobroker.in,2026-02-25 15:44:09
Malkajgiri,Hyderabad,Ramachandra Apartment,₹25.00 L,500 sqft,"₹5,000/sqft",1 BHK,1,Apartment,NOT_FURNISHED,nobroker.in,2026-02-25 15:44:09
Malkajgiri,Hyderabad,Apartment,₹30.00 L,800 sqft,"₹3,750/sqft",2 BHK,2,Apartment,NOT_FURNISHED,nobroker.in,2026-02-25 15:44:09
Malkajgiri,Hyderabad,jyothi appartments,₹20.00 L,490 sqft,"₹4,082/sqft",1 BHK,1,Apartment,Semi-Furnished,nobroker.in,2026-02-25 15:44:09
Moula Ali,Hyderabad,Independent House,₹3.25 Cr,2000 sqft,"₹16,250/sqft",4 BHK,3,Apartment,NOT_FURNISHED,nobroker.in,2026-02-25 15:44:09
Malkajgiri,Hyderabad,Independent House,₹2.50 Cr,2700 sqft,"₹9,259/sqft",4 BHK,5,Apartment,NOT_FURNISHED,nobroker.in,2026-02-25 15:44:09
Malkajgiri,Hyderabad,Independent House,₹2.00 Cr,2300 sqft,"₹8,696/sqft",4 BHK,4,Apartment,Semi-Furnished,nobroker.in,2026-02-25 15:44:09
Malkajgiri,Hyderabad,Meghana Manoj Heights,₹66.00 L,1160 sqft,"₹5,690/sqft",2 BHK,2,Apartment,Semi-Furnished,nobroker.in,2026-02-25 15:44:09
"Anandbagh, Moula Ali",Hyderabad,Nuthan Sneha Apartments,₹46.00 L,1100 sqft,"₹4,182/sqft",2 BHK,2,Apartment,NOT_FURNISHED,nobroker.in,2026-02-25 15:44:09
east anandhbagh Malkajgiri,Hyderabad,Independent House,₹3.25 Cr,1000 sqft,"₹32,500/sqft",2 BHK,3,Apartment,NOT_FURNISHED,nobroker.in,2026-02-25 15:44:09
SREE BM RESIDENCY,Hyderabad,Sree B M Residency,₹70.00 L,2200 sqft,"₹3,182/sqft",3 BHK,4,Apartment,Semi-Furnished,nobroker.in,2026-02-25 15:44:09
Rampally,Hyderabad,chandra residency,₹37.00 L,850 sqft,"₹4,353/sqft",2 BHK,2,Apartment,NOT_FURNISHED,nobroker.in,2026-02-25 15:47:07
Rampally,Hyderabad,chandra residency,₹40.00 L,850 sqft,"₹4,706/sqft",2 BHK,2,Apartment,Semi-Furnished,nobroker.in,2026-02-25 15:47:07
Rampally,Hyderabad,Independent House,₹55.00 L,950 sqft,"₹5,789/sqft",1 BHK,2,Apartment,NOT_FURNISHED,nobroker.in,2026-02-25 15:47:07
Rampally,Hyderabad,Laxmi Complex,₹34.00 L,1050 sqft,"₹3,238/sqft",2 BHK,2,Apartment,Semi-Furnished,nobroker.in,2026-02-25 15:47:07
"Suchitra colony, Old Rampally Village Main, Rampally, Secunderabad, Telangana 501302, India",Hyderabad,Independent House,₹1.30 Cr,1350 sqft,"₹9,630/sqft",2 BHK,2,Apartment,NOT_FURNISHED,nobroker.in,2026-02-25 15:47:07
Suchitra,Hyderabad,standalone building,₹1.50 Cr,1800 sqft,"₹8,333/sqft",3 BHK,4,Apartment,Semi-Furnished,nobroker.in,2026-02-25 15:47:07
Rampally,Hyderabad,Independent House,₹75.00 L,1800 sqft,"₹4,167/sqft",3 BHK,3,Apartment,NOT_FURNISHED,nobroker.in,2026-02-25 15:47:07
Rampally,Hyderabad,Independent House,₹68.00 L,1620 sqft,"₹4,198/sqft",2 BHK,2,Apartment,NOT_FURNISHED,nobroker.in,2026-02-25 15:47:07
Rampally,Hyderabad,Independent House,₹1.40 Cr,2582 sqft,"₹5,422/sqft",4 BHK,4,Apartment,NOT_FURNISHED,nobroker.in,2026-02-25 15:47:07
Rampally,Hyderabad,Independent House,₹95.00 L,1200 sqft,"₹7,917/sqft",2 BHK,2,Apartment,Furnished,nobroker.in,2026-02-25 15:47:07
Rampally,Hyderabad,Independent House,₹85.00 L,1350 sqft,"₹6,296/sqft",2 BHK,2,Apartment,NOT_FURNISHED,nobroker.in,2026-02-25 15:47:07
Rampally iris school,Hyderabad,Independent House,₹1.60 Cr,1800 sqft,"₹8,889/sqft",2 BHK,2,Apartment,NOT_FURNISHED,nobroker.in,2026-02-25 15:47:07
"FJ9P+CR4, Rampally Main Rd, Rampally, Secunderabad, Telangana 501302, India",Hyderabad,Raghavendra Enclave,₹78.00 L,1050 sqft,"₹7,429/sqft",2 BHK,2,Apartment,NOT_FURNISHED,nobroker.in,2026-02-25 15:47:07
keesara mandal,Hyderabad,Independent House,₹79.00 L,1395 sqft,"₹5,663/sqft",2 BHK,2,Apartment,NOT_FURNISHED,nobroker.in,2026-02-25 15:47:07
rampally,Hyderabad,standalone building,₹69.50 L,1141 sqft,"₹6,091/sqft",2 BHK,2,Apartment,Furnished,nobroker.in,2026-02-25 15:47:07
Rampally,Hyderabad,Independent House,₹1.15 Cr,2500 sqft,"₹4,600/sqft",4 BHK,5,Apartment,NOT_FURNISHED,nobroker.in,2026-02-25 15:47:07
Rampally,Hyderabad,Independent House,₹75.00 L,1060 sqft,"₹7,075/sqft",3 BHK,3,Apartment,Semi-Furnished,nobroker.in,2026-02-25 15:47:07
Rampally,Hyderabad,Independent House,₹70.00 L,1100 sqft,"₹6,364/sqft",2 BHK,2,Apartment,NOT_FURNISHED,nobroker.in,2026-02-25 15:47:07
Rampally,Hyderabad,Independent House,₹1.50 Cr,1200 sqft,"₹12,500/sqft",2 BHK,2,Apartment,NOT_FURNISHED,nobroker.in,2026-02-25 15:47:07
Rampally,Hyderabad,DSR Raj Enclave,₹75.00 L,1200 sqft,"₹6,250/sqft",2 BHK,2,Apartment,NOT_FURNISHED,nobroker.in,2026-02-25 15:47:07
Rampally,Hyderabad,Independent House,₹1.30 Cr,2200 sqft,"₹5,909/sqft",4 BHK,2,Apartment,NOT_FURNISHED,nobroker.in,2026-02-25 15:47:07
Rampally X Road,Hyderabad,Independent House,₹1.35 Cr,3800 sqft,"₹3,553/sqft",4 BHK,5,Apartment,NOT_FURNISHED,nobroker.in,2026-02-25 15:47:07
Rampally,Hyderabad,Independent House,₹80.00 L,1250 sqft,"₹6,400/sqft",2 BHK,2,Apartment,NOT_FURNISHED,nobroker.in,2026-02-25 15:47:07
Nagaram,Hyderabad,Apartment,₹47.00 L,1100 sqft,"₹4,273/sqft",2 BHK,2,Apartment,NOT_FURNISHED,nobroker.in,2026-02-25 15:47:07
Nagaram,Hyderabad,Independent House,₹4.00 Cr,5400 sqft,"₹7,407/sqft",4 BHK,9,Apartment,NOT_FURNISHED,nobroker.in,2026-02-25 15:47:07
Rampally,Hyderabad,Independent House,₹1.06 Cr,1530 sqft,"₹6,928/sqft",2 BHK,2,Apartment,NOT_FURNISHED,nobroker.in,2026-02-25 15:47:07
Rampally X Road,Hyderabad,Independent House,₹98.00 L,1053 sqft,"₹9,307/sqft",4 BHK,3,Apartment,NOT_FURNISHED,nobroker.in,2026-02-25 15:47:10
rampally,Hyderabad,Independent House,₹98.00 L,1125 sqft,"₹8,711/sqft",4 BHK,4,Apartment,NOT_FURNISHED,nobroker.in,2026-02-25 15:47:10
Secunderabad,Hyderabad,Independent House,₹74.00 L,1100 sqft,"₹6,727/sqft",2 BHK,2,Apartment,NOT_FURNISHED,nobroker.in,2026-02-25 15:47:10
Rampally,Hyderabad,Independent House,₹98.00 L,1350 sqft,"₹7,259/sqft",2 BHK,3,Apartment,NOT_FURNISHED,nobroker.in,2026-02-25 15:47:10
Rampally,Hyderabad,Independent House,₹76.90 L,1250 sqft,"₹6,152/sqft",2 BHK,2,Apartment,Furnished,nobroker.in,2026-02-25 15:47:10
Rampally,Hyderabad,Independent House,₹1.10 Cr,2200 sqft,"₹5,000/sqft",4 BHK,4,Apartment,NOT_FURNISHED,nobroker.in,2026-02-25 15:47:10
"Rampally,",Hyderabad,Independent House,₹1.20 Cr,2200 sqft,"₹5,455/sqft",4 BHK,4,Apartment,Semi-Furnished,nobroker.in,2026-02-25 15:47:10
Rampally,Hyderabad,Independent House,₹75.00 L,1140 sqft,"₹6,579/sqft",2 BHK,2,Apartment,NOT_FURNISHED,nobroker.in,2026-02-25 15:47:10
Amberpet,Hyderabad,Standalone Building,₹43.00 L,1040 sqft,"₹4,135/sqft",4 BHK,1,Apartment,Semi-Furnished,nobroker.in,2026-02-25 15:47:10
Rampally,Hyderabad,Independent House,₹60.00 L,1080 sqft,"₹5,556/sqft",2 BHK,2,Apartment,NOT_FURNISHED,nobroker.in,2026-02-25 15:47:10
Rampally,Hyderabad,Independent House,₹66.00 L,1100 sqft,"₹6,000/sqft",2 BHK,2,Apartment,Furnished,nobroker.in,2026-02-25 15:47:10
Rampally,Hyderabad,Independent House,₹76.00 L,1000 sqft,"₹7,600/sqft",2 BHK,2,Apartment,Semi-Furnished,nobroker.in,2026-02-25 15:47:10
Rampally,Hyderabad,Independent House,₹1.15 Cr,2000 sqft,"₹5,750/sqft",3 BHK,5,Apartment,NOT_FURNISHED,nobroker.in,2026-02-25 15:47:10
Rampally,Hyderabad,Independent House,₹75.00 L,900 sqft,"₹8,333/sqft",1 BHK,1,Apartment,NOT_FURNISHED,nobroker.in,2026-02-25 15:47:10
Rampally,Hyderabad,PVR Residency,₹75.00 L,1400 sqft,"₹5,357/sqft",2 BHK,2,Apartment,Furnished,nobroker.in,2026-02-25 15:47:10
Rampally,Hyderabad,Independent House,₹80.00 L,1300 sqft,"₹6,154/sqft",2 BHK,2,Apartment,NOT_FURNISHED,nobroker.in,2026-02-25 15:47:10
Rampally,Hyderabad,Independent House,₹85.00 L,1500 sqft,"₹5,667/sqft",2 BHK,2,Apartment,NOT_FURNISHED,nobroker.in,2026-02-25 15:47:10
Rampally,Hyderabad,Independent House,₹76.00 L,1296 sqft,"₹5,864/sqft",2 BHK,2,Apartment,Semi-Furnished,nobroker.in,2026-02-25 15:47:10
Secunderabad,Hyderabad,Independent House,₹65.00 L,900 sqft,"₹7,222/sqft",2 BHK,2,Apartment,NOT_FURNISHED,nobroker.in,2026-02-25 15:47:10
Sheshadri Nagar,Hyderabad,Independent House,₹78.00 L,1413 sqft,"₹5,520/sqft",2 BHK,2,Apartment,NOT_FURNISHED,nobroker.in,2026-02-25 15:47:10
Rampally,Hyderabad,Independent House,₹80.00 L,1224 sqft,"₹6,536/sqft",2 BHK,2,Apartment,NOT_FURNISHED,nobroker.in,2026-02-25 15:47:10
Rampally,Hyderabad,Independent House,₹60.00 L,1100 sqft,"₹5,455/sqft",3 BHK,2,Apartment,NOT_FURNISHED,nobroker.in,2026-02-25 15:47:10
Rampally,Hyderabad,Independent House,₹2.50 Cr,800 sqft,"₹31,250/sqft",4 BHK,5,Apartment,Semi-Furnished,nobroker.in,2026-02-25 15:47:10
Rampally,Hyderabad,Independent House,₹90.00 L,1900 sqft,"₹4,737/sqft",4 BHK,4,Apartment,NOT_FURNISHED,nobroker.in,2026-02-25 15:47:10
Godumakunta,Hyderabad,Independent House,₹75.00 L,1500 sqft,"₹5,000/sqft",3 BHK,4,Apartment,NOT_FURNISHED,nobroker.in,2026-02-25 15:47:10
"Nawab Saheb Kunta,",Hyderabad,Independent House,₹86.00 L,900 sqft,"₹9,556/sqft",2 BHK,2,Apartment,NOT_FURNISHED,nobroker.in,2026-02-25 15:44:53
Nawab Saheb Kunta,Hyderabad,Independent House,₹1.90 Cr,1350 sqft,"₹14,074/sqft",4 BHK,4,Apartment,Furnished,nobroker.in,2026-02-25 15:44:53
Shastripuram,Hyderabad,Independent House,₹84.00 L,2340 sqft,"₹3,590/sqft",4 BHK,5,Apartment,NOT_FURNISHED,nobroker.in,2026-02-25 15:44:53
Nawab Saheb Kunta,Hyderabad,apartment,₹60.00 L,1800 sqft,"₹3,333/sqft",2 BHK,2,Apartment,NOT_FURNISHED,nobroker.in,2026-02-25 15:44:53
Nawab Saheb Kunta,Hyderabad,Independent House,₹24.00 L,495 sqft,"₹4,848/sqft",1 BHK,1,Apartment,NOT_FURNISHED,nobroker.in,2026-02-25 15:44:53
Nawab Saheb Kunta,Hyderabad,Anjom Construcion,₹61.00 L,1350 sqft,"₹4,519/sqft",3 BHK,3,Apartment,NOT_FURNISHED,nobroker.in,2026-02-25 15:44:53
Nawab Saheb Kunta,Hyderabad,Independent House,₹47.00 L,1335 sqft,"₹3,521/sqft",3 BHK,3,Apartment,NOT_FURNISHED,nobroker.in,2026-02-25 15:44:53
"Rizwan Colony, Shastripuram Colony, Nawab Saheb Kunta",Hyderabad,Independent House,₹75.00 L,900 sqft,"₹8,333/sqft",3 BHK,3,Apartment,NOT_FURNISHED,nobroker.in,2026-02-25 15:44:53
Nawab Saheb Kunta,Hyderabad,Independent House,₹1.10 Cr,2750 sqft,"₹4,000/sqft",4 BHK,7,Apartment,NOT_FURNISHED,nobroker.in,2026-02-25 15:44:53
"************** Mustafa Nagar, Nawab Saheb Kunta, Hyderabad, Telangana 500052, India",Hyderabad,Independent House,₹55.00 L,950 sqft,"₹5,789/sqft",3 BHK,1,Apartment,Semi-Furnished,nobroker.in,2026-02-25 15:44:53
Shastripuram,Hyderabad,Independent House,₹62.00 L,1620 sqft,"₹3,827/sqft",4 BHK,4,Apartment,NOT_FURNISHED,nobroker.in,2026-02-25 15:44:53
shastripuram,Hyderabad,Independent House,₹57.00 L,900 sqft,"₹6,333/sqft",2 BHK,1,Apartment,NOT_FURNISHED,nobroker.in,2026-02-25 15:44:53
Nawab Saheb Kunta,Hyderabad,Independent House,₹2.00 Cr,1800 sqft,"₹11,111/sqft",3 BHK,2,Apartment,Semi-Furnished,nobroker.in,2026-02-25 15:44:53
owaisi palace road shashthripuram,Hyderabad,kings villas,₹1.80 Cr,2200 sqft,"₹8,182/sqft",4 BHK,4,Apartment,Furnished,nobroker.in,2026-02-25 15:44:53
Nawab Saheb Kunta,Hyderabad,Independent House,₹50.00 L,1150 sqft,"₹4,348/sqft",3 BHK,1,Apartment,NOT_FURNISHED,nobroker.in,2026-02-25 15:44:53
Nawab Saheb Kunta,Hyderabad,hills tower,₹35.00 L,1200 sqft,"₹2,917/sqft",2 BHK,2,Apartment,NOT_FURNISHED,nobroker.in,2026-02-25 15:44:53
Nawab Saheb Kunta,Hyderabad,Hills Tower,₹32.00 L,645 sqft,"₹4,961/sqft",2 BHK,2,Apartment,NOT_FURNISHED,nobroker.in,2026-02-25 15:44:53
Nawab Saheb Kunta,Hyderabad,Independent House,₹1.50 Cr,1530 sqft,"₹9,804/sqft",4 BHK,4,Apartment,NOT_FURNISHED,nobroker.in,2026-02-25 15:44:53
Shivarampally,Hyderabad,Independent House,₹4.00 Cr,5335 sqft,"₹7,498/sqft",4 BHK,8,Apartment,Semi-Furnished,nobroker.in,2026-02-25 15:44:53
Jahannuma,Hyderabad,Independent House,₹33.00 L,747 sqft,"₹4,418/sqft",2 BHK,1,Apartment,Semi-Furnished,nobroker.in,2026-02-25 15:44:53
"Mustafa Nagar, Nawab Saheb Kunta",Hyderabad,Independent House,₹70.00 L,1200 sqft,"₹5,833/sqft",2 BHK,2,Apartment,NOT_FURNISHED,nobroker.in,2026-02-25 15:44:53
Nawab Saheb Kunta,Hyderabad,Independent House,₹55.00 L,900 sqft,"₹6,111/sqft",2 BHK,1,Apartment,NOT_FURNISHED,nobroker.in,2026-02-25 15:44:53
Shastipuram Colony,Hyderabad,shastipuram,₹44.00 L,665 sqft,"₹6,617/sqft",2 BHK,2,Apartment,NOT_FURNISHED,nobroker.in,2026-02-25 15:44:53
Khammam Sri Chaitanya Global Olympiad School,Hyderabad,Mayfair Virar Gardens,₹35.00 L,355 sqft,"₹9,859/sqft",1 BHK,2,Apartment,NOT_FURNISHED,nobroker.in,2026-02-25 15:44:53
Shastripuram Colony,Hyderabad,Independent House,₹1.10 Cr,1920 sqft,"₹5,729/sqft",4 BHK,6,Apartment,NOT_FURNISHED,nobroker.in,2026-02-25 15:44:53
Shastripuram Colony,Hyderabad,Independent House,₹99.00 L,1800 sqft,"₹5,500/sqft",2 BHK,1,Apartment,NOT_FURNISHED,nobroker.in,2026-02-25 15:44:53
Tad Bun,Hyderabad,Independent House,₹1.45 Cr,4050 sqft,"₹3,580/sqft",4 BHK,10,Apartment,NOT_FURNISHED,nobroker.in,2026-02-25 15:44:56
Nawab Saheb Kunta,Hyderabad,Independent House,₹44.00 L,810 sqft,"₹5,432/sqft",3 BHK,2,Apartment,NOT_FURNISHED,nobroker.in,2026-02-25 15:44:56
tad bun,Hyderabad,Independent House,₹90.00 L,1710 sqft,"₹5,263/sqft",4 BHK,2,Apartment,NOT_FURNISHED,nobroker.in,2026-02-25 15:44:56
Nawab Saheb Kunta,Hyderabad,Independent House,₹55.00 L,2000 sqft,"₹2,750/sqft",4 BHK,2,Apartment,NOT_FURNISHED,nobroker.in,2026-02-25 15:44:56
Nawab Saheb Kunta,Hyderabad,Independent House,₹60.00 L,630 sqft,"₹9,524/sqft",2 BHK,2,Apartment,NOT_FURNISHED,nobroker.in,2026-02-25 15:44:56
Shastripuram,Hyderabad,Independent House,₹1.20 Cr,3000 sqft,"₹4,000/sqft",4 BHK,4,Apartment,NOT_FURNISHED,nobroker.in,2026-02-25 15:44:56
Vattepally,Hyderabad,Independent House,₹55.00 L,1388 sqft,"₹3,963/sqft",4 BHK,4,Apartment,NOT_FURNISHED,nobroker.in,2026-02-25 15:44:56
"Vattepally,",Hyderabad,Independent House,₹58.00 L,1440 sqft,"₹4,028/sqft",4 BHK,2,Apartment,NOT_FURNISHED,nobroker.in,2026-02-25 15:44:56
Vattapally,Hyderabad,Independent House,₹26.00 L,600 sqft,"₹4,333/sqft",2 BHK,1,Apartment,Furnished,nobroker.in,2026-02-25 15:44:56
Vattepally,Hyderabad,Independent House,₹1.20 Cr,1468 sqft,"₹8,174/sqft",4 BHK,3,Apartment,Semi-Furnished,nobroker.in,2026-02-25 15:44:56
Vattepally,Hyderabad,Independent House,₹50.00 L,1800 sqft,"₹2,778/sqft",3 BHK,1,Apartment,NOT_FURNISHED,nobroker.in,2026-02-25 15:44:56
Nawab Saheb Kunta,Hyderabad,Standalone Building,₹1.50 Cr,4500 sqft,"₹3,333/sqft",4 BHK,9,Apartment,NOT_FURNISHED,nobroker.in,2026-02-25 15:44:56
Nawab Saheb Kunta,Hyderabad,Independent House,₹1.30 Cr,1350 sqft,"₹9,630/sqft",2 BHK,2,Apartment,NOT_FURNISHED,nobroker.in,2026-02-25 15:44:56
Nawab Saheb Kunta,Hyderabad,Independent House,₹44.00 L,900 sqft,"₹4,889/sqft",2 BHK,1,Apartment,Semi-Furnished,nobroker.in,2026-02-25 15:44:56
Nawab Saheb Kunta,Hyderabad,Independent House,₹40.00 L,800 sqft,"₹5,000/sqft",2 BHK,1,Apartment,NOT_FURNISHED,nobroker.in,2026-02-25 15:44:56
Katedan,Hyderabad,brundavan,₹99.00 L,1800 sqft,"₹5,500/sqft",3 BHK,3,Apartment,NOT_FURNISHED,nobroker.in,2026-02-25 15:44:56
Vattepally,Hyderabad,Independent House,₹50.00 L,900 sqft,"₹5,556/sqft",3 BHK,2,Apartment,Semi-Furnished,nobroker.in,2026-02-25 15:44:56
"Nawab Saheb Kunta,",Hyderabad,Independent House,₹1.06 Cr,1350 sqft,"₹7,819/sqft",4 BHK,3,Apartment,NOT_FURNISHED,nobroker.in,2026-02-25 15:44:56
Nawab Saheb Kunta,Hyderabad,Independent House,₹1.50 Cr,1413 sqft,"₹10,616/sqft",2 BHK,1,Apartment,NOT_FURNISHED,nobroker.in,2026-02-25 15:44:56
Tad Bun,Hyderabad,Independent House,₹1.00 Cr,900 sqft,"₹11,111/sqft",2 BHK,2,Apartment,Furnished,nobroker.in,2026-02-25 15:44:56
Nawab Saheb Kunta,Hyderabad,Independent House,₹32.00 L,756 sqft,"₹4,233/sqft",3 BHK,2,Apartment,NOT_FURNISHED,nobroker.in,2026-02-25 15:44:56
Meerpet,Hyderabad,NBR Complex,₹26.50 L,701 sqft,"₹3,780/sqft",2 BHK,2,Apartment,Semi-Furnished,nobroker.in,2026-02-25 15:44:56
Meerpet,Hyderabad,"Sri Venkateshwara Nilyam, Meerpet",₹30.00 L,540 sqft,"₹5,556/sqft",1 BHK,1,Apartment,NOT_FURNISHED,nobroker.in,2026-02-25 15:44:56
Shivrampally,Hyderabad,Independent House,₹2.50 Cr,3600 sqft,"₹6,944/sqft",3 BHK,1,Apartment,NOT_FURNISHED,nobroker.in,2026-02-25 15:44:56
Hasan Nagar,Hyderabad,Independent House,₹35.00 L,400 sqft,"₹8,750/sqft",1 BHK,2,Apartment,NOT_FURNISHED,nobroker.in,2026-02-25 15:44:56
Edi Bazaar,Hyderabad,Standalone building,₹80.00 L,3115 sqft,"₹2,568/sqft",4 BHK,8,Apartment,NOT_FURNISHED,nobroker.in,2026-02-25 15:46:06
Edi Bazaar,Hyderabad,Independent House,₹30.00 L,450 sqft,"₹6,667/sqft",1 BHK,1,Apartment,NOT_FURNISHED,nobroker.in,2026-02-25 15:46:06
Jyothi Bagh,Hyderabad,Independent House,₹70.00 L,900 sqft,"₹7,778/sqft",3 BHK,2,Apartment,NOT_FURNISHED,nobroker.in,2026-02-25 15:46:06
edi bazaar west,Hyderabad,Standalone Building,₹45.00 L,693 sqft,"₹6,494/sqft",2 BHK,2,Apartment,NOT_FURNISHED,nobroker.in,2026-02-25 15:46:06
Edi Bazaar,Hyderabad,Independent House,₹59.00 L,675 sqft,"₹8,741/sqft",2 BHK,3,Apartment,NOT_FURNISHED,nobroker.in,2026-02-25 15:46:06
New Baba Nagar,Hyderabad,Independent House,₹27.00 L,2300 sqft,"₹1,174/sqft",4 BHK,3,Apartment,NOT_FURNISHED,nobroker.in,2026-02-25 15:46:06
Edi Bazaar,Hyderabad,Independent House,₹60.00 L,1440 sqft,"₹4,167/sqft",4 BHK,2,Apartment,NOT_FURNISHED,nobroker.in,2026-02-25 15:46:06
"Moin Bagh, Hasnabad, Santosh Nagar",Hyderabad,Independent House,₹70.00 L,1500 sqft,"₹4,667/sqft",4 BHK,1,Apartment,NOT_FURNISHED,nobroker.in,2026-02-25 15:46:06
Santosh Nagar,Hyderabad,Independent House,₹90.00 L,1080 sqft,"₹8,333/sqft",2 BHK,2,Apartment,NOT_FURNISHED,nobroker.in,2026-02-25 15:46:06
Edi Bazaar,Hyderabad,Independent House,₹46.00 L,900 sqft,"₹5,111/sqft",3 BHK,1,Apartment,NOT_FURNISHED,nobroker.in,2026-02-25 15:46:06
Edi Bazaar,Hyderabad,Independent House,₹42.00 L,720 sqft,"₹5,833/sqft",2 BHK,1,Apartment,NOT_FURNISHED,nobroker.in,2026-02-25 15:46:06
Edi Bazaar,Hyderabad,Independent House,₹65.00 L,600 sqft,"₹10,833/sqft",2 BHK,1,Apartment,NOT_FURNISHED,nobroker.in,2026-02-25 15:46:06
Edi Bazaar,Hyderabad,Independent House,₹2.00 Cr,900 sqft,"₹22,222/sqft",3 BHK,1,Apartment,NOT_FURNISHED,nobroker.in,2026-02-25 15:46:06
"Edi Bazaar,",Hyderabad,Independent House,₹45.00 L,666 sqft,"₹6,757/sqft",2 BHK,1,Apartment,NOT_FURNISHED,nobroker.in,2026-02-25 15:46:06
Edi Bazar West,Hyderabad,Independent House,₹1.00 Cr,1620 sqft,"₹6,173/sqft",3 BHK,5,Apartment,NOT_FURNISHED,nobroker.in,2026-02-25 15:46:06
Moinabad,Hyderabad,standalone building,₹2.50 Cr,4347 sqft,"₹5,751/sqft",4 BHK,8,Apartment,NOT_FURNISHED,nobroker.in,2026-02-25 15:46:06
Santosh Nagar,Hyderabad,Independent House,₹50.00 L,1000 sqft,"₹5,000/sqft",4 BHK,2,Apartment,Semi-Furnished,nobroker.in,2026-02-25 15:46:06
Hasnabad,Hyderabad,Independent House,₹35.00 L,890 sqft,"₹3,933/sqft",2 BHK,1,Apartment,NOT_FURNISHED,nobroker.in,2026-02-25 15:46:06
rein bazaar,Hyderabad,Independent House,₹1.70 Cr,3240 sqft,"₹5,247/sqft",4 BHK,4,Apartment,NOT_FURNISHED,nobroker.in,2026-02-25 15:46:06
Edi Bazaar,Hyderabad,Independent House,₹75.00 L,2400 sqft,"₹3,125/sqft",4 BHK,3,Apartment,NOT_FURNISHED,nobroker.in,2026-02-25 15:46:06
Yakutpura,Hyderabad,Independent House,₹1.10 Cr,2700 sqft,"₹4,074/sqft",4 BHK,6,Apartment,NOT_FURNISHED,nobroker.in,2026-02-25 15:46:06
Edi Bazaar,Hyderabad,Independent House,₹56.00 L,540 sqft,"₹10,370/sqft",2 BHK,1,Apartment,NOT_FURNISHED,nobroker.in,2026-02-25 15:46:06
Edi Bazar West,Hyderabad,Independent House,₹45.00 L,700 sqft,"₹6,429/sqft",2 BHK,1,Apartment,Furnished,nobroker.in,2026-02-25 15:46:06
"Edi Bazaar,",Hyderabad,Independent House,₹2.75 Cr,2723 sqft,"₹10,081/sqft",3 BHK,3,Apartment,NOT_FURNISHED,nobroker.in,2026-02-25 15:46:06
Edi Bazaar,Hyderabad,Independent House,₹55.00 L,534 sqft,"₹10,300/sqft",2 BHK,1,Apartment,Semi-Furnished,nobroker.in,2026-02-25 15:46:06
Santosh Nagar,Hyderabad,Independent House,₹1.60 Cr,1386 sqft,"₹11,544/sqft",3 BHK,2,Apartment,NOT_FURNISHED,nobroker.in,2026-02-25 15:46:06
Santosh Nagar,Hyderabad,crsyta prime,₹47.00 L,1000 sqft,"₹4,700/sqft",2 BHK,2,Apartment,NOT_FURNISHED,nobroker.in,2026-02-25 15:46:08
Santosh Nagar,Hyderabad,Independent House,₹28.50 L,200 sqft,"₹14,250/sqft",1 RK,1,Apartment,NOT_FURNISHED,nobroker.in,2026-02-25 15:46:08
Santosh Nagar,Hyderabad,Independent House,₹1.35 Cr,2376 sqft,"₹5,682/sqft",4 BHK,7,Apartment,NOT_FURNISHED,nobroker.in,2026-02-25 15:46:08
"Ramachandra Nagar,",Hyderabad,Independent House,₹45.00 L,400 sqft,"₹11,250/sqft",1 BHK,2,Apartment,NOT_FURNISHED,nobroker.in,2026-02-25 15:46:08
"Santosh Nagar - Sayeedabad Road, Vinayak Nagar Colony",Hyderabad,SK appartment,₹60.00 L,1130 sqft,"₹5,310/sqft",3 BHK,3,Apartment,NOT_FURNISHED,nobroker.in,2026-02-25 15:46:08
Uppuguda,Hyderabad,Independent House,₹65.00 L,900 sqft,"₹7,222/sqft",3 BHK,2,Apartment,NOT_FURNISHED,nobroker.in,2026-02-25 15:46:08
Band Naka Road,Hyderabad,Independent House,₹42.00 L,4455 sqft,₹943/sqft,4 BHK,3,Apartment,NOT_FURNISHED,nobroker.in,2026-02-25 15:46:08
Lalitha Bagh,Hyderabad,Independent House,₹70.00 L,810 sqft,"₹8,642/sqft",1 BHK,2,Apartment,Semi-Furnished,nobroker.in,2026-02-25 15:46:08
Lalitha Bagh,Hyderabad,Independent House,₹95.00 L,750 sqft,"₹12,667/sqft",2 BHK,2,Apartment,Semi-Furnished,nobroker.in,2026-02-25 15:46:08
Santosh Nagar,Hyderabad,Sajeel Apartment,₹55.00 L,1105 sqft,"₹4,977/sqft",3 BHK,2,Apartment,NOT_FURNISHED,nobroker.in,2026-02-25 15:46:08
hasnabad,Hyderabad,Sajeel Apartment,₹60.00 L,1105 sqft,"₹5,430/sqft",3 BHK,2,Apartment,NOT_FURNISHED,nobroker.in,2026-02-25 15:46:08
Edi Bazar West,Hyderabad,Independent House,₹65.00 L,890 sqft,"₹7,303/sqft",3 BHK,2,Apartment,NOT_FURNISHED,nobroker.in,2026-02-25 15:46:08
Rein Bazaar,Hyderabad,Independent House,₹50.00 L,1800 sqft,"₹2,778/sqft",3 BHK,2,Apartment,NOT_FURNISHED,nobroker.in,2026-02-25 15:46:08
Santosh Nagar,Hyderabad,Independent House,₹1.80 Cr,4500 sqft,"₹4,000/sqft",4 BHK,10,Apartment,Semi-Furnished,nobroker.in,2026-02-25 15:46:08
Nehru Nagar,Hyderabad,standalone building,₹1.00 Cr,3600 sqft,"₹2,778/sqft",4 BHK,10,Apartment,Semi-Furnished,nobroker.in,2026-02-25 15:46:08
Bada Bazar,Hyderabad,Syed Ishaq Complex,₹32.00 L,1050 sqft,"₹3,048/sqft",2 BHK,2,Apartment,Semi-Furnished,nobroker.in,2026-02-25 15:46:08
", Santosh Nagar",Hyderabad,Independent House,₹85.00 L,2400 sqft,"₹3,542/sqft",4 BHK,4,Apartment,NOT_FURNISHED,nobroker.in,2026-02-25 15:46:08
Edi Bazaar,Hyderabad,Apartment,₹32.00 L,855 sqft,"₹3,743/sqft",2 BHK,2,Apartment,NOT_FURNISHED,nobroker.in,2026-02-25 15:46:08
"Moin Bagh,",Hyderabad,Independent House,₹1.90 Cr,3375 sqft,"₹5,630/sqft",4 BHK,9,Apartment,Semi-Furnished,nobroker.in,2026-02-25 15:46:08
Rein Bazaar,Hyderabad,Independent House,₹2.00 Cr,4725 sqft,"₹4,233/sqft",4 BHK,7,Apartment,Semi-Furnished,nobroker.in,2026-02-25 15:46:08
Madannapet,Hyderabad,Independent House,₹1.50 Cr,3080 sqft,"₹4,870/sqft",4 BHK,6,Apartment,NOT_FURNISHED,nobroker.in,2026-02-25 15:46:08
Edi Bazaar,Hyderabad,apartment,₹40.00 L,1334 sqft,"₹2,999/sqft",3 BHK,2,Apartment,NOT_FURNISHED,nobroker.in,2026-02-25 15:46:08
Santosh Nagar,Hyderabad,Independent House,₹85.00 L,1800 sqft,"₹4,722/sqft",4 BHK,2,Apartment,NOT_FURNISHED,nobroker.in,2026-02-25 15:46:08
Santosh Nagar,Hyderabad,Independent House,₹90.00 L,845 sqft,"₹10,651/sqft",4 BHK,3,Apartment,NOT_FURNISHED,nobroker.in,2026-02-25 15:46:08
Yakutpura,Hyderabad,Independent House,₹80.00 L,900 sqft,"₹8,889/sqft",3 BHK,3,Apartment,NOT_FURNISHED,nobroker.in,2026-02-25 15:46:08
